,timestamp,observed,predicted,threshold,norm_threshold,alertable,baseline,model_relative_error
0,1770877800,1650959583,1392718856,1330532300,1377172217,False,780822536,0.15641856388194816
1,1770879600,1898509375,1698244564,1566729694,1665365847,False,780822536,0.10548528947875224
2,1770881400,2193007291,1944612352,1759195042,1898258025,False,780822536,0.11326680947181585
3,1770883200,2470594479,2196254821,1991624711,2145097293,False,780822536,0.1110419618969771
4,1770885000,2741223541,2473414477,2310631227,2432718665,False,780822536,0.09769690796625184
5,1770886800,2848488333,2724300383,2576880913,2687445515,False,780822536,0.04359784400773953
6,1770888600,2882261250,2829180560,2693315390,2795214268,False,780822536,0.01841633543801763
7,1770890400,2949372291,2860356362,2643734552,2806200909,False,780822536,0.030181313248121244
8,1770892200,2996004583,2907020601,2670512861,2847893666,False,780822536,0.02970088313780126
9,1770894000,2957651666,2934929424,2667943444,2868182929,False,780822536,0.007682528088485184
10,1770895800,2709397083,2902047309,2738209549,2861087869,True,780822536,0.071104463501779
11,1770897600,2681997187,2661022590,2478799690,2615466865,False,780822536,0.007820514168197746
12,1770899400,2682728958,2660204821,2598018265,2644658182,False,780822536,0.008395979374968972
13,1770901200,2729508437,2633171807,2501656937,2600293090,False,780822536,0.03529449797410537
14,1770903000,2669443125,2639770431,2454353121,2593416103,False,780822536,0.011115686909418608
15,1770904800,2575787291,2596296173,2391666063,2545138646,False,780822536,0.007962179979557947
16,1770906600,2510130000,2520767332,2357984082,2480071520,False,780822536,0.004237761390844299
17,1770908400,2493133749,2464798700,2317379230,2427943832,False,780822536,0.011365234220332237
18,1770910200,2500144270,2465845483,2329980313,2431879191,False,780822536,0.013718723119926196
19,1770912000,2543879583,2478871434,2262249624,2424715981,False,780822536,0.025554727289149363
20,1770913800,2608287708,2523831029,2287323289,2464704094,False,780822536,0.032380123841767534
21,1770915600,2672245312,2625264272,2358278292,2558517777,False,780822536,0.017581110457571644
22,1770917400,2731972708,2703018555,2539180795,2662059115,False,780822536,0.0105982585093965
23,1770919200,2837382916,2815158985,2632936085,2769603260,False,780822536,0.007832545573838227
24,1770921000,2847045833,2916750679,2854564123,2901204040,True,780822536,0.0244832187778833
25,1770922800,2888781458,2905130633,2773615763,2872251916,False,780822536,0.005659540272499215
26,1770924600,2990439895,2959010387,2773593077,2912656059,False,780822536,0.010509994884882981
27,1770926400,3240009791,3081587172,2876957062,3030429645,False,780822536,0.04889572230308115
28,1770928200,3285642708,3295395728,3132612478,3254699915,False,780822536,0.002968375099414492
29,1770930000,3163423958,3346181680,3198762210,3309326813,True,780822536,0.05777212426359199
30,1770931800,3044351770,3265379716,3129514546,3231413423,True,780822536,0.07260263028014007
31,1770933600,2826661875,3117454625,2900832815,3063299173,True,780822536,0.10287496802213035
32,1770935400,2541814583,2910049432,2673541692,2850922497,True,780822536,0.14487085386275006
33,1770937200,2203530520,2594215904,2327229924,2527469409,True,780822536,0.1772997380585407
34,1770939000,1857988437,2218352065,2054514305,2177392625,True,780822536,0.19395364407211324
35,1770940800,1524957708,1841396142,1659173242,1795840417,True,780822536,0.20750636712083823
36,1770942600,1287822708,1483934899,1421748343,1468388260,True,780822536,0.15228197932971999
37,1770944400,1109728437,1278161346,1146646476,1245282628,True,780822536,0.15177849227270004
38,1770946200,981827916,1114908733,929491423,1068554405,False,780822536,0.13554393273128323
39,1770948000,907799687,986708365,782078255,935550837,False,780822536,0.08692300639667438
40,1770949800,850272083,894928831,732145581,854233019,False,780822536,0.052520538887315206
41,1770951600,827427458,848948986,701529516,812094118,False,780822536,0.026010168978462884
42,1770953400,822872395,822149347,686284177,788183055,False,780822536,0.0008786878796681471
43,1770955200,833137604,823659126,607037316,769503674,False,780822536,0.011376845738918298
44,1770957000,882956562,832674551,596166811,773547616,False,780822536,0.056947321265845015
45,1770958800,970788541,877804600,610818620,811058105,False,780822536,0.09578186914342657
46,1770960600,1151924062,949231942,785394182,908272502,False,780822536,0.17595961981042463
47,1770962400,1386566666,1147963449,965740549,1102407724,False,780822536,0.17208203748928147
48,1770964200,1679884583,1428012689,1365826133,1412466050,False,780822536,0.14993404698684587
49,1770966000,1955041041,1731061803,1599546933,1698183086,False,780822536,0.11456498012207203
50,1770967800,2252410416,1974558416,1789141106,1928204089,False,780822536,0.12335762524728086
51,1770969600,2530719791,2239742781,2035112671,2188585254,False,780822536,0.1149779643857853
52,1770971400,2790784062,2509324751,2346541501,2468628938,False,780822536,0.10085313114418955
53,1770973200,2878813541,2761695053,2614275583,2724840185,False,780822536,0.04068290159539721
54,1770975000,2870766875,2831416397,2695551227,2797450104,False,780822536,0.01370730529973807
55,1770976800,2938639166,2844002116,2627380306,2789846663,False,780822536,0.03220437918848591
56,1770978600,2998001562,2877504710,2640996970,2818377775,False,780822536,0.04019239133405095
57,1770980400,2990763750,2918080949,2651094969,2851334454,False,780822536,0.024302421413259407
58,1770982200,2739146354,2918797397,2754959637,2877837957,True,780822536,0.06558650754007866
59,1770984000,2701096354,2674966241,2492743341,2629410516,False,780822536,0.009673891477919487
60,1770985800,2715781145,2699044843,2636858287,2683498204,False,780822536,0.006162610720975456
61,1770987600,2766341145,2688834886,2557320016,2655956169,False,780822536,0.028017606989683117
62,1770989400,2753632291,2698375371,2512958061,2652021043,False,780822536,0.020066920402045794
63,1770991200,2670902187,2657342577,2452712467,2606185049,False,780822536,0.0050767901819835535
64,1770993000,2646429583,2588835095,2426051845,2548139282,False,780822536,0.021763091060488647
65,1770994800,2603903125,2511203863,2363784393,2474348995,False,780822536,0.035600119340077216
66,1770996600,2611141979,2507425027,2371559857,2473458734,False,780822536,0.03972091630180941
67,1770998400,2621320833,2508989108,2292367298,2454833655,False,780822536,0.04285310046212111
68,1771000200,2691025520,2521686209,2285178469,2462559274,False,780822536,0.06292742664142405
69,1771002000,2737132916,2615996644,2349010664,2549250149,False,780822536,0.04425662754332972
70,1771003800,2823894791,2692798433,2528960673,2651838993,False,780822536,0.04642395262664019
71,1771005600,2909652812,2767250326,2585027426,2721694601,False,780822536,0.04894140132895003
72,1771007400,2942714583,2945314348,2883127792,2929767709,False,780822536,0.000883458088330682
73,1771009200,2978750312,2881000152,2749485282,2848121435,False,780822536,0.03281582870716288
74,1771011000,3088052708,2902810660,2717393350,2856456332,False,780822536,0.05998668595264146
75,1771012800,3380141250,3026226597,2821596487,2975069070,False,780822536,0.10470410164072286
76,1771014600,3406824270,3211772223,3048988973,3171076410,False,780822536,0.05725333376235458
77,1771016400,3390944375,3280132118,3132712648,3243277251,False,780822536,0.03267887784210556
78,1771018200,3317961250,3230280868,3094415698,3196314575,False,780822536,0.0264259813160868
79,1771020000,3129990104,3148590660,2931968850,3094435208,False,780822536,0.0059426884373305995
80,1771021800,2928230208,3024863056,2788355316,2965736121,False,780822536,0.03300042726695346
81,1771023600,2586956458,2731789618,2464803638,2665043123,False,780822536,0.05598592877437599
82,1771025400,2246237395,2399376910,2235539150,2358417470,False,780822536,0.06817601529601461
83,1771027200,1866709166,2103015972,1920793072,2057460247,True,780822536,0.12659004964675896
84,1771029000,1576737187,1800349844,1738163288,1784803205,True,780822536,0.1418198662679223
85,1771030800,1360378437,1545943462,1414428592,1513064744,True,780822536,0.13640691439451272
86,1771032600,1190143541,1313263650,1127846340,1266909322,False,780822536,0.10344979807775977
87,1771034400,1069948750,1155021036,950390926,1103863509,False,780822536,0.07951061768145437
88,1771036200,991974270,1029449777,866666527,988753964,False,780822536,0.03777870871590248
89,1771038000,931981458,957649768,810230298,920794900,False,780822536,0.027541653087265604
90,1771039800,916231041,896708508,760843338,862742216,False,780822536,0.021307434616810804
91,1771041600,905838854,874061624,657439814,819906172,False,780822536,0.03508044489334744
92,1771043400,919401250,869628594,633120854,810501659,False,780822536,0.05413594554064398
93,1771045200,969999375,891268377,624282397,824521882,False,780822536,0.08116602961728712
94,1771047000,1084995625,921367846,757530086,880408406,False,780822536,0.1508096210065363
95,1771048800,1234115416,1024503775,842280875,978948050,False,780822536,0.16984768059975355
96,1771050600,1468896562,1155535043,1093348487,1139988404,False,780822536,0.21333123591312483
97,1771052400,1758225520,1378738989,1247224119,1345860272,False,780822536,0.21583495785000323
98,1771054200,2119386979,1708691905,1523274595,1662337577,False,780822536,0.19378012513494827
99,1771056000,2423100833,2059891867,1855261757,2008734339,False,780822536,0.14989428465109195
100,1771057800,2680786458,2383500579,2220717329,2342804767,False,780822536,0.11089502414966318
101,1771059600,2827723437,2657082208,2509662738,2620227340,False,780822536,0.060345798590910785
102,1771061400,2910996666,2770910399,2635045229,2736944106,False,780822536,0.04812312863019954
103,1771063200,2976406250,2846751402,2630129592,2792595950,False,780822536,0.043560870764869544
104,1771065000,3039330625,2892945323,2656437583,2833818388,False,780822536,0.04816366498462141
105,1771066800,3062106770,2946731119,2679745139,2879984624,False,780822536,0.03767851994266026
106,1771068600,2989147500,2960765455,2796927695,2919806015,False,780822536,0.009495029937465448
107,1771070400,2969943437,2898587917,2716365017,2853032192,False,780822536,0.02402588517715262
108,1771072200,2977776562,2941881420,2879694864,2926334781,False,780822536,0.01205434365293389
109,1771074000,2979005729,2926711221,2795196351,2893832504,False,780822536,0.017554349590846324
110,1771075800,2886394791,2871961243,2686543933,2825606915,False,780822536,0.0050005453325390236
111,1771077600,2844128854,2781125911,2576495801,2729968384,False,780822536,0.02215192989986803
112,1771079400,2718378125,2685015789,2522232539,2644319977,False,780822536,0.01227288275062911
113,1771081200,2708502812,2636251292,2488831822,2599396425,False,780822536,0.026675815022192417
114,1771083000,2698675833,2587222628,2451357458,2553256336,False,780822536,0.04129921928270367
115,1771084800,2735038750,2547257714,2330635904,2493102261,False,780822536,0.06865754132368326
116,1771086600,2848454895,2582594780,2346087040,2523467845,False,780822536,0.09333485163015018
117,1771088400,2932852083,2687137678,2420151698,2620391183,False,780822536,0.08378001960080439
118,1771090200,3046752395,2781765994,2617928234,2740806554,False,780822536,0.0869733954865735
119,1771092000,3154412916,2930165871,2747942971,2884610146,False,780822536,0.07108994636135328
120,1771093800,3143021041,3047197860,2985011304,3031651221,False,780822536,0.03048760404400996
121,1771095600,3129614375,3082975114,2951460244,3050096397,False,780822536,0.014902558402263217
122,1771097400,3147611250,3080882756,2895465446,3034528429,False,780822536,0.02119972534727724
123,1771099200,3352990937,3103688062,2899057952,3052530535,False,780822536,0.07435238558176872
124,1771101000,3361141666,3338588681,3175805431,3297892868,False,780822536,0.006709918010340717
125,1771102800,3326480208,3338262215,3190842745,3301407348,False,780822536,0.0035418839924749672
126,1771104600,3244130625,3311132104,3175266934,3277165812,False,780822536,0.020653138466025855
127,1771106400,3141771354,3230908765,3014286955,3176753312,False,780822536,0.028371705307744046
128,1771108200,2906285729,3175873028,2939365288,3116746093,True,780822536,0.09276008078282107
129,1771110000,2620315729,2925004480,2658018500,2858257985,True,780822536,0.11627940390079611
130,1771111800,2291556041,2675450203,2511612443,2634490763,True,780822536,0.1675255394725038
131,1771113600,1935307604,2343954676,2161731776,2298398951,True,780822536,0.21115355055464352
132,1771115400,1675179375,1951036901,1888850345,1935490262,True,780822536,0.16467342549510555
133,1771117200,1452841666,1680391628,1548876758,1647512911,True,780822536,0.15662406119346525
134,1771119000,1285439375,1469613851,1284196541,1423259523,False,780822536,0.14327745017146373
135,1771120800,1143521666,1276069840,1071439730,1224912312,False,780822536,0.11591225417149202
136,1771122600,1042819479,1122257860,959474610,1081562048,False,780822536,0.07617654119404879
137,1771124400,966564166,1016480778,869061308,979625910,False,780822536,0.051643350494332316
138,1771126200,927090208,945176662,809311492,911210370,False,780822536,0.01950883942460969
139,1771128000,906936250,908236194,691614384,854080741,False,780822536,0.0014333355845022183
140,1771129800,913893645,885585412,649077672,826458477,False,780822536,0.030975412899386122
141,1771131600,931988333,895332027,628346047,828585532,False,780822536,0.03933129278776068
142,1771133400,1024353333,929890100,766052340,888930660,False,780822536,0.0922174311898295
143,1771135200,1136931979,1009570047,827347147,964014322,False,780822536,0.11202247307004459
144,1771137000,1322323645,1212460621,1150274065,1196913982,False,780822536,0.08308330900337187
145,1771138800,1576608125,1349449048,1217934178,1316570330,False,780822536,0.14408087425021993
146,1771140600,1928540416,1577574299,1392156989,1531219972,False,780822536,0.18198535746942832
147,1771142400,2263483854,1934646176,1730016066,1883488648,False,780822536,0.14527944496660855
148,1771144200,2561330833,2267806596,2105023346,2227110783,False,780822536,0.11459833037507498
149,1771146000,2767568750,2562439307,2415019837,2525584439,False,780822536,0.07411900535442886
150,1771147800,2927565000,2778210142,2642344972,2744243849,False,780822536,0.05101675214726231
151,1771149600,3051134375,2910277749,2693655939,2856122296,False,780822536,0.04616533023066216
152,1771151400,3134977604,2993418271,2756910531,2934291336,False,780822536,0.04515481476466714
153,1771153200,3173665416,3054368795,2787382815,2987622300,False,780822536,0.03758953933787959
154,1771155000,3096096875,3072416714,2908578954,3031457274,False,780822536,0.007648391492917999
155,1771156800,3038721041,2988097029,2805874129,2942541304,False,780822536,0.01665964440860302
156,1771158600,3019090520,2978879754,2916693198,2963333115,False,780822536,0.013318834176591698
157,1771160400,3030918020,2945248185,2813733315,2912369468,False,780822536,0.028265309201599587
158,1771162200,2931376250,2924083596,2738666286,2877729268,False,780822536,0.0024877918690922054
159,1771164000,2900756354,2866365735,2661735625,2815208208,False,780822536,0.011855742021413495
160,1771165800,2912369166,2800212146,2637428896,2759516333,False,780822536,0.038510578023335656
161,1771167600,2947647604,2772832931,2625413461,2735978064,False,780822536,0.05930650351920426
162,1771169400,2877067708,2771164133,2635298963,2737197840,False,780822536,0.03680955255433287
163,1771171200,2948577187,2744067314,2527445504,2689911862,False,780822536,0.06935883310149207
164,1771173000,3062843437,2802526954,2566019214,2743400019,False,780822536,0.08499176936545451
165,1771174800,3125007291,2914841802,2647855822,2848095307,False,780822536,0.06725279957114827
166,1771176600,3246949166,3037329463,2873491703,2996370023,False,780822536,0.06455897283363875
167,1771178400,3324979166,3216668894,3034445994,3171113169,False,780822536,0.03257472200353631
168,1771180200,3301918125,3320922686,3258736130,3305376047,False,780822536,0.0057556124290634855
169,1771182000,3361235833,3304043703,3172528833,3271164985,False,780822536,0.017015208941454838
170,1771183800,3383721875,3313549463,3128132153,3267195136,False,780822536,0.020738232807624
171,1771185600,3585697916,3382803140,3178173030,3331645612,False,780822536,0.05658445880079542
172,1771187400,3683214166,3622276295,3459493045,3581580482,False,780822536,0.01654475364547672
173,1771189200,3535149479,3639881742,3492462272,3603026875,False,780822536,0.029625978652994888
174,1771191000,3442056250,3463530002,3327664832,3429563709,False,780822536,0.006238640638135998
175,1771192800,3231783333,3313474616,3096852806,3259319163,False,780822536,0.02527746280694121
176,1771194600,2883878750,3183382979,2946875239,3124256044,True,780822536,0.10385465373674257
177,1771196400,2478649791,2738761134,2471775154,2672014639,False,780822536,0.10494073989172116
178,1771198200,2089236979,2322885436,2159047676,2281925996,True,780822536,0.11183434878308268
179,1771200000,1705160416,1922814946,1740592046,1877259221,True,780822536,0.12764460631251248
180,1771201800,1427916979,1626153398,1563966842,1610606759,True,780822536,0.13882909294826726
181,1771203600,1243419270,1334689778,1203174908,1301811061,False,780822536,0.07340284182663503
182,1771205400,1087466562,1153203665,967786355,1106849338,False,780822536,0.06044976948909626
183,1771207200,977990833,1009740941,805110831,958583414,False,780822536,0.03246462740617529
184,1771209000,931361250,907567332,744784082,866871520,False,780822536,0.025547463994234246
185,1771210800,885445520,849825182,702405712,812970314,False,780822536,0.04022871785493928
186,1771212600,857169427,820246729,684381559,786280436,False,780822536,0.04307514574945287
187,1771214400,847233958,812689067,596067257,758533614,False,780822536,0.040773732773350425
188,1771216200,881587864,819270864,582763124,760143929,False,780822536,0.07068722534047951
189,1771218000,946836979,867047724,600061744,800301229,False,780822536,0.08426926363212943
190,1771219800,1108421354,945595417,781757657,904635977,False,780822536,0.14689895355444407
191,1771221600,1307660000,1143119673,960896773,1097563948,False,780822536,0.12582806463453802
192,1771223400,1569259791,1474164928,1411978372,1458618289,False,780822536,0.06059854687247256
193,1771225200,1855715520,1686703486,1555188616,1653824769,False,780822536,0.09107647814466735
194,1771227000,2207716354,1924690225,1739272915,1878335898,False,780822536,0.1281985923994292
195,1771228800,2550182916,2216990988,2012360878,2165833461,False,780822536,0.1306541291252223
196,1771230600,2891888020,2512995814,2350212564,2472300002,False,780822536,0.13101897562409764
197,1771232400,3039850208,2792917515,2645498045,2756062648,False,780822536,0.08123186213259624
198,1771234200,3119840208,2895046509,2759181339,2861080216,False,780822536,0.07205295271968622
199,1771236000,3195782708,2911295605,2694673795,2857140152,False,780822536,0.08901953887160216
200,1771237800,3263216250,2988613452,2752105712,2929486517,False,780822536,0.08415096547769398
201,1771239600,3260015833,3030482757,2763496777,2963736262,False,780822536,0.07040857706165625
202,1771241400,2994266979,3051353312,2887515552,3010393872,False,780822536,0.019065211419145134
203,1771243200,2913757187,2793839804,2611616904,2748284079,False,780822536,0.041155585487707286
204,1771245000,2948757395,2751923516,2689736960,2736376877,False,780822536,0.0667514660018343
205,1771246800,2997853749,2812433615,2680918745,2779554897,False,780822536,0.061850960561985704
206,1771248600,2957621979,2770951067,2585533757,2724596740,False,780822536,0.0631152031346194
207,1771250400,2870321875,2731062407,2526432297,2679904879,False,780822536,0.04851702145774157
208,1771252200,2801461041,2653096977,2490313727,2612401164,False,780822536,0.052959531411880874
209,1771254000,2775401875,2586176026,2438756556,2549321158,False,780822536,0.06817962137465228
210,1771255800,2759582291,2579242262,2443377092,2545275969,False,780822536,0.06535048061011056
211,1771257600,2785127916,2590627143,2374005333,2536471691,False,780822536,0.06983549009818621
212,1771259400,2805528125,2637237338,2400729598,2578110403,False,780822536,0.0599854214614227
213,1771261200,2839506041,2703964512,2436978532,2637218017,False,780822536,0.04773419286414542
214,1771263000,2904796875,2760764394,2596926634,2719804954,False,780822536,0.04958435553260501
215,1771264800,2993929375,2877056255,2694833355,2831500530,False,780822536,0.03903669905373102
216,1771266600,3010276562,3007857494,2945670938,2992310855,False,780822536,0.0008036032404918947
217,1771268400,3056992500,2936966573,2805451703,2904087856,False,780822536,0.0392627482730167
218,1771270200,3178218020,2973792826,2788375516,2927438498,False,780822536,0.06432069565825443
219,1771272000,3436238541,3078544092,2873913982,3027386565,False,780822536,0.1040947666269715
220,1771273800,3475910833,3322440464,3159657214,3281744651,False,780822536,0.04415256212644048
221,1771275600,3339111458,3396866002,3249446532,3360011134,False,780822536,0.017296381006279067
222,1771277400,3239513437,3299408935,3163543765,3265442643,False,780822536,0.018489041383778645
223,1771279200,3026200520,3193538536,2976916726,3139383084,False,780822536,0.055296407126385665
224,1771281000,2760680937,2941874908,2705367168,2882747973,False,780822536,0.06563379656502479
225,1771282800,2370118125,2609129196,2342143216,2542382701,False,780822536,0.100843526944464
226,1771284600,2024118854,2201812754,2037974994,2160853314,True,780822536,0.08778827372159836
227,1771286400,1644836250,1825575688,1643352788,1780019963,False,780822536,0.10988293697928897
228,1771288200,1397077083,1441084945,1378898389,1425538306,False,780822536,0.03149995267655536
229,1771290000,1208512083,1209621888,1078107018,1176743170,False,780822536,0.0009183234620584261
230,1771291800,1063158645,1122070622,936653312,1075716295,False,780822536,0.05541221649004227
231,1771293600,973998645,997305258,792675148,946147730,False,780822536,0.02392879406931824
232,1771295400,901479895,921274268,758491018,880578455,False,780822536,0.021957642216746277
233,1771297200,871709375,861970570,714551100,825115702,False,780822536,0.011172077849914142
234,1771299000,863353645,828123122,692257952,794156829,False,780822536,0.040806595540579436
235,1771300800,865145104,826092757,609470947,771937304,False,780822536,0.04513964977602185
236,1771302600,911241979,831258684,594750944,772131749,False,780822536,0.08777393584059191
237,1771304400,988621979,881983798,614997818,815237303,False,780822536,0.10786547665859653
238,1771306200,1149024687,960279684,796441924,919320244,False,780822536,0.16426540276762566
239,1771308000,1360263437,1155660673,973437773,1110104948,False,780822536,0.15041407306458388
240,1771309800,1631552916,1412502040,1350315484,1396955401,False,780822536,0.134259130581579
241,1771311600,1909775000,1718502897,1586988027,1685624180,False,780822536,0.10015426058043486
242,1771313400,2242432395,1951562843,1766145533,1905208515,False,780822536,0.12971162593287455
243,1771315200,2533967916,2231649091,2027018981,2180491564,False,780822536,0.11930649282932752
244,1771317000,2824932708,2527063985,2364280735,2486368172,False,780822536,0.10544276759459008
245,1771318800,2940140729,2773325129,2625905659,2736470262,False,780822536,0.05673728415603334
246,1771320600,2987075000,2840795232,2704930062,2806828939,False,780822536,0.048970905651850055
247,1771322400,3043801145,2868472625,2651850815,2814317173,False,780822536,0.05760183127863302
248,1771324200,3092619791,2914223561,2677715821,2855096626,False,780822536,0.05768450118542231
249,1771326000,3096768229,3001037726,2734051746,2934291231,False,780822536,0.030913034467197772
250,1771327800,2869805729,3008819287,2844981527,2967859847,False,780822536,0.04844005871032952
251,1771329600,2814945625,2732315951,2550093051,2686760226,False,780822536,0.029353914784766046
252,1771331400,2814467916,2746677194,2684490638,2731130555,False,780822536,0.02408651440459341
253,1771333200,2851381666,2791713039,2660198169,2758834321,False,780822536,0.02092621542443487
254,1771335000,2785895104,2747435152,2562017842,2701080824,False,780822536,0.013805240529257199
255,1771336800,2678447812,2675930783,2471300673,2624773255,False,780822536,0.0009397341955752095
256,1771338600,2595041979,2603427351,2440644101,2562731539,False,780822536,0.0032313049530055407
257,1771340400,2578924270,2554794753,2407375283,2517939885,False,780822536,0.009356427127656603
258,1771342200,2582557395,2526841531,2390976361,2492875238,False,780822536,0.02157391123537837
259,1771344000,2615921666,2527104453,2310482643,2472949001,False,780822536,0.033952550703022465
260,1771345800,2649515520,2568451542,2331943802,2509324607,False,780822536,0.030595773977576096
261,1771347600,2704152291,2645030507,2378044527,2578284012,False,780822536,0.021863333731894467
262,1771349400,2800606458,2725268637,2561430877,2684309197,False,780822536,0.026900538197644906
263,1771351200,2896115208,2836211873,2653988973,2790656148,False,780822536,0.020684030398558647
264,1771353000,2900321250,2945196896,2883010340,2929650257,False,780822536,0.015472646693879169
265,1771354800,2927659166,2895644274,2764129404,2862765556,False,780822536,0.010935320740816044
266,1771356600,3028309166,2950246952,2764829642,2903892624,False,780822536,0.02577749157068727
267,1771358400,3257406250,3057520732,2852890622,3006363205,False,780822536,0.06136339856289034
268,1771360200,3384687916,3260348055,3097564805,3219652242,False,780822536,0.03673598987139232
269,1771362000,3328164583,3310110168,3162690698,3273255300,False,780822536,0.005424736232162471
270,1771363800,3247564791,3213783428,3077918258,3179817136,False,780822536,0.01040205975062254
271,1771365600,3078784375,3142936375,2926314565,3088780922,False,780822536,0.020836795366677797
272,1771367400,2723129166,2971734322,2735226582,2912607387,True,780822536,0.09129392725985734
273,1771369200,2348913958,2624175395,2357189415,2557428900,True,780822536,0.11718668368524378
274,1771371000,1952040625,2197466988,2033629228,2156507548,True,780822536,0.12572810209828497
275,1771372800,1600801145,1846039935,1663817035,1800484210,True,780822536,0.1531975353503386
276,1771374600,1362962187,1532731111,1470544555,1517184472,True,780822536,0.12455879232693635
277,1771376400,1176165833,1318123188,1186608318,1285244471,True,780822536,0.12069501682251299
278,1771378200,1001019270,1140739484,955322174,1094385157,False,780822536,0.13957794638658655
279,1771380000,884043229,1008264514,803634404,957106987,False,780822536,0.140514944207553
280,1771381800,849604479,920177409,757394159,879481597,False,780822536,0.08306562847110414
281,1771383600,833441041,879633013,732213543,842778145,False,780822536,0.05542320299535141
282,1771385400,827647552,862276012,726410842,828309719,False,780822536,0.04183962112413763
283,1771387200,828364270,847237865,630616055,793082412,False,780822536,0.02278417319955145
284,1771389000,880682708,844700259,608192519,785573324,False,780822536,0.04085744919610707
285,1771390800,983623541,901808862,634822882,835062367,False,780822536,0.08317682079550798
286,1771392600,1180197812,997476028,833638268,956516588,False,780822536,0.15482301538108598
287,1771394400,1374186770,1192323714,1010100814,1146767989,False,780822536,0.1323423132650302
288,1771396200,1609903958,1537121789,1474935233,1521575150,False,780822536,0.04520901302113576
289,1771398000,1875231875,1790972933,1659458063,1758094216,False,780822536,0.04493254574184326
290,1771399800,2217500625,1973340790,1787923480,1926986462,False,780822536,0.11010586975595554
291,1771401600,2512843437,2283860771,2079230661,2232703244,False,780822536,0.09112492351428578
292,1771403400,2805968125,2526058043,2363274793,2485362231,False,780822536,0.09975526076227256
293,1771405200,2940256250,2807030837,2659611367,2770175969,False,780822536,0.04531081704188198
294,1771407000,2996151666,2901229568,2765364398,2867263276,False,780822536,0.03168133945860136
295,1771408800,3018866354,2930682675,2714060865,2876527222,False,780822536,0.02921085886533419
296,1771410600,3091323541,2971799739,2735291999,2912672804,False,780822536,0.03866428098345724
297,1771412400,3073924583,3036007012,2769021032,2969260517,False,780822536,0.012335231387815736
298,1771414200,2807989166,3015575952,2851738192,2974616512,True,780822536,0.07392720332169543
299,1771416000,2759733958,2775154683,2592931783,2729598958,False,780822536,0.005587757818212128
300,1771417800,2790790416,2740595081,2678408525,2725048442,False,780822536,0.01798606398826045
301,1771419600,2836178749,2778156174,2646641304,2745277457,False,780822536,0.02045801063154359
302,1771421400,2770999687,2831316124,2645898814,2784961797,False,780822536,0.021767031329152222
303,1771423200,2678362916,2779792696,2575162586,2728635168,False,780822536,0.0378700658503293
304,1771425000,2593328333,2686068226,2523284976,2645372414,False,780822536,0.03576095314268099
305,1771426800,2572502500,2608727715,2461308245,2571872847,False,780822536,0.014081702544506759
306,1771428600,2608153645,2588641162,2452775992,2554674869,False,780822536,0.0074813395435528495
307,1771430400,2621835312,2611404192,2394782382,2557248740,False,780822536,0.003978556529564356
308,1771432200,2639132187,2641574618,2405066878,2582447683,False,780822536,0.0009254674745096426
309,1771434000,2681057499,2687348377,2420362397,2620601882,False,780822536,0.0023464166666870875
310,1771435800,2726119583,2746512137,2582674377,2705552697,False,780822536,0.007480432673301405
311,1771437600,2794122916,2842255271,2660032371,2796699546,False,780822536,0.01722628404225865
312,1771439400,2812269166,2907023667,2844837111,2891477028,True,780822536,0.03369325459510443
313,1771441200,2863509062,2914604248,2783089378,2881725531,False,780822536,0.01784355659217397
314,1771443000,2946196562,2967772299,2782354989,2921417971,False,780822536,0.007323251027539553
315,1771444800,3187712812,3061962628,2857332518,3010805101,False,780822536,0.03944840436272024
316,1771446600,3223398750,3280021083,3117237833,3239325271,False,780822536,0.017566034298424914
317,1771448400,3112350000,3360457976,3213038506,3323603109,True,780822536,0.07971724773884685
318,1771450200,3023632812,3265929035,3130063865,3231962743,True,780822536,0.08013414262419374
319,1771452000,2848903333,3154980615,2938358805,3100825162,True,780822536,0.10743687876474536
320,1771453800,2563179375,2942963237,2706455497,2883836302,True,780822536,0.1481690535216639
321,1771455600,2246403645,2668830442,2401844462,2602083947,True,780822536,0.1880458117757372
322,1771457400,1892612812,2347352230,2183514470,2306392790,True,780822536,0.24027070677993487
323,1771459200,1543534062,1908256623,1726033723,1862700898,True,780822536,0.2362905814513862
324,1771461000,1310838333,1510740187,1448553631,1495193548,True,780822536,0.15249924339830853
325,1771462800,1134601354,1302842638,1171327768,1269963921,True,780822536,0.1482822873486541
326,1771464600,1000204583,1145791449,960374139,1099437121,False,780822536,0.14555708749436913
327,1771466400,925282395,1008187037,803556927,957029510,False,780822536,0.08959928606444523
328,1771468200,869958697,916893564,754110314,876197751,False,780822536,0.05395068428173895
329,1771470000,849371562,880295714,732876244,843440846,False,780822536,0.03640827334409861
330,1771471800,843109791,836920385,701055215,802954093,False,780822536,0.007341162522450175
331,1771473600,844612916,832923765,616301955,778768313,False,780822536,0.013839654566684368
332,1771475400,897195729,848868417,612360677,789741482,False,780822536,0.05386484848057051
333,1771477200,1012484583,899868380,632882400,833121885,False,780822536,0.11122757313135305
334,1771479000,1203676562,988110322,824272562,947150882,False,780822536,0.17908983759044067
335,1771480800,1379222604,1165894661,983671761,1120338936,False,780822536,0.15467259772375366
336,1771482600,1619050312,1482207260,1420020704,1466660621,False,780822536,0.0845205680056717
337,1771484400,1883837812,1783209802,1651694932,1750331084,False,780822536,0.05341649337273203
338,1771486200,2201958645,2029892580,1844475270,1983538252,False,780822536,0.07814227818978862
339,1771488000,2506573645,2286759206,2082129096,2235601679,False,780822536,0.08769518479477989
340,1771489800,2817415416,2562647958,2399864708,2521952145,False,780822536,0.09042594732505006
341,1771491600,2967099791,2884195214,2736775744,2847340347,False,780822536,0.027941283691054662
342,1771493400,3029146145,2918003345,2782138175,2884037053,False,780822536,0.0366911316522168
343,1771495200,3077444270,2985149600,2768527790,2930994147,False,780822536,0.02999068769489041
344,1771497000,3139340625,3031817106,2795309366,2972690171,False,780822536,0.03425035121825941
345,1771498800,3116230208,2993499403,2726513423,2926752908,False,780822536,0.03938438331190197
346,1771500600,2854676041,2899400215,2735562455,2858440775,False,780822536,0.015666987552231323
347,1771502400,2828419583,2717915351,2535692451,2672359626,False,780822536,0.039069250073142346
348,1771504200,2803484375,2769514366,2707327810,2753967727,False,780822536,0.012117067354798438
349,1771506000,2848286666,2834999602,2703484732,2802120885,False,780822536,0.004664932135731875
350,1771507800,2847391145,2708710848,2523293538,2662356520,False,780822536,0.04870433668501136
351,1771509600,2747951354,2615093854,2410463744,2563936327,False,780822536,0.04834783549083162
352,1771511400,2652114062,2549475404,2386692154,2508779591,False,780822536,0.03870069521919378
353,1771513200,2647404895,2532517993,2385098523,2495663126,False,780822536,0.0433960450163782
354,1771515000,2639789375,2539567355,2403702185,2505601062,False,780822536,0.03796591536777437
355,1771516800,2675594791,2583341508,2366719698,2529186056,False,780822536,0.0344795420107394
356,1771518600,2707997604,2647788474,2411280734,2588661539,False,780822536,0.022233819524457746
357,1771520400,2729658437,2711784918,2444798938,2645038423,False,780822536,0.006547895794480311
358,1771522200,2793985416,2771551155,2607713395,2730591715,False,780822536,0.008029483930563222
359,1771524000,2838555000,2877000203,2694777303,2831444478,False,780822536,0.013543934501885643
360,1771525800,2870958333,2922532320,2860345764,2906985681,False,780822536,0.017964031872976682
361,1771527600,2916179479,2911223645,2779708775,2878344928,False,780822536,0.001699426950806
362,1771529400,2986628645,3033193444,2847776134,2986839116,False,780822536,0.015591091004218237
363,1771531200,3203580208,3282805628,3078175518,3231648101,False,780822536,0.024730275147211173
364,1771533000,3165081770,3328480834,3165697584,3287785021,True,780822536,0.05162554267910747
365,1771534800,3114894062,3352510550,3205091080,3315655683,True,780822536,0.07628397090571744
366,1771536600,3094193541,3264096829,3128231659,3230130537,True,780822536,0.054910362182803096
367,1771538400,2943149166,3102261066,2885639256,3048105614,False,780822536,0.05406178587144027
368,1771540200,2675474062,2879409741,2642902001,2820282806,False,780822536,0.07622412861201568
369,1771542000,2314808958,2559128395,2292142415,2492381900,False,780822536,0.10554626383124616
370,1771543800,1960471875,2189371195,2025533435,2148411755,True,780822536,0.1167572577392879
371,1771545600,1608371770,1821242600,1639019700,1775686875,True,780822536,0.13235175720598477
372,1771547400,1362157395,1493075445,1430888889,1477528806,True,780822536,0.09611080957351481
373,1771549200,1173044270,1267731283,1136216413,1234852566,False,780822536,0.08071904481490712
374,1771551000,1037071041,1022410549,836993239,976056221,False,780822536,0.014136439472713036
375,1771552800,953761875,948422461,743792351,897264934,False,780822536,0.005598267387234366
376,1771554600,891260729,890934998,728151748,850239186,False,780822536,0.0003654721782316968
377,1771556400,857854375,868130514,720711044,831275647,False,780822536,0.011978885110890762
378,1771558200,859415208,863615592,727750422,829649300,False,780822536,0.00488749089020077
379,1771560000,863147291,873920942,657299132,819765490,False,780822536,0.012481822178365616
380,1771561800,928596354,923780041,687272301,864653106,False,780822536,0.005186659391083502
381,1771563600,1037645416,1011652162,744666182,944905667,False,780822536,0.025050227755258545
382,1771565400,1241142083,1030674128,866836368,989714688,False,780822536,0.16957603636424276
383,1771567200,1435297291,1236627995,1054405095,1191072270,False,780822536,0.13841682642735512
384,1771569000,1673630208,1538941576,1476755020,1523394937,False,780822536,0.08047693651571566
385,1771570800,1961836666,1824082805,1692567935,1791204087,False,780822536,0.07021678378601576
386,1771572600,2272385000,2071444672,1886027362,2025090345,False,780822536,0.08842706143545218
387,1771574400,2571083854,2339294906,2134664796,2288137378,False,780822536,0.09015223196217077
388,1771576200,2844670833,2607014202,2444230952,2566318389,False,780822536,0.08354451005122672
389,1771578000,2933206354,2920251996,2772832526,2883397128,False,780822536,0.004416449590167498
390,1771579800,2970743750,2912246196,2776381026,2878279904,False,780822536,0.01969121503663855
391,1771581600,3014323124,2980159353,2763537543,2926003901,False,780822536,0.011333811802718998
392,1771583400,3078657604,3039562616,2803054876,2980435681,False,780822536,0.012698712565244394
393,1771585200,3054015625,3032365670,2765379690,2965619175,False,780822536,0.007089012519377664
394,1771587000,2813224791,2924509975,2760672215,2883550535,False,780822536,0.039557871221674444
395,1771588800,2755325208,2742780007,2560557107,2697224282,False,780822536,0.004553074520414289
396,1771590600,2793107395,2759387061,2697200505,2743840422,False,780822536,0.01207269511382322
397,1771592400,2837723541,2845803056,2714288186,2812924339,False,780822536,0.002847181863654279
398,1771594200,2800122083,2796593487,2611176177,2750239160,False,780822536,0.0012601579129076852
399,1771596000,2662771562,2713905877,2509275767,2662748350,False,780822536,0.019203417870961925
400,1771597800,2645975729,2689475767,2526692517,2648779954,False,780822536,0.016440074458445645
401,1771599600,2592342916,2646991803,2499572333,2610136935,False,780822536,0.02108088658437347
402,1771601400,2554950937,2654273151,2518407981,2620306858,False,780822536,0.038874411465851175
403,1771603200,2568535208,2664494498,2447872688,2610339046,False,780822536,0.03735953850316075
404,1771605000,2616457291,2734241679,2497733939,2675114744,False,780822536,0.045016743978642686
405,1771606800,2678418750,2780391569,2513405589,2713645074,False,780822536,0.03807202253195099
406,1771608600,2773715104,2867195938,2703358178,2826236498,False,780822536,0.033702392096863314
407,1771610400,2812854062,2952996452,2770773552,2907440727,False,780822536,0.049822133289188754
408,1771612200,2865963333,2907875494,2845688938,2892328855,False,780822536,0.014624109288979519
409,1771614000,2937329583,2979428077,2847913207,2946549360,False,780822536,0.014332233687240264
410,1771615800,3024111770,3129677392,2944260082,3083323065,False,780822536,0.03490797630141825
411,1771617600,3238875312,3138675384,2934045274,3087517856,False,780822536,0.03093664261441627
412,1771619400,3349601874,3292489660,3129706410,3251793848,False,780822536,0.017050448425919407
413,1771621200,3290633958,3432692574,3285273104,3395837707,False,780822536,0.043170591993264784
414,1771623000,3236533645,3359750621,3223885451,3325784329,False,780822536,0.0380706612428866
415,1771624800,3127498645,3171820647,2955198837,3117665195,False,780822536,0.014171709417319349
416,1771626600,2827186145,2970101923,2733594183,2910974988,False,780822536,0.05055053706058679
417,1771628400,2525653229,2628869345,2361883365,2562122850,False,780822536,0.040867097198797595
418,1771630200,2188542708,2288191453,2124353693,2247232013,False,780822536,0.045532008416259796
419,1771632000,1837979791,2097749842,1915526942,2052194117,True,780822536,0.14133455235580444
420,1771633800,1579528541,1766316869,1704130313,1750770230,True,780822536,0.11825574730149811
421,1771635600,1384274270,1536292569,1404777699,1503413851,True,780822536,0.10981804855767492
422,1771637400,1225986041,1230022895,1044605585,1183668567,False,780822536,0.0032927405900211224
423,1771639200,1104939687,1109867549,905237439,1058710022,False,780822536,0.004459847046837046
424,1771641000,1015657500,1031932515,869149265,991236702,False,780822536,0.016024117382089927
425,1771642800,959468020,971979148,824559678,935124281,False,780822536,0.013039650868196733
426,1771644600,938390208,956268177,820403007,922301884,False,780822536,0.019051742918442728
427,1771646400,931347916,945915435,729293625,891759983,False,780822536,0.015641328820023902
428,1771648200,962484895,959517277,723009537,900390342,False,780822536,0.0030832878681176603
429,1771650000,1041840833,1010154847,743168867,943408352,False,780822536,0.03041346143897971
430,1771651800,1191187187,1125190542,961352782,1084231102,False,780822536,0.05540409242162206
431,1771653600,1320080260,1106660467,924437567,1061104742,False,780822536,0.16167183122638315
432,1771655400,1510289114,1278982595,1216796039,1263435956,False,780822536,0.1531538013853419
433,1771657200,1792997500,1496689505,1365174635,1463810788,False,780822536,0.16525845406923323
434,1771659000,2141248541,1831355448,1645938138,1785001121,False,780822536,0.1447254193365496
435,1771660800,2438998229,2173098272,1968468162,2121940744,False,780822536,0.10902015173213969
436,1771662600,2682603437,2483562451,2320779201,2442866638,False,780822536,0.07419694735893981
437,1771664400,2805111770,2731855233,2584435763,2695000366,False,780822536,0.0261153718662697
438,1771666200,2889421354,2839612515,2703747345,2805646223,False,780822536,0.017238343909602046
439,1771668000,2951712500,3017131196,2800509386,2962975744,False,780822536,0.022162963364487566
440,1771669800,3011606770,3080095655,2843587915,3020968720,False,780822536,0.022741642661402304
441,1771671600,3053978125,3102911883,2835925903,3036165388,False,780822536,0.01602295628754708
442,1771673400,2966090416,3029992697,2866154937,2989033257,False,780822536,0.02154427951868612
443,1771675200,2973265208,3010828718,2828605818,2965272993,False,780822536,0.012633756954788272
444,1771677000,2989324375,2995734595,2933548039,2980187956,False,780822536,0.0021443708329578655
445,1771678800,2954753854,3020403185,2888888315,2987524468,False,780822536,0.02221820640359845
446,1771680600,2897950833,2928037255,2742619945,2881682927,False,780822536,0.010381964268473839
447,1771682400,2723749270,2885812507,2681182397,2834654980,False,780822536,0.05950005706655958
448,1771684200,2720026354,2760102968,2597319718,2719407155,False,780822536,0.014733906508319074
449,1771686000,2669380729,2750268844,2602849374,2713413977,False,780822536,0.03030220235024406
450,1771687800,2619599479,2740483054,2604617884,2706516762,False,780822536,0.046145823424176974
451,1771689600,2660313541,2776887161,2560265351,2722731708,False,780822536,0.04381950405596947
452,1771691400,2801158229,2677656403,2441148663,2618529468,False,780822536,0.04408955721294243
453,1771693200,2852271041,2974782873,2707796893,2908036378,False,780822536,0.042952380835815526
454,1771695000,3005852916,2876735253,2712897493,2835775813,False,780822536,0.04295541618577321
455,1771696800,3086227604,3017028449,2834805549,2971472724,False,780822536,0.02242192212600014
456,1771698600,3119451041,3208136143,3145949587,3192589504,True,780822536,0.028429714342165242
457,1771700400,3092146666,3188924372,3057409502,3156045654,False,780822536,0.031297902866034365
458,1771702200,3054014479,3188730294,3003312984,3142375967,False,780822536,0.04411105969743505
459,1771704000,3289724166,3194708353,2990078243,3143550826,False,780822536,0.028882607843541616
460,1771705800,3338162500,3402342054,3239558804,3361646241,False,780822536,0.019226012514369808
461,1771707600,3285748333,3367721267,3220301797,3330866400,False,780822536,0.024948025744003323
462,1771709400,3192927083,3285412356,3149547186,3251446064,False,780822536,0.028965670244214592
463,1771711200,3108023854,3183093757,2966471947,3128938304,False,780822536,0.024153580064511307
464,1771713000,2864221354,3163318643,2926810903,3104191708,True,780822536,0.10442534009541499
465,1771714800,2592214791,2905470476,2638484496,2838723981,True,780822536,0.12084480270986928
466,1771716600,2264709062,2640115788,2476278028,2599156348,True,780822536,0.16576377615077517
467,1771718400,1935207083,2303710351,2121487451,2258154626,True,780822536,0.1904205866323816
468,1771720200,1683764479,1896881098,1834694542,1881334459,True,780822536,0.12657151380611825
469,1771722000,1482108645,1661051614,1529536744,1628172897,True,780822536,0.12073539251233502
470,1771723800,1306190625,1325307855,1139890545,1278953528,False,780822536,0.014635865266603027
471,1771725600,1165821770,1183429581,978799471,1132272053,False,780822536,0.0151033472294826
472,1771727400,1060821354,1082766828,919983578,1042071016,False,780822536,0.020687247590983164
473,1771729200,983787083,1006550950,859131480,969696083,False,780822536,0.023139017977937812
474,1771731000,944372499,967116427,831251257,933150134,False,780822536,0.024083640749898626
475,1771732800,925968125,947001904,730380094,892846451,False,780822536,0.022715446063545655
476,1771734600,942188437,953998733,717490993,894871798,False,780822536,0.012534961729741542
477,1771736400,1000964687,972132856,705146876,905386361,False,780822536,0.02880404411309667
478,1771738200,1117311979,1064537291,900699531,1023577851,False,780822536,0.04723361871339965
479,1771740000,1209589479,1177155371,994932471,1131599646,False,780822536,0.026814145264238032
480,1771741800,1367377604,1287549857,1225363301,1272003218,False,780822536,0.05838017733103079
481,1771743600,1609801458,1434912668,1303397798,1402033951,False,780822536,0.10863997490552652
482,1771745400,1939719166,1687957489,1502540179,1641603161,False,780822536,0.129792849095352
483,1771747200,2258070312,2040643430,1836013320,1989485903,False,780822536,0.09628880059426599
484,1771749000,2512841666,2366780915,2203997665,2326085102,False,780822536,0.058125727926385
485,1771750800,2677799062,2643774420,2496354950,2606919552,False,780822536,0.012706196847566152
486,1771752600,2789261145,2848430090,2712564920,2814463798,False,780822536,0.021213124882933827
487,1771754400,2872880729,3091523104,2874901294,3037367652,True,780822536,0.07610562206531478
488,1771756200,2942685416,3175406086,2938898346,3116279151,False,780822536,0.07908445419773678
489,1771758000,2978851770,3214133651,2947147671,3147387156,False,780822536,0.07898408486435027
490,1771759800,2915246250,3136604862,2972767102,3095645422,True,780822536,0.07593135982937976
491,1771761600,2905829895,3079268781,2897045881,3033713056,False,780822536,0.05968652407989629
492,1771763400,2873929895,2991866870,2929680314,2976320231,True,780822536,0.04103683085839503
493,1771765200,2882271041,2999016469,2867501599,2966137751,False,780822536,0.04050466675038838
494,1771767000,2793974687,2970993251,2785575941,2924638924,False,780822536,0.06335725403084155
495,1771768800,2747098645,2940412541,2735782431,2889255014,False,780822536,0.07037020543541493
496,1771770600,2713411458,2952064539,2789281289,2911368727,True,780822536,0.08795314853424636
497,1771772400,2711104166,2847530425,2700110955,2810675558,False,780822536,0.05032129001567843
498,1771774200,2710536354,2916841453,2780976283,2882875160,True,780822536,0.07611227892057264
499,1771776000,2744315312,2988390118,2771768308,2934234665,True,780822536,0.088938324591471
500,1771777800,2874509375,2894442368,2657934628,2835315433,False,780822536,0.006934398326670964
501,1771779600,2965491458,3164898594,2897912614,3098152099,False,780822536,0.06724252584240625
502,1771781400,3154638541,3119183892,2955346132,3078224452,False,780822536,0.011238894262910104
503,1771783200,3151724687,3364948841,3182725941,3319393116,True,780822536,0.0676531661789785
504,1771785000,3228999791,3365748080,3303561524,3350201441,True,780822536,0.04235004578852882
505,1771786800,3301769270,3378319737,3246804867,3345441020,False,780822536,0.023184680921086893
506,1771788600,3342436979,3420714503,3235297193,3374360175,False,780822536,0.023419296905762242
507,1771790400,3604177083,3622727134,3418097024,3571569607,False,780822536,0.005146820084811022
508,1771792200,3621189166,3720279974,3557496724,3679584162,False,780822536,0.027364162284141774
509,1771794000,3489641354,3572251877,3424832407,3535397010,False,780822536,0.02367306969964341
510,1771795800,3377354583,3479195239,3343330069,3445228946,False,780822536,0.0301539721392055
511,1771797600,3239784375,3268958912,3052337102,3214803459,False,780822536,0.009005086025208081
512,1771799400,2808155208,3160694303,2924186563,3101567368,True,780822536,0.1255411716544978
513,1771801200,2462441666,2515898550,2248912570,2449152055,False,780822536,0.021708893549886837
514,1771803000,2063588333,2313441094,2149603334,2272481654,True,780822536,0.12107684318837443
515,1771804800,1687498541,1916605980,1734383080,1871050255,True,780822536,0.13576748864282426
516,1771806600,1424796354,1601435914,1539249358,1585889275,True,780822536,0.1239753032102439
517,1771808400,1228553541,1268336354,1136821484,1235457637,False,780822536,0.032381830886766376
518,1771810200,1076633229,1123039558,937622248,1076685231,False,780822536,0.04310319220139917
519,1771812000,964804687,1013599015,808968905,962441487,False,780822536,0.050574306548740885
520,1771813800,910022500,967004618,804221368,926308805,False,780822536,0.06261616388605776
521,1771815600,871756458,921124074,773704604,884269206,False,780822536,0.05663005481285462
522,1771817400,859371822,892883167,757017997,858916874,False,780822536,0.03899516384189753
523,1771819200,860858333,882982884,666361074,828827431,False,780822536,0.02570057133895456
524,1771821000,911471041,917371976,680864236,858245041,False,780822536,0.006474078423299024
525,1771822800,1019241510,982656277,715670297,915909782,False,780822536,0.035894567323891666
526,1771824600,1205669739,1144275838,980438078,1103316398,False,780822536,0.05092099354747096
527,1771826400,1394636927,1343549670,1161326770,1297993945,False,780822536,0.03663122351843477
528,1771828200,1632072395,1551965284,1489778728,1536418645,False,780822536,0.049083062274330055
529,1771830000,1896597916,1761772039,1630257169,1728893322,False,780822536,0.07108827646734586
530,1771831800,2228273958,2016914710,1831497400,1970560382,False,780822536,0.09485334926667038
531,1771833600,2555686458,2319283864,2114653754,2268126337,False,780822536,0.09250062473821662
532,1771835400,2855544062,2624463978,2461680728,2583768165,False,780822536,0.08092331232954374
533,1771837200,3002065416,2878029008,2730609538,2841174140,False,780822536,0.0413170237193792
534,1771839000,3062057916,2975765434,2839900264,2941799142,False,780822536,0.0281812050481151
535,1771840800,3113501875,3003988443,2787366633,2949832990,False,780822536,0.035173716412166926
536,1771842600,3189227812,3079364660,2842856920,3020237725,False,780822536,0.03444819827126228
537,1771844400,3186441250,3295881713,3028895733,3229135218,False,780822536,0.0343456710523064
538,1771846200,2923968020,3030168091,2866330331,2989208651,False,780822536,0.03632053096121072
539,1771848000,2895119791,2949693531,2767470631,2904137806,False,780822536,0.018850252818433378
540,1771849800,2893645416,2831337505,2769150949,2815790866,False,780822536,0.021532669709798336
541,1771851600,2911366458,2898288668,2766773798,2865409951,False,780822536,0.0044919765988456
542,1771853400,2828618750,2845677079,2660259769,2799322751,False,780822536,0.006030621482658276
543,1771855200,2707789583,2907750689,2703120579,2856593161,False,780822536,0.07384661912262036
544,1771857000,2616032708,2838926840,2676143590,2798231027,True,780822536,0.08520311359960259
545,1771858800,2575711458,2661523980,2514104510,2624669112,False,780822536,0.03331604622616855
546,1771860600,2590336458,2652850037,2516984867,2618883744,False,780822536,0.02413338190370326
547,1771862400,2620126562,2822704670,2606082860,2768549217,False,780822536,0.07731615370723455
548,1771864200,2665553854,2843141864,2606634124,2784014929,False,780822536,0.06662330597204284
549,1771866000,2697522916,2877156765,2610170785,2810410270,False,780822536,0.06659214938806474
550,1771867800,2768552708,2942484584,2778646824,2901525144,True,780822536,0.0628241158268026
551,1771869600,2812484895,3031654069,2849431169,2986098344,True,780822536,0.07792723594343073
552,1771871400,2893567500,3042581766,2980395210,3027035127,True,780822536,0.051498458563693436
553,1771873200,2930208437,3079523531,2948008661,3046644814,True,780822536,0.05095715789859355
554,1771875000,2971654687,3049805170,2864387860,3003450842,False,780822536,0.026298642080414776
555,1771876800,3237336249,3185245033,2980614923,3134087505,False,780822536,0.016090764750214242
556,1771878600,3319962500,3511107628,3348324378,3470411816,True,780822536,0.05757448404914212
557,1771880400,3180415833,3374342998,3226923528,3337488131,True,780822536,0.060975411764653986
558,1771882200,3116808541,3274779722,3138914552,3240813430,True,780822536,0.05068363324919418
559,1771884000,2878670729,3061501551,2844879741,3007346098,False,780822536,0.06351223853362077
560,1771885800,2566619791,2796016713,2559508973,2736889778,False,780822536,0.08937705647108056
561,1771887600,2234571770,2405488646,2138502666,2338742151,False,780822536,0.07648753031548412
562,1771889400,1898417708,2201679241,2037841481,2160719801,True,780822536,0.1597443659116985
563,1771891200,1612182083,1680276261,1498053361,1634720536,False,780822536,0.04223727500636167
564,1771893000,1373421250,1398978223,1336791667,1383431584,False,780822536,0.018608255114736284
565,1771894800,1187403229,1218357753,1086842883,1185479036,False,780822536,0.026069091984926716
566,1771896600,1049655208,1096222647,910805337,1049868320,False,780822536,0.044364510026801106
567,1771898400,958030312,1007095352,802465242,955937824,False,780822536,0.051214496436517765
568,1771900200,913949062,934609306,771826056,893913493,False,780822536,0.022605465511162152
569,1771902000,867090000,904871490,757452020,868016623,False,780822536,0.04357274331384285
570,1771903800,860494479,896548464,760683294,862582172,False,780822536,0.041899147385465095
571,1771905600,868693333,898372628,681750818,844217175,False,780822536,0.03416544581676904
572,1771907400,925411770,944502207,707994467,885375272,False,780822536,0.020629127074966856
573,1771909200,1034803489,1021914911,754928931,955168416,False,780822536,0.012455097162897177
574,1771911000,1223033125,1031354321,867516561,990394881,False,780822536,0.15672413124542314
575,1771912800,1412586979,1229939567,1047716667,1184383842,False,780822536,0.129299940262298
576,1771914600,1651567395,1507798293,1445611737,1492251654,False,780822536,0.08705009703827436
577,1771916400,1910052291,1794325481,1662810611,1761446763,False,780822536,0.0605882941243518
578,1771918200,2218807187,2042634337,1857217027,1996280009,False,780822536,0.07939980140329336
579,1771920000,2511481041,2325042980,2120412870,2273885452,False,780822536,0.07423430953942846
580,1771921800,2780086250,2619600392,2456817142,2578904580,False,780822536,0.057726934910742426
581,1771923600,2881632395,2839683452,2692263982,2802828584,False,780822536,0.014557354044459929
582,1771925400,2916814687,2903078928,2767213758,2869112635,False,780822536,0.004709164096443677
583,1771927200,2953571041,3076861427,2860239617,3022705974,False,780822536,0.04174282056823566
584,1771929000,3026452083,3125712612,2889204872,3066585677,False,780822536,0.0327976542425899
585,1771930800,3041779166,3129893590,2862907610,3063147095,False,780822536,0.02896805428379346
586,1771932600,2786115833,2902963630,2739125870,2862004190,False,780822536,0.04193931767516717
587,1771934400,2761818125,2848136065,2665913165,2802580340,False,780822536,0.031254027634422886
588,1771936200,2754114895,2743930567,2681744011,2728383928,False,780822536,0.003697858799750618
589,1771938000,2766423229,2875181803,2743666933,2842303086,False,780822536,0.03931378715299242
590,1771939800,2672752291,2820063356,2634646046,2773709029,False,780822536,0.05511586894754251
591,1771941600,2536395625,2712649861,2508019751,2661492333,False,780822536,0.06949004101045948
592,1771943400,2460080625,2629277824,2466494574,2588582012,True,780822536,0.06877709505963854
593,1771945200,2418190625,2613193912,2465774442,2576339044,True,780822536,0.08064016334526977
594,1771947000,2434688541,2616860833,2480995663,2582894541,True,780822536,0.07482365359356247
595,1771948800,2469131354,2650258901,2433637091,2596103448,False,780822536,0.07335678869679121
596,1771950600,2493900416,2683886551,2447378811,2624759616,False,780822536,0.07618032130758504
597,1771952400,2529215208,2738557119,2471571139,2671810624,False,780822536,0.08276951298483573
598,1771954200,2631427291,2835045082,2671207322,2794085642,True,780822536,0.07737921989956287
599,1771956000,2706399375,2930587628,2748364728,2885031903,True,780822536,0.08283635263550118
600,1771957800,2742412708,2932938977,2870752421,2917392338,True,780822536,0.06947395935127063
601,1771959600,2800386770,2944996713,2813481843,2912117996,True,780822536,0.051639275170550815
602,1771961400,2891460104,3059358043,2873940733,3013003715,False,780822536,0.058066835771910755
603,1771963200,3101930833,3288485838,3083855728,3237328310,False,780822536,0.06014157472994821
604,1771965000,3173686041,3415798215,3253014965,3375102402,True,780822536,0.07628737400997379
605,1771966800,3072925000,3359305593,3211886123,3322450725,True,780822536,0.09319478770227063
606,1771968600,2981226458,3278736512,3142871342,3244770219,True,780822536,0.09979451685115831
607,1771970400,2842992708,3109986807,2893364997,3055831354,True,780822536,0.09391304390218647
608,1771972200,2540295833,2953246434,2716738694,2894119499,True,780822536,0.1625600434545924
609,1771974000,2204456145,2600386962,2333400982,2533640467,True,780822536,0.1796047600665696
610,1771975800,1885837500,2179676281,2015838521,2138716841,True,780822536,0.15581341499466417
611,1771977600,1619906770,1828317454,1646094554,1782761729,True,780822536,0.12865597444228224
612,1771979400,1386487500,1513977116,1451790560,1498430477,True,780822536,0.09195150767677314
613,1771981200,1233826250,1311477479,1179962609,1278598761,False,780822536,0.06293530308663801
614,1771983000,1076997291,1029892612,844475302,983538284,False,780822536,0.043737045017321216
615,1771984800,996026562,912945130,708315020,861787603,False,780822536,0.08341286785883929
616,1771986600,938801458,878534939,715751689,837839127,False,780822536,0.06419516979488969
617,1771988400,926002760,862400060,714980590,825545193,False,780822536,0.06868521644579116
618,1771990200,921516979,856635131,720769961,822668838,False,780822536,0.07040765333527295
619,1771992000,926268229,857380408,640758598,803224955,False,780822536,0.07437135253399693
620,1771993800,974574479,909727405,673219665,850600470,False,780822536,0.0665388591609118
621,1771995600,1071400208,1012696797,745710817,945950302,False,780822536,0.05479130073120165
622,1771997400,1262500416,1063122201,899284441,1022162761,False,780822536,0.15792328657735666
623,1771999200,1445334479,1403317145,1221094245,1357761420,False,780822536,0.029071010627983503
624,1772001000,1681737500,1600063227,1537876671,1584516588,False,780822536,0.04856541107039594
625,1772002800,1947465937,1915450841,1783935971,1882572124,False,780822536,0.016439361218978793
626,1772004600,2281104687,2052921759,1867504449,2006567431,False,780822536,0.10003176500421614
627,1772006400,2576170520,2360436721,2155806611,2309279193,False,780822536,0.08374204941992737
628,1772008200,2840024791,2612849891,2450066641,2572154078,False,780822536,0.07999046371704718
629,1772010000,2940443541,2971096495,2823677025,2934241628,False,780822536,0.010424602129777808
630,1772011800,2971122291,3027022326,2891157156,2993056033,False,780822536,0.018814451081104962
631,1772013600,2991541770,3049767428,2833145618,2995611975,False,780822536,0.019463428050346093
632,1772015400,3038822395,3122255029,2885747289,3063128094,False,780822536,0.027455580864902768
633,1772017200,3036162604,3104886486,2837900506,3038139991,False,780822536,0.022635112463825078
634,1772019000,2801047604,3005050912,2841213152,2964091472,True,780822536,0.07283107495519738
635,1772020800,2764246041,2790756690,2608533790,2745200965,False,780822536,0.009590553303427883
636,1772022600,2792065937,2812363819,2750177263,2796817180,False,780822536,0.007269843355422161
637,1772024400,2827799270,2861112553,2729597683,2828233835,False,780822536,0.011780639224791936
638,1772026200,2694905833,2801805331,2616388021,2755451003,False,780822536,0.03966724799470943
639,1772028000,2553473541,2709199030,2504568920,2658041503,False,780822536,0.060985746082575135
640,1772029800,2472393333,2624194918,2461411668,2583499105,False,780822536,0.061398638709239714
641,1772031600,2438290312,2603399555,2455980085,2566544688,True,780822536,0.06771517000556412
642,1772033400,2441974479,2639081171,2503216001,2605114878,True,780822536,0.08071611464208099
643,1772035200,2475155416,2652793308,2436171498,2598637856,False,780822536,0.07176837900832649
644,1772037000,2514741770,2670120654,2433612914,2610993719,False,780822536,0.061787212450048104
645,1772038800,2556957812,2712076436,2445090456,2645329941,False,780822536,0.06066530439885099
646,1772040600,2650355520,2757168991,2593331231,2716209551,False,780822536,0.04030156339176715
647,1772042400,2723276041,2825202794,2642979894,2779647069,False,780822536,0.037427991678203876
648,1772044200,2810051250,2869792857,2807606301,2854246218,False,780822536,0.02125997061441495
649,1772046000,2908158854,2874059061,2742544191,2841180344,False,780822536,0.011725560642293579
650,1772047800,2996647708,2973812082,2788394772,2927457754,False,780822536,0.007620390591472222
651,1772049600,3195702083,3215355647,3010725537,3164198119,False,780822536,0.006149998807632908
652,1772051400,3266726041,3251068900,3088285650,3210373087,False,780822536,0.004792915231791854
653,1772053200,3208922916,3338533846,3191114376,3301678979,False,780822536,0.04039078949318083
654,1772055000,3098418125,3245194571,3109329401,3211228278,True,780822536,0.04737141343697762
655,1772056800,2928837291,3121517254,2904895444,3067361801,False,780822536,0.06578718578600616
656,1772058600,2544722187,2894785875,2658278135,2835658940,True,780822536,0.137564599306101
657,1772060400,2184862916,2612151808,2345165828,2545405313,True,780822536,0.19556782664528505
658,1772062200,1862026875,2284238387,2120400627,2243278947,True,780822536,0.22674834486478612
659,1772064000,1566364687,1863173467,1680950567,1817617742,True,780822536,0.1894889373230616
660,1772065800,1344450416,1464938645,1402752089,1449392006,True,780822536,0.08961894582804755
661,1772067600,1180490312,1292886272,1161371402,1260007554,False,780822536,0.09521125150919493
662,1772069400,1072371666,1026123402,840706092,979769075,False,780822536,0.04312708500823072
663,1772071200,989228645,951226851,746596741,900069324,False,780822536,0.038415581869851737
664,1772073000,934971875,895928790,733145540,855232978,False,780822536,0.041758566267033434
665,1772074800,893506250,875367292,727947822,838512424,False,780822536,0.020300874224438832
666,1772076600,903648541,869131158,733265988,835164865,False,780822536,0.03819779641518837
667,1772078400,912903541,870659920,654038110,816504467,False,780822536,0.04627391515397792
668,1772080200,988066458,923268369,686760629,864141434,False,780822536,0.06558069902621874
669,1772082000,1094118645,1038582860,771596880,971836365,False,780822536,0.05075846687540911
670,1772083800,1269618854,1057347485,893509725,1016388045,False,780822536,0.16719298735303753
671,1772085600,1451560625,1234709801,1052486901,1189154076,False,780822536,0.14939150336900328
672,1772087400,1693153750,1556637378,1494450822,1541090739,False,780822536,0.08062845562607648
673,1772089200,1960672916,1921616155,1790101285,1888737437,False,780822536,0.01992007982630796
674,1772091000,2261647916,2229017018,2043599708,2182662690,False,780822536,0.014427930081049804
675,1772092800,2529866249,2357807231,2153177121,2306649703,False,780822536,0.06801111247205702
676,1772094600,2770228541,2640713350,2477930100,2600017538,False,780822536,0.04675252928888223
677,1772096400,2870020520,2994238455,2846818985,2957383588,False,780822536,0.0432812009999148
678,1772098200,2851145312,3056311573,2920446403,3022345281,True,780822536,0.07195924393488086
679,1772100000,2843929375,3104636462,2888014652,3050481010,True,780822536,0.09167143505453612
680,1772101800,2880238541,3166559581,2930051841,3107432646,True,780822536,0.09940879407182407
681,1772103600,2877411666,3143475928,2876489948,3076729433,False,780822536,0.09246652647720238
682,1772105400,2656752708,2881948525,2718110765,2840989085,True,780822536,0.08476355978555758
683,1772107200,2630919583,2855718831,2673495931,2810163106,True,780822536,0.08544512323849315
684,1772109000,2612990937,2859604975,2797418419,2844058336,True,780822536,0.09437998215299588
685,1772110800,2598453125,2865614492,2734099622,2832735774,True,780822536,0.10281554222764745
686,1772112600,2530659375,2874254922,2688837612,2827900595,True,780822536,0.13577313106391492
687,1772114400,2405604270,2774841703,2570211593,2723684175,True,780822536,0.15349051280159226
688,1772116200,2342824583,2679030982,2516247732,2638335169,True,780822536,0.14350472563741234
689,1772118000,2325420833,2674348386,2526928916,2637493519,True,780822536,0.150049207458872
690,1772119800,2331907916,2666759438,2530894268,2632793145,True,780822536,0.14359551665932935
691,1772121600,2380910104,2702591425,2485969615,2648435973,True,780822536,0.1351085538507169
692,1772123400,2439298645,2735020810,2498513070,2675893875,True,780822536,0.12123245573319293
693,1772125200,2478189062,2756708214,2489722234,2689961719,True,780822536,0.1123881774279254
694,1772127000,2557133020,2821061765,2657224005,2780102325,True,780822536,0.10321275543186252
695,1772128800,2679703229,2865657920,2683435020,2820102195,True,780822536,0.06939376308076986
696,1772130600,2775350625,2880398158,2818211602,2864851519,True,780822536,0.037850184424895864
697,1772132400,2903326770,2937280744,2805765874,2904402026,False,780822536,0.011694851007074205
698,1772134200,3016672708,3011821930,2826404620,2965467602,False,780822536,0.001607989486939065
699,1772136000,3225545520,3228798412,3024168302,3177640884,False,780822536,0.001008478094582897
700,1772137800,3267007916,3321044144,3158260894,3280348332,False,780822536,0.016539974615721133
701,1772139600,3161210000,3330255295,3182835825,3293400428,True,780822536,0.053474870381910726
702,1772141400,3075914583,3255409133,3119543963,3221442841,True,780822536,0.05835485516796615
703,1772143200,2883040937,2968467047,2751845237,2914311594,False,780822536,0.029630557410291813
704,1772145000,2557180729,2700816862,2464309122,2641689927,False,780822536,0.05616972291832096
705,1772146800,2265689583,2340176677,2073190697,2273430182,False,780822536,0.032876125025640815
706,1772148600,1942355000,2168983970,2005146210,2128024530,True,780822536,0.11667741993610849
707,1772150400,1622391250,1804085992,1621863092,1758530267,False,780822536,0.11199193905908948
708,1772152200,1397606250,1382182692,1319996136,1366636053,False,780822536,0.011035696212720858
709,1772154000,1214035052,1128542654,997027784,1095663936,False,780822536,0.0704200408869249
710,1772155800,1075893437,1060469176,875051866,1014114848,False,780822536,0.014336234862635378
711,1772157600,983467708,977183153,772553043,926025626,False,780822536,0.006390199646494138
712,1772159400,919027812,914705151,751921901,874009338,False,780822536,0.004703514892104266
713,1772161200,892041145,881321940,733902470,844467073,False,780822536,0.012016491683239566
714,1772163000,889417812,882905917,747040747,848939624,False,780822536,0.007321525285576358
715,1772164800,904179375,886661143,670039333,832505691,False,780822536,0.019374730815995445
716,1772166600,956909583,952133350,715625610,893006415,False,780822536,0.004991310657613092
717,1772168400,1067588229,1061205555,794219575,994459060,False,780822536,0.005978591582991311
718,1772170200,1259306041,1096351002,932513242,1055391562,False,780822536,0.129400664885717
719,1772172000,1443789479,1299968281,1117745381,1254412556,False,780822536,0.09961369028649086
720,1772173800,1694733854,1680060631,1617874075,1664513992,False,780822536,0.008658128216042588
721,1772175600,1972658020,1893962222,1762447352,1861083504,False,780822536,0.039893279626845815
722,1772177400,2294056041,2136269578,1950852268,2089915251,False,780822536,0.06878056166893788
723,1772179200,2581868958,2410313904,2205683794,2359156377,False,780822536,0.06644607328672952
724,1772181000,2826873958,2679231106,2516447856,2638535293,False,780822536,0.05222831091643598
725,1772182800,2907516145,2957916300,2810496830,2921061433,False,780822536,0.017334436847985243
726,1772184600,2928347187,2995478065,2859612895,2961511772,False,780822536,0.022924494164496077
727,1772186400,2978565104,3039081808,2822459998,2984926355,False,780822536,0.020317401798178054
728,1772188200,3053426562,3103440656,2866932916,3044313721,False,780822536,0.01637966166353144
729,1772190000,3072969895,3078823046,2811837066,3012076551,False,780822536,0.001904721230599625
730,1772191800,2857808437,2838056581,2674218821,2797097141,False,780822536,0.006911539536475936
731,1772193600,2810518541,2780181367,2597958467,2734625642,False,780822536,0.01079415544051378
732,1772195400,2812362500,2833209491,2771022935,2817662852,False,780822536,0.0074126258617087945
733,1772197200,2838225729,2867299141,2735784271,2834420424,False,780822536,0.010243516469792385
734,1772199000,2777144062,2826568460,2641151150,2780214132,False,780822536,0.01779684341056701
735,1772200800,2668424687,2689244097,2484613987,2638086570,False,780822536,0.007802135132922341
736,1772202600,2587695104,2672474423,2509691173,2631778610,False,780822536,0.03276248382931593
737,1772204400,2558253854,2618867769,2471448299,2582012901,False,780822536,0.023693471586186066
738,1772206200,2548301458,2581501948,2445636778,2547535656,False,780822536,0.013028478202911267
739,1772208000,2570823645,2595112378,2378490568,2540956925,False,780822536,0.009447840985607553
740,1772209800,2622801041,2643060619,2406552879,2583933684,False,780822536,0.007724405200127416
741,1772211600,2652658854,2705048237,2438062257,2638301742,False,780822536,0.019749762741259003
742,1772213400,2771433541,2800370750,2636532990,2759411310,False,780822536,0.010441242256727094
743,1772215200,2824936458,2839535866,2657312966,2793980141,False,780822536,0.005168048278981856
744,1772217000,2877820833,2892065662,2829879106,2876519023,False,780822536,0.004949866522840618
745,1772218800,2969882083,2963714701,2832199831,2930835984,False,780822536,0.002076642044242401
746,1772220600,3048412500,3049698457,2864281147,3003344129,False,780822536,0.00042184481266888915
747,1772222400,3235056770,3264487307,3059857197,3213329779,False,780822536,0.009097378838269969
748,1772224200,3345905937,3375239177,3212455927,3334543365,False,780822536,0.00876690515283903
749,1772226000,3367620312,3316296569,3168877099,3279441702,False,780822536,0.015240359139394572
750,1772227800,3319294062,3262221565,3126356395,3228255272,False,780822536,0.017194167173489795
751,1772229600,3145180937,3153211873,2936590063,3099056421,False,780822536,0.0025534098549065444
752,1772231400,2948726041,2852924681,2616416941,2793797746,False,780822536,0.03248906770854539
753,1772233200,2584175312,2551417074,2284431094,2484670579,False,780822536,0.012676476649197244
754,1772235000,2245068541,2214331861,2050494101,2173372421,False,780822536,0.013690753506487265
755,1772236800,1902358958,2071610293,1889387393,2026054568,False,780822536,0.0889691896937991
756,1772238600,1638694791,1658782021,1596595465,1643235382,False,780822536,0.012258066670085607
757,1772240400,1443797708,1469981792,1338466922,1437103075,False,780822536,0.01813556279727797
758,1772242200,1280546979,1252009353,1066592043,1205655025,False,780822536,0.022285497110215744
759,1772244000,1163242083,1130988739,926358629,1079831211,False,780822536,0.027727112413968608
760,1772245800,1056662604,1041732292,878949042,1001036480,False,780822536,0.01412968713332075
761,1772247600,998545000,985568552,838149082,948713685,False,780822536,0.01299535624333405
762,1772249400,987604270,964516480,828651310,930550188,False,780822536,0.023377572071453277
763,1772251200,976969791,957499929,740878119,903344476,False,780822536,0.019928827052135535
764,1772253000,1021517916,988662648,752154908,929535713,False,780822536,0.03216318332296386
765,1772254800,1086755000,1068044326,801058346,1001297831,False,780822536,0.017217012114045943
766,1772256600,1188557604,1217416420,1053578660,1176456980,False,780822536,0.02428053625914121
767,1772258400,1321519270,1175599399,993376499,1130043674,False,780822536,0.11041826957241418
768,1772260200,1541308750,1435407217,1373220661,1419860578,False,780822536,0.0687088378626281
769,1772262000,1859960416,1647414529,1515899659,1614535812,False,780822536,0.11427441421420013
770,1772263800,2243657083,1920014584,1734597274,1873660257,False,780822536,0.1442477557966464
771,1772265600,2541887916,2252985171,2048355061,2201827644,False,780822536,0.11365676007250038
772,1772267400,2771697916,2550103946,2387320696,2509408133,False,780822536,0.0799488171928185
773,1772269200,2877348229,2831871458,2684451988,2795016590,False,780822536,0.015805098090544673
774,1772271000,2949310729,2916207432,2780342262,2882241140,False,780822536,0.011224079129574821
775,1772272800,3003694375,2978524968,2761903158,2924369516,False,780822536,0.008379483348734507
776,1772274600,3068064583,3038445629,2801937889,2979318694,False,780822536,0.009653953884842326
777,1772276400,3103012291,3080843374,2813857394,3014096879,False,780822536,0.00714432136292173
778,1772278200,3040757187,2992982055,2829144295,2952022615,False,780822536,0.015711590588110974
779,1772280000,3048212291,3000183237,2817960337,2954627512,False,780822536,0.015756466221794392
780,1772281800,3058796145,3045374868,2983188312,3029828229,False,780822536,0.004387764454960107
781,1772283600,3040976562,2992639804,2861124934,2959761087,False,780822536,0.01589514322603319
782,1772285400,2909128645,2926866058,2741448748,2880511730,False,780822536,0.006097156628149045
783,1772287200,2758513125,2752693096,2548062986,2701535568,False,780822536,0.002109842779885269
784,1772289000,2664924479,2748998780,2586215530,2708302968,False,780822536,0.03154847413595318
785,1772290800,2617045416,2698381756,2550962286,2661526888,False,780822536,0.031079452997922294
786,1772292600,2577914375,2648629106,2512763936,2614662814,False,780822536,0.027430985173819047
787,1772294400,2614285000,2689371769,2472749959,2635216316,False,780822536,0.028721722765498024
788,1772296200,2698346875,2830245058,2593737318,2771118123,False,780822536,0.04888110725200962
789,1772298000,2747913541,2881386470,2614400490,2814639975,False,780822536,0.048572463073720845
790,1772299800,2860683750,3034996946,2871159186,2994037506,True,780822536,0.06093410220546049
791,1772301600,2965607395,3115400234,2933177334,3069844509,False,780822536,0.05051000319615807
792,1772303400,3016551979,3145149862,3082963306,3129603223,True,780822536,0.042630753222634925
793,1772305200,3069924270,3062448729,2930933859,3029570011,False,780822536,0.002435089709883951
794,1772307000,3082661041,3081322652,2895905342,3034968325,False,780822536,0.0004341667741601046
795,1772308800,3298762604,3317059350,3112429240,3265901823,False,780822536,0.005546548265647794
796,1772310600,3335905833,3365524695,3202741445,3324828883,False,780822536,0.008878806382062523
797,1772312400,3246462916,3313137539,3165718069,3276282672,False,780822536,0.020537620396462276
798,1772314200,3202793437,3220343300,3084478130,3186377008,False,780822536,0.005479548820494226
799,1772316000,3118873958,3135467082,2918845272,3081311630,False,780822536,0.00532022910301911
800,1772317800,2876729791,3130969425,2894461685,3071842490,True,780822536,0.08837800296552079
801,1772319600,2562035729,2870316590,2603330610,2803570095,True,780822536,0.12032652687491073
802,1772321400,2259589270,2592558705,2428720945,2551599265,True,780822536,0.14735838916423957
803,1772323200,1946838333,2257560970,2075338070,2212005245,True,780822536,0.1596037183638093
804,1772325000,1690897916,1849578968,1787392412,1834032329,True,780822536,0.09384425310274024
805,1772326800,1477088854,1638556023,1507041153,1605677305,True,780822536,0.10931445902035085
806,1772328600,1297685937,1332240027,1146822717,1285885699,False,780822536,0.026627467413172713
807,1772330400,1153476145,1191896937,987266827,1140739410,False,780822536,0.033308700978813915
808,1772332200,1058235104,1086922287,924139037,1046226475,False,780822536,0.027108515765131905
809,1772334000,982360833,1009913782,862494312,973058915,False,780822536,0.02804768683199323
810,1772335800,946814166,970524964,834659794,936558672,False,780822536,0.02504271572126013
811,1772337600,924294895,952146356,735524546,897990904,False,780822536,0.030132656959010903
812,1772339400,960858124,968392434,731884694,909265499,False,780822536,0.007841230470774476
813,1772341200,1021011250,1027194450,760208470,960447955,False,780822536,0.006055956778145197
814,1772343000,1117156666,1143567508,979729748,1102608068,False,780822536,0.02364112644519636
815,1772344800,1212407083,1235870774,1053647874,1190315049,False,780822536,0.019352980800756342
816,1772346600,1391604739,1315358196,1253171640,1299811557,False,780822536,0.05479037320237237
817,1772348400,1689320208,1492938016,1361423146,1460059298,False,780822536,0.11624924100830977
818,1772350200,2072608333,1763600455,1578183145,1717246127,False,780822536,0.14909130349424296
819,1772352000,2388153437,2109444453,1904814343,2058286925,False,780822536,0.11670480618285332
820,1772353800,2638283750,2538182327,2375399077,2497486515,False,780822536,0.03794187149126776
821,1772355600,2772451041,2703164739,2555745269,2666309871,False,780822536,0.02499099207717984
822,1772357400,2861983750,2814651837,2678786667,2780685545,False,780822536,0.016538148757832744
823,1772359200,2931176041,3073210337,2856588527,3019054885,False,780822536,0.04845641954399422
824,1772361000,2994685208,2968126139,2731618399,2908999204,False,780822536,0.0088687348269695
825,1772362800,3024278333,3004317508,2737331528,2937571013,False,780822536,0.006600194427276611
826,1772364600,2956428958,3117823894,2953986134,3076864454,False,780822536,0.054591176819341655
827,1772366400,2902961458,2931345664,2749122764,2885789939,False,780822536,0.009777672356544254
828,1772368200,2887811250,2966259342,2904072786,2950712703,True,780822536,0.027165242188179714
829,1772370000,2884617083,2941475171,2809960301,2908596454,False,780822536,0.019710792234811154
830,1772371800,2768915520,2819777668,2634360358,2773423341,False,780822536,0.018368977902222167
831,1772373600,2690282708,2772927149,2568297039,2721769621,False,780822536,0.03071961201484257
832,1772375400,2619668750,2930187949,2767404699,2889492137,True,780822536,0.1185337646219584
833,1772377200,2596205208,2736983714,2589564244,2700128847,False,780822536,0.05422472213144101
834,1772379000,2561345104,2901485504,2765620334,2867519211,True,780822536,0.13279756775797597
835,1772380800,2620865625,2965505750,2748883940,2911350297,True,780822536,0.13149858646415724
836,1772382600,2740853645,2900465490,2663957750,2841338555,False,780822536,0.05823435530429426
837,1772384400,2869532083,2991473095,2724487115,2924726600,False,780822536,0.04249508577458202
838,1772386200,2961228645,3180645700,3016807940,3139686260,True,780822536,0.07409662721265484
839,1772388000,3054788541,3348336692,3166113792,3302780967,True,780822536,0.09609442586945988
840,1772389800,3161224374,3336166439,3273979883,3320619800,True,780822536,0.05533997094253709
841,1772391600,3239215625,3302205912,3170691042,3269327194,False,780822536,0.019446154344850076
842,1772393400,3324655208,3365732630,3180315320,3319378303,False,780822536,0.012355393094946163
843,1772395200,3652000833,3627495777,3422865667,3576338249,False,780822536,0.006710035709348372
844,1772397000,3703436041,3644530902,3481747652,3603835089,False,780822536,0.01590553700614051
845,1772398800,3504180937,3513006132,3365586662,3476151264,False,780822536,0.002518475831774665
846,1772400600,3383169166,3400742403,3264877233,3366776111,False,780822536,0.005194312237356209
847,1772402400,3249560416,3263195237,3046573427,3209039785,False,780822536,0.004195897061296552
848,1772404200,2747182083,3113620388,2877112648,3054493453,True,780822536,0.13338697397146645
849,1772406000,2279834895,2485898613,2218912633,2419152118,False,780822536,0.09038536889312768
850,1772407800,1922261458,2286950531,2123112771,2245991091,True,780822536,0.18971876665489487
851,1772409600,1615418437,1894287523,1712064623,1848731798,True,780822536,0.17262962933485448
852,1772411400,1369159687,1593622218,1531435662,1578075579,True,780822536,0.1639418200311064
853,1772413200,1187798854,1241874488,1110359618,1208995771,False,780822536,0.04552591865019597
854,1772415000,1043310416,1098432721,913015411,1052078393,False,780822536,0.052834040717561474
855,1772416800,946755312,986625741,781995631,935468213,False,780822536,0.0421127069419601
856,1772418600,892279375,931865116,769081866,891169304,False,780822536,0.04436473834218123
857,1772420400,852242187,893620636,746201166,856765769,False,780822536,0.04855245331806134
858,1772422200,849013437,881257563,745392393,847291270,False,780822536,0.03797834591868774
859,1772424000,850121770,882765636,666143826,828610184,False,780822536,0.03839904723296287
860,1772425800,926305104,933399906,696892166,874272971,False,780822536,0.007659249602925647
861,1772427600,1037318333,1041191938,774205958,974445443,False,780822536,0.0037342490504310793
862,1772429400,1235170104,1227641729,1063803969,1186682289,False,780822536,0.006095010699837988
863,1772431200,1461574166,1416630479,1234407579,1371074754,False,780822536,0.030750192529059795
864,1772433000,1738973229,1616041764,1553855208,1600495125,False,780822536,0.07069198245834525
865,1772434800,2016040520,1825561637,1694046767,1792682920,False,780822536,0.09448167391000653
866,1772436600,2322426875,2080193374,1894776064,2033839047,False,780822536,0.10430188507011658
867,1772438400,2611654583,2387591976,2182961866,2336434449,False,780822536,0.08579335431970485
868,1772440200,2908963958,2691728366,2528945116,2651032553,False,780822536,0.07467799365563677
869,1772442000,2982703229,3023134565,2875715095,2986279698,False,780822536,0.013555266111256823
870,1772443800,3012089895,3083147843,2947282673,3049181551,False,780822536,0.02359091211651902
871,1772445600,3054246666,3134612581,2917990771,3080457128,False,780822536,0.026312843652949412
872,1772447400,3114486354,3210359296,2973851556,3151232361,False,780822536,0.030782906425924253
873,1772449200,3100393750,3207593512,2940607532,3140847017,False,780822536,0.034576176654981326
874,1772451000,2845321249,2945141060,2781303300,2904181620,False,780822536,0.03508208819481529
875,1772452800,2825407604,2916313610,2734090710,2870757885,False,780822536,0.03217447488684539
876,1772454600,2826469895,2823004564,2760818008,2807457925,False,780822536,0.0012260279177677214
877,1772456400,2815278541,2915254139,2783739269,2882375421,False,780822536,0.03551179627309211
878,1772458200,2743947708,2848670392,2663253082,2802316065,False,780822536,0.038164970744406036
879,1772460000,2620230937,2727861059,2523230949,2676703531,False,780822536,0.0410765785870881
880,1772461800,2531274791,2814439323,2651656073,2773743511,True,780822536,0.11186637381559575
881,1772463600,2507268229,2595822601,2448403131,2558967733,False,780822536,0.03531906597616764
882,1772465400,2538350833,2610467434,2474602264,2576501142,False,780822536,0.02841080912159316
883,1772467200,2558260520,2640277372,2423655562,2586121919,False,780822536,0.03205961682119849
884,1772469000,2647912291,2685724497,2449216757,2626597562,False,780822536,0.014280006980790134
885,1772470800,2682308958,2717713393,2450727413,2650966898,False,780822536,0.013199238251211179
886,1772472600,2779330625,2927908519,2764070759,2886949079,False,780822536,0.05345815739356306
887,1772474400,2819198125,3008050378,2825827478,2962494653,True,780822536,0.06698793225112548
888,1772476200,2862745312,3008946299,2946759743,2993399660,True,780822536,0.05107020397069818
889,1772478000,2950231458,3085816905,2954302035,3052938187,True,780822536,0.0459575626286336
890,1772479800,3063964583,2988999258,2803581948,2942644930,False,780822536,0.024466772695720812
891,1772481600,3292506145,3254697976,3050067866,3203540448,False,780822536,0.011483097474978289
892,1772483400,3323274895,3490257486,3327474236,3449561673,True,780822536,0.05024639738687642
893,1772485200,3209071354,3352953604,3205534134,3316098737,False,780822536,0.04483610182760679
894,1772487000,3075286458,3260598681,3124733511,3226632388,True,780822536,0.060258524053241225
895,1772488800,2843158333,2896101079,2679479269,2841945627,False,780822536,0.018621103645725102
896,1772490600,2493205416,2584067297,2347559557,2524940362,False,780822536,0.03644380058574363
897,1772492400,2116971250,2252036432,1985050452,2185289937,False,780822536,0.06380114137119246
898,1772494200,1778448229,2158508752,1994670992,2117549312,True,780822536,0.21370345045900124
899,1772496000,1493446927,1629681057,1447458157,1584125332,False,780822536,0.09122127310788594
900,1772497800,1282086770,1325417322,1263230766,1309870683,False,780822536,0.03379689504166711
901,1772499600,1109644062,1162862641,1031347771,1129983924,False,780822536,0.04796004486707198
902,1772501400,990825312,1065020006,879602696,1018665679,False,780822536,0.07488171032917658
903,1772503200,921988125,973410308,768780198,922252780,False,780822536,0.055773151091289816
904,1772505000,882635104,929344256,766561006,888648443,False,780822536,0.052920115898766704
905,1772506800,865972708,882500391,735080921,845645524,False,780822536,0.019085685781219792
906,1772508600,863614375,875920068,740054898,841953775,False,780822536,0.014249059946460479
907,1772510400,881138854,884134119,667512309,829978667,False,780822536,0.003399311001214798
908,1772512200,958508229,940867754,704360014,881740819,False,780822536,0.01840409343006277
909,1772514000,1089082187,1050274671,783288691,983528176,False,780822536,0.03563322994649255
910,1772515800,1276387395,1085176462,921338702,1044217022,False,780822536,0.14980634699859285
911,1772517600,1519701354,1281970627,1099747727,1236414902,False,780822536,0.15643252957185955
912,1772519400,1807568750,1573894279,1511707723,1558347640,False,780822536,0.12927556476067645
913,1772521200,2080231145,1935482370,1803967500,1902603652,False,780822536,0.06958302463065949
914,1772523000,2378382708,2233314295,2047896985,2186959967,False,780822536,0.060994562612671
915,1772524800,2642769374,2526002498,2321372388,2474844970,False,780822536,0.04418352851700634
916,1772526600,2883850000,2794622056,2631838806,2753926244,False,780822536,0.030940563482844116
917,1772528400,2921454270,2896182550,2748763080,2859327683,False,780822536,0.008650390409842014
918,1772530200,2912794791,2931379192,2795514022,2897412899,False,780822536,0.00638026443106201
919,1772532000,2967192916,2968149895,2751528085,2913994442,False,780822536,0.0003225199800254578
920,1772533800,2993076458,3041045286,2804537546,2981918351,False,780822536,0.016026596270799307
921,1772535600,2980550312,3056386718,2789400738,2989640223,False,780822536,0.025443759729428115
922,1772537400,2743151562,2800737735,2636899975,2759778295,False,780822536,0.020992705542676827
923,1772539200,2705749895,2776454376,2594231476,2730898651,False,780822536,0.026131196061637472
924,1772541000,2685626979,2738953164,2676766608,2723406525,False,780822536,0.01985613989469831
925,1772542800,2712862916,2764215072,2632700202,2731336355,False,780822536,0.018929137811252383
926,1772544600,2644223541,2687774456,2502357146,2641420129,False,780822536,0.016470209240906232
927,1772546400,2550417708,2551432649,2346802539,2500275122,False,780822536,0.000397950891266318
928,1772548200,2474787500,2610490267,2447707017,2569794455,False,780822536,0.054834108787118085
929,1772550000,2459267708,2589259996,2441840526,2552405129,False,780822536,0.05285812828637361
930,1772551800,2466700312,2595507975,2459642805,2561541683,False,780822536,0.05221861057598958
931,1772553600,2495074687,2484227813,2267606003,2430072360,False,780822536,0.004347314353560271
932,1772555400,2578282187,2509011734,2272503994,2449884799,False,780822536,0.026866901283835305
933,1772557200,2628927187,2544341384,2277355404,2477594889,False,780822536,0.03217502691526618
934,1772559000,2710595312,2809462559,2645624799,2768503119,False,780822536,0.036474366557895085
935,1772560800,2768134687,2900905872,2718682972,2855350147,False,780822536,0.04796413470180254
936,1772562600,2829236770,2819217691,2757031135,2803671052,False,780822536,0.003541265653775594
937,1772564400,2947071354,2905501132,2773986262,2872622415,False,780822536,0.0141056041766948
938,1772566200,3033362500,2904429565,2719012255,2858075238,False,780822536,0.04250495448532775
939,1772568000,3235361145,3114913123,2910283013,3063755595,False,780822536,0.03722861733261002
940,1772569800,3270637812,3380370899,3217587649,3339675086,False,780822536,0.033550974857988955
941,1772571600,3139678125,3315037421,3167617951,3278182554,True,780822536,0.05585263489390334
942,1772573400,3034997395,3232255276,3096390106,3198288984,True,780822536,0.06499441525879794
943,1772575200,2793687500,3069621591,2852999781,3015466138,True,780822536,0.09877056435267008
944,1772577000,2443861979,2883702746,2647195006,2824575811,True,780822536,0.17997774456149024
945,1772578800,2125853333,2534260059,2267274079,2467513564,True,780822536,0.19211425344365465
946,1772580600,1786002083,2133980613,1970142853,2093021173,True,780822536,0.1948365756749232
947,1772582400,1494791041,1799720234,1617497334,1754164509,True,780822536,0.20399452808869223
948,1772584200,1278767916,1470245428,1408058872,1454698789,True,780822536,0.14973593691570222
949,1772586000,1113814687,1235034400,1103519530,1202155683,False,780822536,0.10883292742933637
950,1772587800,985241979,1088758696,903341386,1042404369,False,780822536,0.10506730245605989
951,1772589600,904056666,1007799601,803169491,956642073,False,780822536,0.11475269073454296
952,1772591400,846708437,950586130,787802880,909890318,False,780822536,0.1226841359559997
953,1772593200,823650520,937799066,790379596,900944198,False,780822536,0.13858856787949336
954,1772595000,831332010,933324918,797459748,899358626,False,780822536,0.122686131140313
955,1772596800,843419791,938087801,721465991,883932349,False,780822536,0.11224305027008787
956,1772598600,921699687,986405685,749897945,927278750,False,780822536,0.07020290764186839
957,1772600400,1058315312,1083243047,816257067,1016496552,False,780822536,0.023554166435418633
958,1772602200,1262667187,1114852317,951014557,1073892877,False,780822536,0.11706558269815877
959,1772604000,1502968333,1457200585,1274977685,1411644860,False,780822536,0.03045157172982167
960,1772605800,1792976250,1656814864,1594628308,1641268225,False,780822536,0.07594154468024883
961,1772607600,2100475208,1939660991,1808146121,1906782273,False,780822536,0.07656087364778837
962,1772609400,2457433541,2107991887,1922574577,2061637560,False,780822536,0.14219780440442845
963,1772611200,2719182187,2413026354,2208396244,2361868827,False,780822536,0.11259114393426262
964,1772613000,2952610625,2667737076,2504953826,2627041263,False,780822536,0.09648192233271531
965,1772614800,3019884062,2949905076,2802485606,2913050209,False,780822536,0.023172739271869438
966,1772616600,3016822708,2980593157,2844727987,2946626865,False,780822536,0.01200917472012081
967,1772618400,3060009062,3001021967,2784400157,2946866515,False,780822536,0.019276771344411137
968,1772620200,3086320208,3048311923,2811804183,2989184988,False,780822536,0.012315081533497188
969,1772622000,3067074791,3045661463,2778675483,2978914968,False,780822536,0.006981677806760729
970,1772623800,2820337187,2973758441,2809920681,2932799001,False,780822536,0.05439819561546631
971,1772625600,2779546979,2773763562,2591540662,2728207837,False,780822536,0.0020807048931695713
972,1772627400,2813207291,2801498541,2739311985,2785951902,False,780822536,0.0041620644299688045
973,1772629200,2846269583,2875494971,2743980101,2842616253,False,780822536,0.010267962028107019
974,1772631000,2744511145,2705069341,2519652031,2658715013,False,780822536,0.014371158255945067
975,1772632800,2598135625,2563647101,2359016991,2512489574,False,780822536,0.013274335515106145
976,1772634600,2497981562,2482576946,2319793696,2441881134,False,780822536,0.006166825341843736
977,1772636400,2464989791,2580571373,2433151903,2543716506,False,780822536,0.0468892741146448
978,1772638200,2469680208,2609863552,2473998382,2575897260,True,780822536,0.05676173925106015
979,1772640000,2513534375,2485369188,2268747378,2431213736,False,780822536,0.011205411503473072
980,1772641800,2528552083,2524965595,2288457855,2465838660,False,780822536,0.0014183959365965727
981,1772643600,2562945312,2567191690,2300205710,2500445195,False,780822536,0.001656835196645819
982,1772645400,2670815000,2660599451,2496761691,2619640011,False,780822536,0.003824880794813568
983,1772647200,2727952395,2733530025,2551307125,2687974300,False,780822536,0.0020446214568198137
984,1772649000,2794502812,2816830728,2754644172,2801284089,False,780822536,0.00798994221946054
985,1772650800,2912966458,2910496771,2778981901,2877618054,False,780822536,0.0008478254163268501
986,1772652600,3095536875,3006531839,2821114529,2960177511,False,780822536,0.028752697704497544
987,1772654400,3309211770,3205595990,3000965880,3154438463,False,780822536,0.031311317377551814
988,1772656200,3335174270,3276629725,3113846475,3235933912,False,780822536,0.017553668942162953
989,1772658000,3218519062,3218836376,3071416906,3181981509,False,780822536,9.859006390436596e-05
990,1772659800,3041490937,3225762519,3089897349,3191796226,True,780822536,0.06058593821810228
991,1772661600,2908880208,2938770304,2722148494,2884614852,False,780822536,0.010275464736497668
992,1772663400,2539481250,2834715928,2598208188,2775588993,True,780822536,0.11625786880686755
993,1772665200,2130193333,2536646596,2269660616,2469900101,True,780822536,0.19080580936171768
994,1772667000,1781864166,2209758428,2045920668,2168798988,True,780822536,0.24013854151439284
995,1772668800,1492378437,1813783831,1631560931,1768228106,True,780822536,0.2153645389343025
996,1772670600,1284080208,1422955320,1360768764,1407408681,True,780822536,0.10815143098911466
997,1772672400,1121117395,1181505844,1049990974,1148627127,False,780822536,0.053864518800013805
998,1772674200,987565729,1081561503,896144193,1035207176,False,780822536,0.09517925869620776
999,1772676000,910916458,998427572,793797462,947270045,False,780822536,0.0960693082570257
1000,1772677800,867838645,944179892,781396642,903484080,False,780822536,0.08796709784685838
1001,1772679600,833749583,902723357,755303887,865868490,False,780822536,0.08272720659339748
1002,1772681400,838431666,912874738,777009568,878908445,False,780822536,0.08878847855920556
1003,1772683200,850651562,922138828,705517018,867983375,False,780822536,0.08403824690796254
1004,1772685000,931732500,997310835,760803095,938183900,False,780822536,0.07038322157915496
1005,1772686800,1064446354,1103372111,836386131,1036625616,False,780822536,0.0365690171737861
1006,1772688600,1262756666,1109064315,945226555,1068104875,False,780822536,0.12171177166448631
1007,1772690400,1511296770,1287351612,1105128712,1241795887,False,780822536,0.14818079575462867
1008,1772692200,1808986250,1624578939,1562392383,1609032300,False,780822536,0.10193958688187929
1009,1772694000,2098791250,1948519443,1817004573,1915640726,False,780822536,0.07159921550082697
1010,1772695800,2379478854,2269058829,2083641519,2222704502,False,780822536,0.04640512976796557
1011,1772697600,2634686250,2537284493,2332654383,2486126965,False,780822536,0.03696901557063958
1012,1772699400,2871174375,2777654115,2614870865,2736958302,False,780822536,0.03257212826023498
1013,1772701200,2965847604,2877453424,2730033954,2840598557,False,780822536,0.029804019559462165
1014,1772703000,2915494062,3022718556,2886853386,2988752263,False,780822536,0.03677746951967553
1015,1772704800,2953739166,3059942610,2843320800,3005787157,False,780822536,0.03595559324346922
1016,1772706600,3003892291,3116750269,2880242529,3057623334,False,780822536,0.0375705807888436
1017,1772708400,2983381354,2884873891,2617887911,2818127396,False,780822536,0.0330187298609764
1018,1772710200,2740096875,2844378918,2680541158,2803419478,False,780822536,0.038057794215761075
1019,1772712000,2709877916,2818235868,2636012968,2772680143,False,780822536,0.03998628549287015
1020,1772713800,2703404166,2719286864,2657100308,2703740225,False,780822536,0.00587507343509805
1021,1772715600,2706777291,2797672112,2666157242,2764793395,False,780822536,0.03358045794983729
1022,1772717400,2590372604,2812694616,2627277306,2766340288,True,780822536,0.08582626748626623
1023,1772719200,2491027500,2708160100,2503529990,2657002573,True,780822536,0.08716587833735276
1024,1772721000,2426140937,2618962667,2456179417,2578266855,True,780822536,0.07947672250171507
1025,1772722800,2407061250,2611742922,2464323452,2574888054,True,780822536,0.0850338444856773
1026,1772724600,2413102604,2606976260,2471111090,2573009968,True,780822536,0.08034206903537036
1027,1772726400,2458452812,2645449369,2428827559,2591293916,False,780822536,0.07606269930716084
1028,1772728200,2534597708,2683077666,2446569926,2623950731,False,780822536,0.05858127210142652
1029,1772730000,2570884062,2708212754,2441226774,2641466259,False,780822536,0.05341691367177646
1030,1772731800,2624979791,2775491467,2611653707,2734532027,False,780822536,0.057338222761197634
1031,1772733600,2757324375,2835689514,2653466614,2790133789,False,780822536,0.028420718182640373
1032,1772735400,2813267708,2826269795,2764083239,2810723156,False,780822536,0.0046217027135478
1033,1772737200,2941652083,2908616680,2777101810,2875737962,False,780822536,0.01123022100095173
1034,1772739000,3078778750,3020137324,2834720014,2973782997,False,780822536,0.019046976337614388
1035,1772740800,3310628333,3229013563,3024383453,3177856036,False,780822536,0.024652350487812974
1036,1772742600,3379923541,3270479386,3107696136,3229783574,False,780822536,0.032380659997894315
1037,1772744400,3274143750,3299921133,3152501663,3263066266,False,780822536,0.007873015044009599
1038,1772746200,3147798333,3222988548,3087123378,3189022255,False,780822536,0.023886604872917695
1039,1772748000,2896503854,2886522688,2669900878,2832367235,False,780822536,0.003445935687679565
1040,1772749800,2641090729,2560665907,2324158167,2501538972,False,780822536,0.030451366595214004
1041,1772751600,2230109166,2269178188,2002192208,2202431693,False,780822536,0.01751888319892229
1042,1772753400,1876715000,2127150208,1963312448,2086190768,True,780822536,0.13344338804773234
1043,1772755200,1554038020,1625886708,1443663808,1580330983,False,780822536,0.046233545817624205
1044,1772757000,1320961979,1380581975,1318395419,1365035336,False,780822536,0.04513377140887414
1045,1772758800,1152742916,1207246722,1075731852,1174368004,False,780822536,0.04728183989985153
1046,1772760600,1025729375,1079128691,893711381,1032774363,False,780822536,0.052059848632101426
1047,1772762400,941841666,986706162,782076052,935548635,False,780822536,0.04763486010396996
1048,1772764200,891691770,922269466,759486216,881573654,False,780822536,0.03429177775185701
1049,1772766000,868596250,895285999,747866529,858431132,False,780822536,0.03072745133311363
1050,1772767800,870680312,892665866,756800696,858699574,False,780822536,0.02525100624992655
1051,1772769600,886291458,907430629,690808819,853275177,False,780822536,0.02385126338428504
1052,1772771400,965509687,960164037,723656297,901037102,False,780822536,0.005536609390849125
1053,1772773200,1102723541,1070845883,803859903,1004099388,False,780822536,0.028908114150797838
1054,1772775000,1312229583,1262566895,1098729135,1221607455,False,780822536,0.03784603597067358
1055,1772776800,1558649062,1447053533,1264830633,1401497808,False,780822536,0.07159759802299871
1056,1772778600,1857110625,1758670447,1696483891,1743123808,False,780822536,0.0530071696725121
1057,1772780400,2159315937,2007292610,1875777740,1974413893,False,780822536,0.07040346639186594
1058,1772782200,2468772083,2296423427,2111006117,2250069100,False,780822536,0.06981148935812881
1059,1772784000,2730225937,2584238686,2379608576,2533081158,False,780822536,0.05347075823344213
1060,1772785800,2960953125,2829246027,2666462777,2788550215,False,780822536,0.04448131815663242
1061,1772787600,3026465416,2909890556,2762471086,2873035689,False,780822536,0.0385184840982171
1062,1772789400,3000483125,2930723940,2794858770,2896757647,False,780822536,0.023249317557818294
1063,1772791200,3059391770,2980944198,2764322388,2926788746,False,780822536,0.025641558158470173
1064,1772793000,3101253541,3055807998,2819300258,2996681063,False,780822536,0.01465392700054639
1065,1772794800,3071825312,3075353673,2808367693,3008607178,False,780822536,0.0011486203288372408
1066,1772796600,2821796354,2860194556,2696356796,2819235116,False,780822536,0.013607715505610154
1067,1772798400,2816402916,2812907002,2630684102,2767351277,False,780822536,0.0012412691309683333
1068,1772800200,2832733958,2823886068,2761699512,2808339429,False,780822536,0.0031234454527621406
1069,1772802000,2865542604,2853784191,2722269321,2820905473,False,780822536,0.004103380973497472
1070,1772803800,2801880000,2781616742,2596199432,2735262414,False,780822536,0.007232022070895256
1071,1772805600,2701236979,2672901791,2468271681,2621744263,False,780822536,0.010489708315221462
1072,1772807400,2612896875,2592176632,2429393382,2551480819,False,780822536,0.007929988817488253
1073,1772809200,2588972916,2562739806,2415320336,2525884938,False,780822536,0.01013263207114987
1074,1772811000,2588760104,2552791834,2416926664,2518825541,False,780822536,0.013894014336988562
1075,1772812800,2603469479,2575318445,2358696635,2521162992,False,780822536,0.010812891884107239
1076,1772814600,2686161458,2627300265,2390792525,2568173330,False,780822536,0.021912753168540175
1077,1772816400,2729229375,2657162502,2390176522,2590416007,False,780822536,0.02640557574974804
1078,1772818200,2808467500,2775941613,2612103853,2734982173,False,780822536,0.011581364925889298
1079,1772820000,2871953229,2829448954,2647226054,2783893229,False,780822536,0.01479977966591043
1080,1772821800,2889304791,2898063406,2835876850,2882516767,False,780822536,0.003031391851521697
1081,1772823600,2976771354,2987215993,2855701123,2954337275,False,780822536,0.0035087138909628193
1082,1772825400,3089404479,3053701025,2868283715,3007346698,False,780822536,0.011556743133730661
1083,1772827200,3260524895,3240350526,3035720416,3189192999,False,780822536,0.006187460500895823
1084,1772829000,3360130833,3351204924,3188421674,3310509112,False,780822536,0.0026564170991016886
1085,1772830800,3322170937,3372924530,3225505060,3336069663,False,780822536,0.015277237072524544
1086,1772832600,3243258958,3324603511,3188738341,3290637219,False,780822536,0.02508111564738026
1087,1772834400,3081735208,3150495617,2933873807,3096340165,False,780822536,0.0223122378657005
1088,1772836200,2773587291,2954045952,2717538212,2894919017,False,780822536,0.06506327079936133
1089,1772838000,2446809791,2589500454,2322514474,2522753959,False,780822536,0.05831702305788264
1090,1772839800,2111415625,2250398914,2086561154,2209439474,False,780822536,0.06582469474715572
1091,1772841600,1799639895,1907694562,1725471662,1862138837,False,780822536,0.060042382534534776
1092,1772843400,1555445625,1588026882,1525840326,1572480243,False,780822536,0.02094657407262308
1093,1772845200,1357860364,1425189426,1293674556,1392310709,False,780822536,0.04958467290529146
1094,1772847000,1203312708,1283428779,1098011469,1237074451,False,780822536,0.06657959353986977
1095,1772848800,1082890520,1166126733,961496623,1114969206,False,780822536,0.07686484594952406
1096,1772850600,1004107083,1059550105,896766855,1018854292,False,780822536,0.055216244301704624
1097,1772852400,951701250,1001435351,854015881,964580484,False,780822536,0.052258102004174106
1098,1772854200,929252291,990497472,854632302,956531179,False,780822536,0.06590802260394965
1099,1772856000,929399687,979865843,763244033,925710391,False,780822536,0.05429973423264129
1100,1772857800,979085833,1024416819,787909079,965289884,False,780822536,0.04629929723434166
1101,1772859600,1075052083,1089656753,822670773,1022910258,False,780822536,0.013585081347170415
1102,1772861400,1207356875,1191462208,1027624448,1150502768,False,780822536,0.013164845729643939
1103,1772863200,1369263229,1324426724,1142203824,1278870999,False,780822536,0.03274498580725416
1104,1772865000,1643585208,1484790355,1422603799,1469243716,False,780822536,0.09661491976630153
1105,1772866800,2023098645,1702946044,1571431174,1670067327,False,780822536,0.15824863596802025
1106,1772868600,2412026041,1985583624,1800166314,1939229296,False,780822536,0.176798429930384
1107,1772870400,2707882083,2311607091,2106976981,2260449564,False,780822536,0.1463413028535482
1108,1772872200,2912871875,2595264943,2432481693,2554569130,False,780822536,0.10903566845005841
1109,1772874000,2990507291,2878191263,2730771793,2841336395,False,780822536,0.03755751685943641
1110,1772875800,3040553958,2950154594,2814289424,2916188301,False,780822536,0.029731215182730197
1111,1772877600,3079176145,3004539071,2787917261,2950383619,False,780822536,0.02423929989234182
1112,1772879400,3123915208,3068910111,2832402371,3009783176,False,780822536,0.017607743276494205
1113,1772881200,3145284270,3103858650,2836872670,3037112155,False,780822536,0.013170707778346533
1114,1772883000,3063879791,3041604378,2877766618,3000644938,False,780822536,0.007270328641950301
1115,1772884800,3075292291,3049060313,2866837413,3003504588,False,780822536,0.008529913750562581
1116,1772886600,3073116979,3072680345,3010493789,3057133706,False,780822536,0.0001420818026074887
1117,1772888400,3066658750,3050595104,2919080234,3017716387,False,780822536,0.00523815895720383
1118,1772890200,2954378958,2911862972,2726445662,2865508644,False,780822536,0.014390836992956948
1119,1772892000,2863456458,2761250156,2556620046,2710092629,False,780822536,0.03569333199198938
1120,1772893800,2790784791,2667664215,2504880965,2626968402,False,780822536,0.04411682921486869
1121,1772895600,2788611666,2619787857,2472368387,2582932989,False,780822536,0.0605404513860339
1122,1772897400,2796652916,2580659520,2444794350,2546693228,False,780822536,0.07723282169348754
1123,1772899200,2844863125,2617032850,2400411040,2562877397,False,780822536,0.08008479318315183
1124,1772901000,2926108333,2701097429,2464589689,2641970494,False,780822536,0.07689766693268905
1125,1772902800,2936647708,2750666800,2483680820,2683920305,False,780822536,0.06333102451933605
1126,1772904600,3010134479,3002890271,2839052511,2961930831,False,780822536,0.002406606100338283
1127,1772906400,3069580833,2968366063,2786143163,2922810338,False,780822536,0.03297348253933406
1128,1772908200,3017317708,3167399239,3105212683,3151852600,True,780822536,0.04974004911782395
1129,1772910000,3105843437,3126543977,2995029107,3093665260,False,780822536,0.006665030102095259
1130,1772911800,3111848437,3087840222,2902422912,3041485894,False,780822536,0.0077150977902848295
1131,1772913600,3292499583,3303946908,3099316798,3252789380,False,780822536,0.0034767885952379177
1132,1772915400,3312504270,3341095259,3178312009,3300399447,False,780822536,0.008631230836119042
1133,1772917200,3267891250,3251657465,3104237995,3214802598,False,780822536,0.004967663780121202
1134,1772919000,3171547083,3207993109,3072127939,3174026817,False,780822536,0.011491560757636717
1135,1772920800,3053893645,3124078753,2907456943,3069923300,False,780822536,0.022982171666295865
1136,1772922600,2806282604,3085331417,2848823677,3026204482,True,780822536,0.09943717450346994
1137,1772924400,2500779166,2813875459,2546889479,2747128964,True,780822536,0.12519949672357436
1138,1772926200,2172772916,2531184982,2367347222,2490225542,True,780822536,0.16495606299245677
1139,1772928000,1907408645,2200641730,2018418830,2155086005,True,780822536,0.1537337506405189
1140,1772929800,1711876145,1795358589,1733172033,1779811950,True,780822536,0.04876663784575373
1141,1772931600,1522198229,1604422595,1472907725,1571543878,False,780822536,0.05401685827345684
1142,1772933400,1349686354,1301659727,1116242417,1255305400,False,780822536,0.03558354639777295
1143,1772935200,1219812187,1157453866,952823756,1106296338,False,780822536,0.05112124773352506
1144,1772937000,1122160520,1062216755,899433505,1021520943,False,780822536,0.053418173186132054
1145,1772938800,1056059895,986346415,838926945,949491548,False,780822536,0.06601280886630015
1146,1772940600,1010547291,950803679,814938509,916837386,False,780822536,0.059120055569967384
1147,1772942400,1000312812,928288338,711666528,874132886,False,780822536,0.07200195092572702
1148,1772944200,1039125208,964855498,728347758,905728563,False,780822536,0.07147330218554375
1149,1772946000,1105888385,1025012554,758026574,958266059,False,780822536,0.0731320014722824
1150,1772947800,1196268020,1121161901,957324141,1080202461,False,780822536,0.06278368872554162
1151,1772949600,1296331562,1216416248,1034193348,1170860523,False,780822536,0.06164727940181094
1152,1772951400,1499788749,1373994932,1311808376,1358448293,False,780822536,0.08387435702786433
1153,1772953200,1818958750,1553685437,1422170567,1520806720,False,780822536,0.14583800374802341
1154,1772955000,2181952083,1830681136,1645263826,1784326809,False,780822536,0.1609893039067256
1155,1772956800,2485602291,2170470577,1965840467,2119313050,False,780822536,0.12678283856634892
1156,1772958600,2729420312,2643573299,2480790049,2602877486,False,780822536,0.0314524709230639
1157,1772960400,2885245833,2777745812,2630326342,2740890944,False,780822536,0.0372585308920538
1158,1772962200,2985210833,2867283742,2731418572,2833317450,False,780822536,0.039503772965170665
1159,1772964000,3044065833,2936481255,2719859445,2882325802,False,780822536,0.03534239530357752
1160,1772965800,3110680937,2999995644,2763487904,2940868709,False,780822536,0.03558233558557986
1161,1772967600,3127746354,3029593990,2762608010,2962847495,False,780822536,0.03138117765670969
1162,1772969400,3058281250,2961749837,2797912077,2920790397,False,780822536,0.031563942328718134
1163,1772971200,3003161770,2908287559,2726064659,2862731834,False,780822536,0.03159144204209818
1164,1772973000,2979825729,3004615940,2942429384,2989069301,False,780822536,0.008319349268898135
1165,1772974800,2978500312,2910948171,2779433301,2878069453,False,780822536,0.022679917382530057
1166,1772976600,2842575520,2777128673,2591711363,2730774345,False,780822536,0.023023784782330074
1167,1772978400,2762510625,2698503984,2493873874,2647346457,False,780822536,0.023169735682012083
1168,1772980200,2704042187,2876313510,2713530260,2835617697,True,780822536,0.06370881483588332
1169,1772982000,2695789166,2604442732,2457023262,2567587864,False,780822536,0.03388485833836161
1170,1772983800,2674419270,2841703072,2705837902,2807736780,True,780822536,0.0625495799691871
1171,1772985600,2757225000,2904831497,2688209687,2850676044,False,780822536,0.053534440243360626
1172,1772987400,2853973958,2749115540,2512607800,2689988605,False,780822536,0.036741196501135
1173,1772989200,2987206770,2877802102,2610816122,2811055607,False,780822536,0.03662440414193357
1174,1772991000,3080145104,3145040433,2981202673,3104080993,False,780822536,0.021068919420622206
1175,1772992800,3248254895,3297913329,3115690429,3252357604,False,780822536,0.015287726981167222
1176,1772994600,3260811770,3273534671,3211348115,3257988032,False,780822536,0.003901758794252635
1177,1772996400,3381994583,3259740891,3128226021,3226862174,False,780822536,0.036148399709012784
1178,1772998200,3447433333,3333311359,3147894049,3286957032,False,780822536,0.03310346074210799
1179,1773000000,3719901666,3660665546,3456035436,3609508019,False,780822536,0.015924109107888443
1180,1773001800,3761057812,3712109316,3549326066,3671413504,False,780822536,0.013014555597583567
1181,1773003600,3522867395,3512862774,3365443304,3476007907,False,780822536,0.0028399084831292666
1182,1773005400,3378919375,3391859565,3255994395,3357893273,False,780822536,0.0038296829737170038
1183,1773007200,3165363854,3258259377,3041637567,3204103924,False,780822536,0.02934750230454865
1184,1773009000,2694785833,3049040251,2812532511,2989913316,True,780822536,0.1314592104729979
1185,1773010800,2289466041,2288550980,2021565000,2221804485,False,780822536,0.0003996831503996962
1186,1773012600,1874102395,2222737364,2058899604,2181777924,True,780822536,0.1860277058127339
1187,1773014400,1525885312,1847246915,1665024015,1801691190,True,780822536,0.21060665600010703
1188,1773016200,1292961250,1511042928,1448856372,1495496289,True,780822536,0.16866837888606484
1189,1773018000,1123199687,1186991214,1055476344,1154112497,False,780822536,0.05679446650344375
1190,1773019800,989029895,1051841593,866424283,1005487265,False,780822536,0.06350839172561108
1191,1773021600,906895104,955294927,750664817,904137400,False,780822536,0.05336871131680517
1192,1773023400,862282604,900827428,738044178,860131616,False,780822536,0.044700918029885246
1193,1773025200,843203750,860798679,713379209,823943811,False,780822536,0.020866758479193195
1194,1773027000,843443125,857578367,721713197,823612075,False,780822536,0.016758974708579195
1195,1773028800,866617395,858695138,642073328,804539686,False,780822536,0.009141585485945618
1196,1773030600,947837291,934886911,698379171,875759976,False,780822536,0.013663083445827413
1197,1773032400,1079594062,1045908578,778922598,979162083,False,780822536,0.031201990809023177
1198,1773034200,1286518437,1243768788,1079931028,1202809348,False,780822536,0.03322894392379392
1199,1773036000,1550374062,1470181288,1287958388,1424625563,False,780822536,0.05172479078794082
1200,1773037800,1870438020,1691291552,1629104996,1675744913,False,780822536,0.09577781572254396
1201,1773039600,2186706041,1891566231,1760051361,1858687514,False,780822536,0.13497004373986635
1202,1773041400,2491140937,2136524921,1951107611,2090170594,False,780822536,0.14235084443959745
1203,1773043200,2765463958,2440297144,2235667034,2389139616,False,780822536,0.11758128796412251
1204,1773045000,3039161145,2743075929,2580292679,2702380117,False,780822536,0.09742333554346622
1205,1773046800,3091275312,2990611473,2843192003,2953756605,False,780822536,0.03256385434491511
1206,1773048600,3088925312,3020005938,2884140768,2986039645,False,780822536,0.02231176446133509
1207,1773050400,3107358645,3062170508,2845548698,3008015055,False,780822536,0.014542298512182202
1208,1773052200,3142560104,3122417995,2885910255,3063291060,False,780822536,0.00640945863672175
1209,1773054000,3095678333,3108333190,2841347210,3041586695,False,780822536,0.00408791083527605
1210,1773055800,2846610000,2853268488,2689430728,2812309048,False,780822536,0.0023390938695500964
1211,1773057600,2806201562,2833362642,2651139742,2787806917,False,780822536,0.00967894835773739
1212,1773059400,2777992083,2823143852,2760957296,2807597213,False,780822536,0.016253382893460174
1213,1773061200,2781678854,2816813689,2685298819,2783934972,False,780822536,0.012630802060229488
1214,1773063000,2713678437,2753292765,2567875455,2706938437,False,780822536,0.014598018490279953
1215,1773064800,2606239583,2629585237,2424955127,2578427710,False,780822536,0.008957600886840647
1216,1773066600,2573288333,2767169961,2604386711,2726474148,True,780822536,0.07534391910679059
1217,1773068400,2590998229,2516641016,2369221546,2479786149,False,780822536,0.028698287852052407
1218,1773070200,2608573958,2547732863,2411867693,2513766571,False,780822536,0.02332350777842121
1219,1773072000,2641393541,2567651794,2351029984,2513496341,False,780822536,0.027917743363634583
1220,1773073800,2754922500,2657312808,2420805068,2598185873,False,780822536,0.03543101194316719
1221,1773075600,2818188541,2691718719,2424732739,2624972224,False,780822536,0.04487628139851982
1222,1773077400,2902196666,2788749629,2624911869,2747790189,False,780822536,0.039090058344102584
1223,1773079200,2987342083,2979708175,2797485275,2934152450,False,780822536,0.0025554180900279576
1224,1773081000,2947841041,2978653931,2916467375,2963107292,False,780822536,0.010452697269438689
1225,1773082800,3085673229,3053327090,2921812220,3020448372,False,780822536,0.010482684522781657
1226,1773084600,3277326770,3074291335,2888874025,3027937007,False,780822536,0.06195153832646355
1227,1773086400,3493855833,3302843111,3098213001,3251685584,False,780822536,0.05467103713778221
1228,1773088200,3510240625,3467208149,3304424899,3426512336,False,780822536,0.01225912425875363
1229,1773090000,3338147916,3219428749,3072009279,3182573882,False,780822536,0.03556438180314596
1230,1773091800,3196279583,3233903846,3098038676,3199937554,False,780822536,0.011771267820284419
1231,1773093600,2946246875,2853536157,2636914347,2799380704,False,780822536,0.03146739629549883
1232,1773095400,2553670833,2503593454,2267085714,2444466519,False,780822536,0.019609958477369665
1233,1773097200,2128983958,2127369503,1860383523,2060623008,False,780822536,0.0007583218247997715
1234,1773099000,1759814270,2092905115,1929067355,2051945675,True,780822536,0.18927613594132295
1235,1773100800,1451133229,1503865608,1321642708,1458309883,False,780822536,0.036338757838478244
1236,1773102600,1236956250,1270967523,1208780967,1255420884,False,780822536,0.02749593851843992
1237,1773104400,1083237291,1117417478,985902608,1084538761,False,780822536,0.031553739225914444
1238,1773106200,961956979,1002197710,816780400,955843382,False,780822536,0.041832152454293905
1239,1773108000,893622812,933371771,728741661,882214244,False,780822536,0.04448068968946599
1240,1773109800,851991875,894029999,731246749,853334187,False,780822536,0.04934099166145217
1241,1773111600,837825520,877378852,729959382,840523984,False,780822536,0.047209509684068826
1242,1773113400,849029062,875031767,739166597,841065475,False,780822536,0.030626401573047683
1243,1773115200,877262083,892567495,675945685,838412043,False,780822536,0.017446795315328816
1244,1773117000,975258645,969948119,733440379,910821184,False,780822536,0.005445248834477135
1245,1773118800,1107473645,1100533325,833547345,1033786830,False,780822536,0.0062668037576641385
1246,1773120600,1316380625,1134881036,971043276,1093921596,False,780822536,0.13787774261718566
1247,1773122400,1596681354,1340990408,1158767508,1295434683,False,780822536,0.16013899414522756
1248,1773124200,1927861770,1661888910,1599702354,1646342271,False,780822536,0.13796261959175632
1249,1773126000,2232439687,1986648729,1855133859,1953770011,False,780822536,0.11009970814947262
1250,1773127800,2507434479,2389172530,2203755220,2342818203,False,780822536,0.04716452214024133
1251,1773129600,2763396875,2653569869,2448939759,2602412341,False,780822536,0.03974347911933569
1252,1773131400,3002297916,2894661167,2731877917,2853965355,False,780822536,0.0358514551225502
1253,1773133200,3047868437,2932276110,2784856640,2895421242,False,780822536,0.03792562880889205
1254,1773135000,3036775416,2923627303,2787762133,2889661011,False,780822536,0.03725929563439274
1255,1773136800,3052860416,2978036100,2761414290,2923880648,False,780822536,0.024509576529554634
1256,1773138600,3075127187,3003930315,2767422575,2944803380,False,780822536,0.0231524966840339
1257,1773140400,3036860208,2991414841,2724428861,2924668346,False,780822536,0.01496458970362985
1258,1773142200,2773634583,2754026764,2590189004,2713067324,False,780822536,0.007069359143478779
1259,1773144000,2742628229,2716635769,2534412869,2671080044,False,780822536,0.009477208658891843
1260,1773145800,2739190833,2710445615,2648259059,2694898976,False,780822536,0.010494054541106154
1261,1773147600,2748769791,2734225325,2602710455,2701346608,False,780822536,0.005291263767384731
1262,1773149400,2675569687,2657825907,2472408597,2611471580,False,780822536,0.00663177643483296
1263,1773151200,2585521875,2564033529,2359403419,2512876001,False,780822536,0.00831102850367491
1264,1773153000,2542462395,2488416775,2325633525,2447720963,False,780822536,0.021257195428449983
1265,1773154800,2547428020,2472910438,2325490968,2436055570,False,780822536,0.029252085403378737
1266,1773156600,2578444687,2480356496,2344491326,2446390203,False,780822536,0.03804161147785754
1267,1773158400,2619609791,2508744325,2292122515,2454588873,False,780822536,0.04232136648018812
1268,1773160200,2736631666,2591965280,2355457540,2532838345,False,780822536,0.05286293650597552
1269,1773162000,2784806250,2642623734,2375637754,2575877239,False,780822536,0.05105652000026932
1270,1773163800,2855028333,2724305313,2560467553,2683345873,False,780822536,0.04578694315885796
1271,1773165600,2899242708,2781858143,2599635243,2736302418,False,780822536,0.040488009050120545
1272,1773167400,2884515520,2900190908,2838004352,2884644269,False,780822536,0.005434322641467362
1273,1773169200,2995991874,2983792866,2852277996,2950914148,False,780822536,0.004071776063835879
1274,1773171000,3153757500,3049967548,2864550238,3003613220,False,780822536,0.032909934260956966
1275,1773172800,3364915104,3251982617,3047352507,3200825090,False,780822536,0.033561764118730054
1276,1773174600,3441377083,3287275708,3124492458,3246579896,False,780822536,0.04477898564538096
1277,1773176400,3339170625,3296619883,3149200413,3259765016,False,780822536,0.012742907379882693
1278,1773178200,3223909583,3209474446,3073609276,3175508153,False,780822536,0.004477525385984127
1279,1773180000,2942006250,3031121943,2814500133,2976966490,False,780822536,0.030290789830918954
1280,1773181800,2572629687,2812438187,2575930447,2753311252,True,780822536,0.09321532018844343
1281,1773183600,2163811145,2469298732,2202312752,2402552237,True,780822536,0.14118033715923023
1282,1773185400,1789306979,2081121350,1917283590,2040161910,True,780822536,0.16308792981017037
1283,1773187200,1469425729,1755487263,1573264363,1709931538,True,780822536,0.19467573512182595
1284,1773189000,1241593125,1421768704,1359582148,1406222065,True,780822536,0.14511644384306654
1285,1773190800,1084392604,1123038766,991523896,1090160048,False,780822536,0.035638533366463276
1286,1773192600,965228437,1002601595,817184285,956247267,False,780822536,0.038719495372679325
1287,1773194400,890243437,921433452,716803342,870275925,False,780822536,0.03503537763233182
1288,1773196200,840145520,864102394,701319144,823406582,False,780822536,0.028515148185281045
1289,1773198000,831083708,841061648,693642178,804206780,False,780822536,0.0120059386364484
1290,1773199800,849213125,848760308,712895138,814794016,False,780822536,0.0005332195024658857
1291,1773201600,881168229,860865260,644243450,806709808,False,780822536,0.023040968037443845
1292,1773203400,971082604,939162327,702654587,880035392,False,780822536,0.03287081538534079
1293,1773205200,1098293854,1075795123,808809143,1009048628,False,780822536,0.020485165166006656
1294,1773207000,1299867500,1280164168,1116326408,1239204728,False,780822536,0.015157954176098718
1295,1773208800,1565255104,1520482485,1338259585,1474926760,False,780822536,0.028604039613468656
1296,1773210600,1899310729,1727543030,1665356474,1711996391,False,780822536,0.09043686026584857
1297,1773212400,2224784375,2002442680,1870927810,1969563962,False,780822536,0.0999385367402178
1298,1773214200,2562806458,2195252848,2009835538,2148898520,False,780822536,0.1434184032323833
1299,1773216000,2816987812,2491647334,2287017224,2440489807,False,780822536,0.1154923271638209
1300,1773217800,3039689583,2742118782,2579335532,2701422970,False,780822536,0.09789512806314736
1301,1773219600,3101006770,3037308242,2889888772,3000453375,False,780822536,0.02054124119180817
1302,1773221400,3097627083,3034264072,2898398902,3000297779,False,780822536,0.020455338651879935
1303,1773223200,3128201979,3077467609,2860845799,3023312157,False,780822536,0.016218380507584226
1304,1773225000,3161981666,3103795939,2867288199,3044669004,False,780822536,0.018401664888084774
1305,1773226800,3121858645,3084567706,2817581726,3017821211,False,780822536,0.011945108104021796
1306,1773228600,2851467291,2837847285,2674009525,2796887845,False,780822536,0.004776490350420085
1307,1773230400,2807080520,2797074261,2614851361,2751518536,False,780822536,0.003564649794940688
1308,1773232200,2832964895,2835737879,2773551323,2820191240,False,780822536,0.000978827519145803
1309,1773234000,2920211979,2868706806,2737191936,2835828089,False,780822536,0.017637477474370705
1310,1773235800,2851950520,2763958187,2578540877,2717603860,False,780822536,0.030853386965493355
1311,1773237600,2758612083,2617601903,2412971793,2566444375,False,780822536,0.05111634972853847
1312,1773239400,2709883854,2517467075,2354683825,2476771263,False,780822536,0.07100554465313258
1313,1773241200,2710673229,2484494540,2337075070,2447639672,False,780822536,0.0834400423408616
1314,1773243000,2729819375,2601350868,2465485698,2567384575,False,780822536,0.0470611748808472
1315,1773244800,2768784583,2533077594,2316455784,2478922142,False,780822536,0.08513012909968229
1316,1773246600,2806212500,2548114538,2311606798,2488987603,False,780822536,0.09197377675425507
1317,1773248400,2830649166,2582527002,2315541022,2515780507,False,780822536,0.08765556925255498
1318,1773250200,2869363020,2690415926,2526578166,2649456486,False,780822536,0.06236474532943552
1319,1773252000,2915233333,2747572556,2565349656,2702016831,False,780822536,0.05751195799736007
1320,1773253800,2855989687,2862484256,2800297700,2846937617,False,780822536,0.0022740169649639215
1321,1773255600,2994866770,2987508895,2855994025,2954630178,False,780822536,0.0024568288224721263
1322,1773257400,3126005937,3118416781,2932999471,3072062454,False,780822536,0.0024277484281694122
1323,1773259200,3380645520,3332114307,3127484197,3280956780,False,780822536,0.014355605375626605
1324,1773261000,3448529166,3358099438,3195316188,3317403626,False,780822536,0.02622269484961056
1325,1773262800,3358201041,3241466861,3094047391,3204611994,False,780822536,0.03476092663149168
1326,1773264600,3248518125,3211878633,3076013463,3177912341,False,780822536,0.011278832559999953
1327,1773266400,3026282187,2931873269,2715251459,2877717817,False,780822536,0.031196336681870704
1328,1773268200,2594405208,2798684685,2562176945,2739557750,False,780822536,0.07873846243065359
1329,1773270000,2157900729,2478394267,2211408287,2411647772,True,780822536,0.1485209832375009
1330,1773271800,1774270312,2147240530,1983402770,2106281090,True,780822536,0.21021048229093064
1331,1773273600,1465259166,1772586338,1590363438,1727030613,True,780822536,0.20974253506222393
1332,1773275400,1250144166,1373638973,1311452417,1358092334,True,780822536,0.09878445251249526
1333,1773277200,1078089479,1119968168,988453298,1087089450,False,780822536,0.03884528122734792
1334,1773279000,965175833,1011107749,825690439,964753422,False,780822536,0.047589169174732125
1335,1773280800,895885520,934481764,729851654,883324236,False,780822536,0.04308166963118234
1336,1773282600,862040000,891427237,728643987,850731424,False,780822536,0.03409034035543594
1337,1773284400,837388229,857361461,709941991,820506593,False,780822536,0.023851818437729676
1338,1773286200,852514166,862066830,726201660,828100537,False,780822536,0.011205284769426341
1339,1773288000,877309687,874310011,657688201,820154559,False,780822536,0.0034191757419863075
1340,1773289800,969972708,955414235,718906495,896287300,False,780822536,0.015009157350435473
1341,1773291600,1103186562,1088151375,821165395,1021404880,False,780822536,0.013628870689597831
1342,1773293400,1314486354,1286484973,1122647213,1245525533,False,780822536,0.02130214658736579
1343,1773295200,1593451875,1355892237,1173669337,1310336512,False,780822536,0.14908491541358912
1344,1773297000,1925180729,1711527326,1649340770,1695980687,False,780822536,0.1109783615541271
1345,1773298800,2209455729,2013943670,1882428800,1981064952,False,780822536,0.08848878772895295
1346,1773300600,2474463229,2402927846,2217510536,2356573518,False,780822536,0.028909454851309087
1347,1773302400,2714268333,2658158435,2453528325,2607000908,False,780822536,0.020672200061363645
1348,1773304200,2914397916,2894669754,2731886504,2853973942,False,780822536,0.006769206734500012
1349,1773306000,2946041979,2989366177,2841946707,2952511310,False,780822536,0.014705899749163079
1350,1773307800,2926598437,2939035829,2803170659,2905069536,False,780822536,0.0042497774353865
1351,1773309600,2945658958,2977304127,2760682317,2923148674,False,780822536,0.010742984660208583
1352,1773311400,2966098437,3027480446,2790972706,2968353511,False,780822536,0.020694528621944045
1353,1773313200,2927327083,3006992703,2740006723,2940246208,False,780822536,0.027214458016203855
1354,1773315000,2677586875,2763731417,2599893657,2722771977,False,780822536,0.03217245453520532
1355,1773316800,2657846458,2733535652,2551312752,2687979927,False,780822536,0.02847763977192094
1356,1773318600,2638858750,2690581179,2628394623,2675034540,False,780822536,0.01960030221397792
1357,1773320400,2646863020,2717525737,2586010867,2684647019,False,780822536,0.02669677896667278
1358,1773322200,2584112708,2791749140,2606331830,2745394813,True,780822536,0.08035115161857716
1359,1773324000,2499335833,2688275770,2483645660,2637118242,False,780822536,0.07559605816286474
1360,1773325800,2439229479,2603963774,2441180524,2563267961,True,780822536,0.06753538214351829
1361,1773327600,2463187187,2594395303,2446975833,2557540436,False,780822536,0.05326761875527733
1362,1773329400,2478647187,2591813508,2455948338,2557847216,False,780822536,0.04565648616452326
1363,1773331200,2538485729,2482088053,2265466243,2427932601,False,780822536,0.022217054583252297
1364,1773333000,2650197395,2558256213,2321748473,2499129278,False,780822536,0.034692201484108696
1365,1773334800,2726642291,2594565830,2327579850,2527819335,False,780822536,0.04843923291146517
1366,1773336600,2803314375,2648684822,2484847062,2607725382,False,780822536,0.05515954770502684
1367,1773338400,2868160416,2781052669,2598829769,2735496944,False,780822536,0.03037059800214466
1368,1773340200,2833190208,2877355255,2815168699,2861808616,False,780822536,0.01558845109491498
1369,1773342000,2963956979,2967470285,2835955415,2934591567,False,780822536,0.0011853431156026236
1370,1773343800,3132770833,3102332666,2916915356,3055978339,False,780822536,0.009716052856267128
1371,1773345600,3354338854,3334205547,3129575437,3283048019,False,780822536,0.006002168497673193
1372,1773347400,3414598749,3403524052,3240740802,3362828240,False,780822536,0.0032433377430491177
1373,1773349200,3277580208,3297767559,3150348089,3260912692,False,780822536,0.0061592240979263324
1374,1773351000,3106709166,3171445440,3035580270,3137479147,False,780822536,0.02083757137889746
1375,1773352800,2860529062,2920174258,2703552448,2866018806,False,780822536,0.02085110645871145
1376,1773354600,2484441354,2664784431,2428276691,2605657496,False,780822536,0.07258898533050259
1377,1773356400,2095654166,2253826166,1986840186,2187079671,False,780822536,0.07547619381393676
1378,1773358200,1747922499,2100803464,1936965704,2059844024,True,780822536,0.2018859332732921
1379,1773360000,1466205937,1577801615,1395578715,1532245890,False,780822536,0.07611187158901812
1380,1773361800,1245430520,1295077801,1232891245,1279531162,False,780822536,0.03986354935319877
1381,1773363600,1088414895,1141188575,1009673705,1108309857,False,780822536,0.04848673078844626
1382,1773365400,985490520,1047977270,862559960,1001622943,False,780822536,0.06340674895583978
1383,1773367200,916171250,964111567,759481457,912954039,False,780822536,0.05232680789754099
1384,1773369000,872657916,913983677,751200427,873287864,False,780822536,0.04735619793541184
1385,1773370800,858767604,890910163,743490693,854055295,False,780822536,0.03742870463474074
1386,1773372600,876629999,893016230,757151060,859049938,False,780822536,0.018692300079500245
1387,1773374400,895304687,908649382,692027572,854493930,False,780822536,0.01490519953013493
1388,1773376200,986288020,987889617,751381877,928762682,False,780822536,0.0016238633822197293
1389,1773378000,1112378437,1125125477,858139497,1058378982,False,780822536,0.011459265638389933
1390,1773379800,1323590000,1334653525,1170815765,1293694085,False,780822536,0.008358725133916093
1391,1773381600,1593809479,1581095010,1398872110,1535539285,False,780822536,0.007977408321085785
1392,1773383400,1935532291,1809613383,1747426827,1794066744,False,780822536,0.06505647494774862
1393,1773385200,2229340312,2066218882,1934704012,2033340164,False,780822536,0.07317026885574929
1394,1773387000,2495782604,2490266832,2304849522,2443912505,False,780822536,0.0022100370405498666
1395,1773388800,2755346666,2751741947,2547111837,2700584419,False,780822536,0.0013082633283430188
1396,1773390600,2960227916,2982490396,2819707146,2941794583,False,780822536,0.007520529037535095
1397,1773392400,2979257916,3048023948,2900604478,3011169080,False,780822536,0.02308159747791369
1398,1773394200,2957536458,3022062918,2886197748,2988096625,False,780822536,0.021817638063415547
1399,1773396000,2996183854,3080992823,2864371013,3026837371,False,780822536,0.028305662513592865
1400,1773397800,3021008958,3122875855,2886368115,3063748920,False,780822536,0.03371949518065613
1401,1773399600,2985251979,3093468887,2826482907,3026722392,False,780822536,0.03625051042969261
1402,1773401400,2719100312,2843461190,2679623430,2802501750,False,780822536,0.04573603903142798
1403,1773403200,2695227812,2838089013,2655866113,2792533288,False,780822536,0.05300524147307219
1404,1773405000,2705753125,2781398287,2719211731,2765851648,True,780822536,0.02795715592123727
1405,1773406800,2723831770,2856870144,2725355274,2823991427,True,780822536,0.04884236077472582
1406,1773408600,2691769583,2821954239,2636536929,2775599911,False,780822536,0.04836396726606447
1407,1773410400,2613615208,2721331074,2516700964,2670173546,False,780822536,0.04121336058586326
1408,1773412200,2586531041,2633010826,2470227576,2592315013,False,780822536,0.017969931256664937
1409,1773414000,2605416770,2609106722,2461687252,2572251855,False,780822536,0.0014162617061837673
1410,1773415800,2603590312,2608913766,2473048596,2574947474,False,780822536,0.002044658860291534
1411,1773417600,2613839270,2623642997,2407021187,2569487545,False,780822536,0.003750700019133158
1412,1773419400,2730112500,2706354832,2469847092,2647227897,False,780822536,0.008702083888484449
1413,1773421200,2803081875,2749442605,2482456625,2682696110,False,780822536,0.019135819926772563
1414,1773423000,2870681458,2828700586,2664862826,2787741146,False,780822536,0.01462400918186444
1415,1773424800,2918915000,2892206170,2709983270,2846650445,False,780822536,0.009150259599885574
1416,1773426600,2864573750,2917107033,2854920477,2901560394,False,780822536,0.018338952872133246
1417,1773428400,2977301874,2999222317,2867707447,2966343600,False,780822536,0.007362519464830055
1418,1773430200,3138331770,3109042307,2923624997,3062687979,False,780822536,0.00933281282749784
1419,1773432000,3321812708,3280182147,3075552037,3229024619,False,780822536,0.012532482912037797
1420,1773433800,3410318750,3379807509,3217024259,3339111697,False,780822536,0.008946741708527979
1421,1773435600,3368573541,3341867037,3194447567,3305012170,False,780822536,0.007928134468476488
1422,1773437400,3265423750,3262974482,3127109312,3229008190,False,780822536,0.0007500613052134504
1423,1773439200,3111547083,3101470157,2884848347,3047314704,False,780822536,0.0032385580970493706
1424,1773441000,2774535625,2793341664,2556833924,2734214729,False,780822536,0.006778085251653599
1425,1773442800,2418675416,2466583588,2199597608,2399837093,False,780822536,0.01980760695836998
1426,1773444600,2067870520,2131208846,1967371086,2090249406,False,780822536,0.03062973497973171
1427,1773446400,1758850625,1819452540,1637229640,1773896815,False,780822536,0.03445540749090049
1428,1773448200,1504686666,1547630854,1485444298,1532084215,False,780822536,0.028540286140875525
1429,1773450000,1312848229,1367773671,1236258801,1334894953,False,780822536,0.04183685576651679
1430,1773451800,1161626250,1223027266,1037609956,1176672939,False,780822536,0.05285780688926408
1431,1773453600,1052222812,1102624578,897994468,1051467051,False,780822536,0.04790027874818589
1432,1773455400,983827395,1023860641,861077391,983164829,False,780822536,0.04069133082028072
1433,1773457200,947186666,971474308,824054838,934619441,False,780822536,0.02564187490367395
1434,1773459000,938310000,949044850,813179680,915078557,False,780822536,0.011440621969285204
1435,1773460800,944512604,949211746,732589936,895056293,False,780822536,0.004975203062509899
1436,1773462600,1004480937,998917392,762409652,939790457,False,780822536,0.0055387263163163445
1437,1773464400,1082794375,1094903142,827917162,1028156647,False,780822536,0.011182886870833623
1438,1773466200,1192208437,1227227434,1063389674,1186267994,False,780822536,0.02937321689160299
1439,1773468000,1353496875,1389153288,1206930388,1343597563,False,780822536,0.026343919707978638
