,timestamp,observed,predicted,threshold,norm_threshold,alertable,baseline,model_relative_error
0,1770877800,2766042395,2529635059,2300857589,2472440691,False,1483331979,0.08546771966595255
1,1770879600,3013493437,2838775254,2524672254,2760249504,False,1483331979,0.057978617392953694
2,1770881400,3334073229,3066263310,2640871340,2959915318,False,1483331979,0.08032514603175803
3,1770883200,3574404687,3406602407,3068454987,3322065552,False,1483331979,0.04694551811950441
4,1770885000,3729943750,3642831506,3330905076,3564849898,False,1483331979,0.02335484120906649
5,1770886800,3782570312,3797722478,3513555878,3726680828,False,1483331979,0.004005785682801605
6,1770888600,3840831562,3832691367,3562548487,3765155647,False,1483331979,0.0021193834899027003
7,1770890400,3897788541,3911714214,3637178114,3843080189,False,1483331979,0.003572711257555108
8,1770892200,3916253125,3973469146,3740051416,3915114714,False,1483331979,0.014609888373852239
9,1770894000,3892377083,3988403452,3788967422,3938544444,False,1483331979,0.02467036645020757
10,1770895800,3838044375,3969957966,3778673516,3922136854,False,1483331979,0.034370001519328446
11,1770897600,3799204479,3880836855,3656041895,3824638115,False,1483331979,0.02148670240078436
12,1770899400,3747141354,3823142639,3594365169,3765948272,False,1483331979,0.020282470774386486
13,1770901200,3695971145,3755966810,3441863810,3677441060,False,1483331979,0.01623272007444203
14,1770903000,3586719062,3711599688,3286207718,3605251696,False,1483331979,0.034817509774619754
15,1770904800,3534715937,3667121108,3328973688,3582584253,False,1483331979,0.037458503981617125
16,1770906600,3468070000,3612030756,3300104326,3534049148,False,1483331979,0.04151033744993613
17,1770908400,3479121562,3563725925,3279559325,3492684275,False,1483331979,0.02431773696098291
18,1770910200,3504289583,3565206095,3295063215,3497670375,False,1483331979,0.017383412688128864
19,1770912000,3569131250,3623450534,3348914434,3554816509,False,1483331979,0.015219189263493742
20,1770913800,3609412916,3657216537,3423798807,3598862105,False,1483331979,0.01324415413600742
21,1770915600,3668607083,3710423165,3510987135,3660564158,False,1483331979,0.011398353940320297
22,1770917400,3777288541,3812788959,3621504509,3764967847,False,1483331979,0.00939838659786409
23,1770919200,3984154895,3926099753,3701304793,3869901013,False,1483331979,0.014571507265658154
24,1770921000,4192462812,4160475793,3931698323,4103281426,False,1483331979,0.007629648832768227
25,1770922800,4459091666,4320425227,4006322227,4241899477,False,1483331979,0.03109746320249789
26,1770924600,4622884375,4585546730,4160154760,4479198737,False,1483331979,0.00807669886833369
27,1770926400,4712239895,4696076774,4357929354,4611539919,False,1483331979,0.00343002931942199
28,1770928200,4706523437,4807136713,4495210283,4729155106,False,1483331979,0.02137740889783654
29,1770930000,4595906250,4825385925,4541219325,4754344275,False,1483331979,0.04993132203251535
30,1770931800,4375595833,4741044197,4470901317,4673508477,True,1483331979,0.08351968004993755
31,1770933600,4059220833,4562586742,4288050642,4493952717,True,1483331979,0.12400554926891803
32,1770935400,3690596875,4178581890,3945164160,4120227457,True,1483331979,0.13222387367896962
33,1770937200,3330535104,3748791100,3549355070,3698932093,True,1483331979,0.1255822211564956
34,1770939000,2939632291,3349258437,3157973987,3301437324,True,1483331979,0.1393460492504843
35,1770940800,2521733333,2943717126,2718922166,2887518386,True,1483331979,0.16733878538139624
36,1770942600,2185527291,2475221952,2246444482,2418027585,True,1483331979,0.13255138116689846
37,1770944400,1927707291,2198906025,1884803025,2120380275,False,1483331979,0.14068460251520623
38,1770946200,1769913229,1964603696,1539211726,1858255704,False,1483331979,0.1100000066726435
39,1770948000,1663521145,1774922618,1436775198,1690385763,False,1483331979,0.06696727200302585
40,1770949800,1598759374,1641477788,1329551358,1563496181,False,1483331979,0.026719726992512384
41,1770951600,1575786770,1567763376,1283596776,1496721726,False,1483331979,0.005091674935181745
42,1770953400,1582027291,1547586256,1277443376,1480050536,False,1483331979,0.02177019018314773
43,1770955200,1613601041,1562960907,1288424807,1494326882,False,1483331979,0.03138330523672487
44,1770957000,1732200625,1605815348,1372397618,1547460916,False,1483331979,0.0729622626709305
45,1770958800,1912759375,1719555311,1520119281,1669696303,False,1483331979,0.10100803400845963
46,1770960600,2315837500,1911885587,1720601137,1864064474,False,1483331979,0.17443016316991153
47,1770962400,2551378645,2361838153,2137043193,2305639413,False,1483331979,0.07428944048404858
48,1770964200,2809298020,2743455964,2514678494,2686261597,False,1483331979,0.02343719161557662
49,1770966000,3063544062,2890003555,2575900555,2811477805,False,1483331979,0.056646976014670426
50,1770967800,3423267187,3127072833,2701680863,3020724841,False,1483331979,0.08652387845296167
51,1770969600,3674561145,3451276903,3113129483,3366740048,False,1483331979,0.06076487318868659
52,1770971400,3816414270,3701999411,3390072981,3624017803,False,1483331979,0.02997967487423738
53,1770973200,3911425312,3866562960,3582396360,3795521310,False,1483331979,0.011469566314449417
54,1770975000,3935343750,3941950884,3671808004,3874415164,False,1483331979,0.0016789216952140457
55,1770976800,4000238958,3997448288,3722912188,3928814263,False,1483331979,0.0006976258241820763
56,1770978600,4039629687,4046159858,3812742128,3987805426,False,1483331979,0.0016165271339139953
57,1770980400,4025956250,4071087574,3871651544,4021228567,False,1483331979,0.01121008803809033
58,1770982200,3939395833,4076396332,3885111882,4028575219,False,1483331979,0.0347770330293691
59,1770984000,3908135104,3965749777,3740954817,3909551037,False,1483331979,0.014742241879261295
60,1770985800,3841609166,3926994273,3698216803,3869799906,False,1483331979,0.022226390897777237
61,1770987600,3794909375,3863438508,3549335508,3784912758,False,1483331979,0.01805817378708813
62,1770989400,3763470833,3768683357,3343291387,3662335364,False,1483331979,0.0013850310607681545
63,1770991200,3678806979,3674207061,3336059641,3589670206,False,1483331979,0.0012503830796935106
64,1770993000,3600149583,3621595763,3309669333,3543614156,False,1483331979,0.0059570247028816305
65,1770994800,3592478125,3546685821,3262519221,3475644171,False,1483331979,0.012746717560040815
66,1770996600,3649714583,3550119316,3279976436,3482583596,False,1483331979,0.027288508384711682
67,1770998400,3692859791,3603123644,3328587544,3534489619,False,1483331979,0.02429990632698787
68,1771000200,3714168750,3650382035,3416964305,3592027602,False,1483331979,0.01717388715846581
69,1771002000,3755252708,3752466883,3553030853,3702607876,False,1483331979,0.0007418475443916782
70,1771003800,3862888541,3813017774,3621733324,3765196662,False,1483331979,0.012910226756656503
71,1771005600,4036813229,3896317519,3671522559,3840118779,False,1483331979,0.03480361910001063
72,1771007400,4250702812,4143026827,3914249357,4085832459,False,1483331979,0.0253313369017528
73,1771009200,4448589895,4266860792,3952757792,4188335042,False,1483331979,0.04085094542076237
74,1771011000,4706476562,4464153306,4038761336,4357805314,False,1483331979,0.05148719064204276
75,1771012800,4804031250,4599853528,4261706108,4515316673,False,1483331979,0.04250133093951044
76,1771014600,4942031250,4765917605,4453991175,4687935998,False,1483331979,0.03563588251288374
77,1771016400,4919694270,4843534598,4559367998,4772492948,False,1483331979,0.015480570096482845
78,1771018200,4845766250,4865492632,4595349752,4797956912,False,1483331979,0.0040708488569790174
79,1771020000,4575367395,4769087125,4494551025,4700453100,False,1483331979,0.042339710295548845
80,1771021800,4294244479,4551495056,4318077326,4493140623,True,1483331979,0.05990589922348946
81,1771023600,3948904166,4222166424,4022730394,4172307416,True,1483331979,0.06919951624878201
82,1771025400,3499390312,3812427583,3621143133,3764606470,True,1483331979,0.0894548030056957
83,1771027200,3025255000,3371136451,3146341491,3314937711,True,1483331979,0.11433133768888903
84,1771029000,2624192812,2940202300,2711424830,2883007933,True,1483331979,0.12042159652101052
85,1771030800,2351904166,2606873100,2292770100,2528347350,False,1483331979,0.10840957624291227
86,1771032600,2120054375,2319138695,1893746725,2212790702,False,1483331979,0.09390528957541479
87,1771034400,1953436770,2074789707,1736642287,1990252852,False,1483331979,0.06212278731704226
88,1771036200,1819152083,1878622176,1566695746,1800640569,False,1483331979,0.032691105683658225
89,1771038000,1741723958,1755700479,1471533879,1684658829,False,1483331979,0.008024532783053099
90,1771039800,1712457187,1665674511,1395531631,1598138791,False,1483331979,0.02731903393272979
91,1771041600,1701222916,1650151461,1375615361,1581517436,False,1483331979,0.030020436780902146
92,1771043400,1749656354,1646158618,1412740888,1587804185,False,1483331979,0.059153179287685424
93,1771045200,1850836041,1676382442,1476946412,1626523435,False,1483331979,0.09425664679932608
94,1771047000,2123663020,1768238349,1576953899,1720417237,False,1483331979,0.16736396860176056
95,1771048800,2235426874,2056394673,1831599713,2000195933,False,1483331979,0.08008859653711044
96,1771050600,2515740833,2299774652,2070997182,2242580284,False,1483331979,0.08584595764678277
97,1771052400,2872826875,2459642744,2145539744,2381116994,False,1483331979,0.1438249323673568
98,1771054200,3240116249,2819064022,2393672052,2712716030,False,1483331979,0.1299497285413601
99,1771056000,3558042083,3171913218,2833765798,3087376363,False,1483331979,0.10852284936282469
100,1771057800,3813325000,3492993037,3181066607,3415011430,False,1483331979,0.08400332072404004
101,1771059600,4005331250,3738526191,3454359591,3667484541,False,1483331979,0.06661248280026777
102,1771061400,4116669062,3936400178,3666257298,3868864458,False,1483331979,0.04378998682794775
103,1771063200,4215203958,4048876873,3774340773,3980242848,False,1483331979,0.039458846275831856
104,1771065000,4278053437,4110564818,3877147088,4052210386,False,1483331979,0.039150660800873954
105,1771066800,4293965937,4122183805,3922747775,4072324797,False,1483331979,0.040005471519882714
106,1771068600,4270130208,4182411437,3991126987,4134590325,False,1483331979,0.020542411291267115
107,1771070400,4248388229,4151916571,3927121611,4095717831,False,1483331979,0.022707825368094438
108,1771072200,4224297916,4192557452,3963779982,4135363085,False,1483331979,0.007513784451560447
109,1771074000,4156114270,4077717667,3763614667,3999191917,False,1483331979,0.01886295657602311
110,1771075800,4068652812,3998585051,3573193081,3892237059,False,1483331979,0.017221366441821626
111,1771077600,4091964166,3887068269,3548920849,3802531414,False,1483331979,0.05007274958624357
112,1771079400,3950895104,3882765030,3570838600,3804783422,False,1483331979,0.017244212313058668
113,1771081200,4098753958,3770199498,3486032898,3699157848,False,1483331979,0.08015959566412208
114,1771083000,4131437916,3865072299,3594929419,3797536579,False,1483331979,0.06447285967155267
115,1771084800,4176444999,3891789163,3617253063,3823155138,False,1483331979,0.0681574487556181
116,1771086600,4252705625,3920211027,3686793297,3861856594,False,1483331979,0.07818424958581514
117,1771088400,4156237812,4120311433,3920875403,4070452425,False,1483331979,0.00864396616003839
118,1771090200,4140223958,3991351213,3800066763,3943530101,False,1483331979,0.035957655071373315
119,1771092000,4273826666,4034470993,3809676033,3978272253,False,1483331979,0.05600500247335019
120,1771093800,4422500000,4227447629,3998670159,4170253262,False,1483331979,0.04410454968908988
121,1771095600,4662424375,4441561380,4127458380,4363035630,False,1483331979,0.04737084770409815
122,1771097400,4878670833,4706524633,4281132663,4600176641,False,1483331979,0.03528547136969755
123,1771099200,4975768750,4846754033,4508606613,4762217178,False,1483331979,0.02592859987715466
124,1771101000,5017663229,4927941142,4616014712,4849959534,False,1483331979,0.017881249279832846
125,1771102800,5024304375,5015424395,4731257795,4944382745,False,1483331979,0.0017674048658726015
126,1771104600,5001081979,5022742233,4752599353,4955206513,False,1483331979,0.004331113565215165
127,1771106400,4693109583,5002609654,4728073554,4933975629,True,1483331979,0.06594776139920362
128,1771108200,4437057291,4831976032,4598558302,4773621600,True,1483331979,0.08900465220519957
129,1771110000,4084779791,4512455537,4313019507,4462596529,True,1483331979,0.10469982909294118
130,1771111800,3689772708,4110686082,3919401632,4062864970,True,1483331979,0.11407569173228325
131,1771113600,3209253541,3643942253,3419147293,3587743513,True,1483331979,0.1354485416769382
132,1771115400,2809919166,3173893331,2945115861,3116698963,True,1483331979,0.1295318987834542
133,1771117200,2473021770,2822946157,2508843157,2744420407,True,1483331979,0.1414966868649927
134,1771119000,2245622916,2491530421,2066138451,2385182428,False,1483331979,0.10950525275099214
135,1771120800,2054918020,2229229579,1891082159,2144692724,False,1483331979,0.08482652704558988
136,1771122600,1898987291,2017698739,1705772309,1939717131,False,1483331979,0.06251302921436983
137,1771124400,1799289375,1858403627,1574237027,1787361977,False,1483331979,0.032854221684046794
138,1771126200,1755888020,1767541640,1497398760,1700005920,False,1483331979,0.0066368810922236374
139,1771128000,1718802604,1709857778,1435321678,1641223753,False,1483331979,0.005204103123409045
140,1771129800,1740349374,1668185583,1434767853,1609831151,False,1483331979,0.04146511733683653
141,1771131600,1804047604,1690405158,1490969128,1640546151,False,1483331979,0.06299304172906958
142,1771133400,2039670104,1758566922,1567282472,1710745809,False,1483331979,0.13781796450746037
143,1771135200,2120729895,2008348060,1783553100,1952149320,False,1483331979,0.052992054888725
144,1771137000,2393034375,2140790205,1912012735,2083595837,False,1483331979,0.1054076667828894
145,1771138800,2782051145,2327979020,2013876020,2249453270,False,1483331979,0.16321487324777417
146,1771140600,3223158749,2688132571,2262740601,2581784578,False,1483331979,0.165994361328307
147,1771142400,3602744791,3088311642,2750164222,3003774787,False,1483331979,0.14278922844746125
148,1771144200,3931656666,3496486233,3184559803,3418504626,False,1483331979,0.11068373206725982
149,1771146000,4152882291,3794220826,3510054226,3723179176,False,1483331979,0.08636446686131224
150,1771147800,4355907083,4075921251,3805778371,4008385531,False,1483331979,0.06427727374918388
151,1771149600,4498595833,4268325010,3993788910,4199690985,False,1483331979,0.051187266326710265
152,1771151400,4622023541,4399446893,4166029163,4341092461,False,1483331979,0.04815567165022364
153,1771153200,4653589583,4491748569,4292312539,4441889561,False,1483331979,0.03477767239965046
154,1771155000,4550015937,4533839410,4342554960,4486018298,False,1483331979,0.003555268206525405
155,1771156800,4483514583,4480012961,4255218001,4423814221,False,1483331979,0.0007809993555673911
156,1771158600,4393598645,4446388710,4217611240,4389194342,False,1483331979,0.012015222432771849
157,1771160400,4318471875,4347967522,4033864522,4269441772,False,1483331979,0.006830112098391286
158,1771162200,4135873750,4268648925,3843256955,4162300933,False,1483331979,0.032103294980897326
159,1771164000,4054296875,4094412933,3756265513,4009876078,False,1483331979,0.00989470165526544
160,1771165800,4049133333,4043676108,3731749678,3965694501,False,1483331979,0.001347751370774631
161,1771167600,4045007291,3999444074,3715277474,3928402424,False,1483331979,0.01126406300957147
162,1771169400,4035710104,4064585477,3794442597,3997049757,False,1483331979,0.0071549670952282055
163,1771171200,4122764583,4138213652,3863677552,4069579627,False,1483331979,0.003747259560660682
164,1771173000,4179891354,4235750889,4002333159,4177396457,False,1483331979,0.013363872471600131
165,1771174800,4224065104,4351228438,4151792408,4301369431,False,1483331979,0.0301044919690234
166,1771176600,4396571875,4450976613,4259692163,4403155501,False,1483331979,0.01237435428028798
167,1771178400,4595686145,4540407808,4315612848,4484209068,False,1483331979,0.012028309866229997
168,1771180200,4812945520,4714501855,4485724385,4657307488,False,1483331979,0.020453932958709245
169,1771182000,5080098958,4946904951,4632801951,4868379201,False,1483331979,0.026218781976726998
170,1771183800,5272170833,5076426553,4651034583,4970078561,False,1483331979,0.03712783333475871
171,1771185600,5303354166,5127648364,4789500944,5043111509,False,1483331979,0.03313107073377381
172,1771187400,5319523958,5179459549,4867533119,5101477942,False,1483331979,0.026330252501139313
173,1771189200,5219159166,5162740005,4878573405,5091698355,False,1483331979,0.010810009659705404
174,1771191000,4962648958,5079824108,4809681228,5012288388,False,1483331979,0.023611412169524646
175,1771192800,4545693437,4799924877,4525388777,4731290852,False,1483331979,0.05592797744138767
176,1771194600,4139682812,4376231062,4142813332,4317876629,True,1483331979,0.057141636386802475
177,1771196400,3681498333,3877240789,3677804759,3827381782,False,1483331979,0.05316923662450562
178,1771198200,3224276875,3412275516,3220991066,3364454404,False,1483331979,0.058307226174551155
179,1771200000,2717602500,2970966389,2746171429,2914767649,True,1483331979,0.09323066526469563
180,1771201800,2372687291,2563014726,2334237256,2505820359,False,1483331979,0.08021597946005941
181,1771203600,2119678125,2258757738,1944654738,2180231988,False,1483331979,0.06561355300111898
182,1771205400,1913444375,1977927018,1552535048,1871579025,False,1483331979,0.033699774000485384
183,1771207200,1764948333,1801370985,1463223565,1716834130,False,1483331979,0.020636667555072277
184,1771209000,1697846666,1645695266,1333768836,1567713659,False,1483331979,0.030716201318028796
185,1771210800,1650935937,1573926838,1289760238,1502885188,False,1483331979,0.04664572214712169
186,1771212600,1656329270,1546714348,1276571468,1479178628,False,1483331979,0.06617942699279836
187,1771214400,1672259583,1555552378,1281016278,1486918353,False,1483331979,0.06979012480265152
188,1771216200,1764528125,1606075930,1372658200,1547721497,False,1483331979,0.08979862250707962
189,1771218000,1916503750,1700342814,1500906784,1650483806,False,1483331979,0.11278920586510723
190,1771219800,2291484062,1907326781,1716042331,1859505669,False,1483331979,0.16764562641762767
191,1771221600,2462860416,2333154395,2108359435,2276955655,False,1483331979,0.052664787722992094
192,1771223400,2750317291,2578335719,2349558249,2521141352,False,1483331979,0.06253153865657023
193,1771225200,3090920416,2796135731,2482032731,2717609981,False,1483331979,0.09537116629534081
194,1771227000,3485119375,3047938898,2622546928,2941590905,False,1483331979,0.12544203797897166
195,1771228800,3782267708,3396588627,3058441207,3312051772,False,1483331979,0.10197032858997193
196,1771230600,4041746875,3635034086,3323107656,3557052478,False,1483331979,0.10062797141396936
197,1771232400,4161296875,3826955065,3542788465,3755913415,False,1483331979,0.08034557976592334
198,1771234200,4274157291,3881406045,3611263165,3813870325,False,1483331979,0.09188975025018563
199,1771236000,4367565312,3973299523,3698763423,3904665498,False,1483331979,0.09027129781362271
200,1771237800,4383066666,4019853107,3786435377,3961498674,False,1483331979,0.08286745027573807
201,1771239600,4363665937,4134677420,3935241390,4084818413,False,1483331979,0.05247617950273905
202,1771241400,4298368749,4088782045,3897497595,4040960932,False,1483331979,0.048759591426110103
203,1771243200,4244471875,4013645316,3788850356,3957446576,False,1483331979,0.05438286924683651
204,1771245000,4172883854,3988602991,3759825521,3931408623,False,1483331979,0.044161512624741266
205,1771246800,4064171875,3891347420,3577244420,3812821670,False,1483331979,0.0425239040856263
206,1771248600,3977318750,3835409008,3410017038,3729061016,False,1483331979,0.035679750837168886
207,1771250400,3876196562,3746912680,3408765260,3662375825,False,1483331979,0.033353283284811915
208,1771252200,3818366145,3700982602,3389056172,3623000995,False,1483331979,0.030741824786423146
209,1771254000,3843763541,3645064608,3360898008,3574022958,False,1483331979,0.0516938492393073
210,1771255800,3847502916,3657003280,3386860400,3589467560,False,1483331979,0.04951253843312227
211,1771257600,3875092291,3711411953,3436875853,3642777928,False,1483331979,0.042239081216246574
212,1771259400,3906932291,3760226458,3526808728,3701872026,False,1483331979,0.03755013449758298
213,1771261200,3931897916,3823291172,3623855142,3773432164,False,1483331979,0.02762196433382682
214,1771263000,4044313541,3915654114,3724369664,3867833002,False,1483331979,0.031812426434224376
215,1771264800,4266219166,3975436849,3750641889,3919238109,False,1483331979,0.06815925429181291
216,1771266600,4455394375,4132409415,3903631945,4075215047,False,1483331979,0.07249301247322242
217,1771268400,4741319062,4352049981,4037946981,4273524231,False,1483331979,0.08210143124934459
218,1771270200,4947401250,4566329374,4140937404,4459981381,False,1483331979,0.0770246553177792
219,1771272000,4992370833,4745469913,4407322493,4660933058,False,1483331979,0.04945564507507409
220,1771273800,4996522708,4784465557,4472539127,4706483949,False,1483331979,0.04244094611247787
221,1771275600,4873983854,4855257450,4571090850,4784215800,False,1483331979,0.0038421144921585125
222,1771277400,4603352500,4765957261,4495814381,4698421541,False,1483331979,0.03532311744538356
223,1771279200,4235866666,4507575821,4233039721,4438941796,False,1483331979,0.06414487905885374
224,1771281000,3907465625,4089716673,3856298943,4031362241,False,1483331979,0.0466417533743499
225,1771282800,3479531562,3613424920,3413988890,3563565913,False,1483331979,0.038480282651334664
226,1771284600,3024715416,3218073793,3026789343,3170252681,True,1483331979,0.06392613863016064
227,1771286400,2608903645,2801667457,2576872497,2745468717,False,1483331979,0.07388690355407894
228,1771288200,2322031458,2325306923,2096529453,2268112556,False,1483331979,0.0014106031977797607
229,1771290000,2069660833,2153778856,1839675856,2075253106,False,1483331979,0.04064338545657737
230,1771291800,1886534687,1947674413,1522282443,1841326421,False,1483331979,0.0324084822936521
231,1771293600,1754464270,1763221532,1425074112,1678684677,False,1483331979,0.004991416553612688
232,1771295400,1662479270,1639352089,1327425659,1561370481,False,1483331979,0.013911259777693348
233,1771297200,1617673437,1570525667,1286359067,1499484017,False,1483331979,0.029145418921779576
234,1771299000,1642484479,1561839036,1291696156,1494303316,False,1483331979,0.04909966823497758
235,1771300800,1660525729,1584320530,1309784430,1515686505,False,1483331979,0.04589221212843971
236,1771302600,1770096666,1624107546,1390689816,1565753114,False,1483331979,0.08247522454799087
237,1771304400,1930196458,1709732686,1510296656,1659873678,False,1483331979,0.11421830720197083
238,1771306200,2319906979,1892927305,1701642855,1845106192,False,1483331979,0.18405034247711533
239,1771308000,2518918750,2316162550,2091367590,2259963810,False,1483331979,0.08049334659960747
240,1771309800,2817935729,2630872986,2402095516,2573678619,False,1483331979,0.06638289904020732
241,1771311600,3126867187,2807618158,2493515158,2729092408,False,1483331979,0.10209868533185001
242,1771313400,3477889583,3050414512,2625022542,2944066520,False,1483331979,0.12291220316179888
243,1771315200,3714986250,3398721179,3060573759,3314184324,False,1483331979,0.08513223191606699
244,1771317000,3949691458,3637438575,3325512145,3559456967,False,1483331979,0.07905753811922187
245,1771318800,4060469062,3811094825,3526928225,3740053175,False,1483331979,0.06141513041775763
246,1771320600,4150658020,3870783263,3600640383,3803247543,False,1483331979,0.06742900900325197
247,1771322400,4219835208,3935409408,3660873308,3866775383,False,1483331979,0.0674021107413823
248,1771324200,4245928541,3973596387,3740178657,3915241955,False,1483331979,0.06413959899943592
249,1771326000,4229627083,4003906284,3804470254,3954047276,False,1483331979,0.053366595818159036
250,1771327800,4172521041,3988642430,3797357980,3940821317,False,1483331979,0.04406894757226462
251,1771329600,4121340937,3887134408,3662339448,3830935668,False,1483331979,0.05682774916711531
252,1771331400,4039105624,3824047758,3595270288,3766853390,False,1483331979,0.05324393220175913
253,1771333200,3939913958,3740831171,3426728171,3662305421,False,1483331979,0.050529729613958234
254,1771335000,3824130729,3704333476,3278941506,3597985484,False,1483331979,0.031326662577596205
255,1771336800,3745805416,3654266822,3316119402,3569729967,False,1483331979,0.02443762658065418
256,1771338600,3696833854,3606513292,3294586862,3528531684,False,1483331979,0.024431869423147734
257,1771340400,3701974583,3570906741,3286740141,3499865091,False,1483331979,0.03540484653835345
258,1771342200,3715965625,3590558525,3320415645,3523022805,False,1483331979,0.03374818624701352
259,1771344000,3777753958,3627635412,3353099312,3559001387,False,1483331979,0.03973751273083836
260,1771345800,3797084895,3694311675,3460893945,3635957242,False,1483331979,0.027066347696184444
261,1771347600,3843092916,3760865125,3561429095,3711006117,False,1483331979,0.02139625369390887
262,1771349400,3967567291,3874530449,3683245999,3826709337,False,1483331979,0.0234493419206888
263,1771351200,4191103750,3945886503,3721091543,3889687763,False,1483331979,0.05850898990510554
264,1771353000,4419831041,4110527502,3881750032,4053333135,False,1483331979,0.06998085133363359
265,1771354800,4686474791,4305743152,3991640152,4227217402,False,1483331979,0.08124051786881788
266,1771356600,4852358854,4511569970,4086178000,4405221978,False,1483331979,0.0702315913257474
267,1771358400,4932492187,4651940226,4313792806,4567403371,False,1483331979,0.056878338649865155
268,1771360200,4931581041,4728196940,4416270510,4650215332,False,1483331979,0.041241155586638975
269,1771362000,4855515937,4815242612,4531076012,4744200962,False,1483331979,0.008294345137065503
270,1771363800,4658271041,4785369742,4515226862,4717834022,False,1483331979,0.027284522493718072
271,1771365600,4252970833,4609192706,4334656606,4540558681,True,1483331979,0.0837583625629346
272,1771367400,3843144791,4075471712,3842053982,4017117280,False,1483331979,0.06045229457502373
273,1771369200,3430976458,3618566967,3419130937,3568707959,False,1483331979,0.0546755453721041
274,1771371000,3000717916,3229487327,3038202877,3181666214,True,1483331979,0.07623822611921913
275,1771372800,2653751041,2833232374,2608437414,2777033634,False,1483331979,0.0676330711611768
276,1771374600,2413573020,2376058007,2147280537,2318863639,False,1483331979,0.015543351159933003
277,1771376400,2200124270,2170547781,1856444781,2092022031,False,1483331979,0.013443099284569049
278,1771378200,1945111145,1969888357,1544496387,1863540364,False,1483331979,0.01273819856705412
279,1771380000,1852210208,1794971015,1456823595,1710434160,False,1483331979,0.030903184073154618
280,1771381800,1738696875,1675834715,1363908285,1597853107,False,1483331979,0.03615475526750458
281,1771383600,1545346145,1611322060,1327155460,1540280410,False,1483331979,0.042693292511497484
282,1771385400,1582327291,1583465447,1313322567,1515929727,False,1483331979,0.0007192924033312398
283,1771387200,1621827187,1611524824,1336988724,1542890799,False,1483331979,0.006352318596321569
284,1771389000,1747031458,1641107431,1407689701,1582752998,False,1483331979,0.060630864152418716
285,1771390800,1942165520,1765232277,1565796247,1715373269,False,1483331979,0.09110101130824318
286,1771392600,2338492708,1978114622,1786830172,1930293510,False,1483331979,0.15410699582989676
287,1771394400,2565492395,2382630301,2157835341,2326431561,False,1483331979,0.07127758178367159
288,1771396200,2855723333,2706070717,2477293247,2648876350,False,1483331979,0.0524044518846252
289,1771398000,3146420104,2878610301,2564507301,2800084551,False,1483331979,0.08511571695703861
290,1771399800,3484697291,3077066292,2651674322,2970718300,False,1483331979,0.1169774488168017
291,1771401600,3727438020,3405705618,3067558198,3321168763,False,1483331979,0.0863146215372885
292,1771403400,3932241250,3635100360,3323173930,3557118753,False,1483331979,0.07556527463822317
293,1771405200,4019132291,3787805518,3503638918,3716763868,False,1483331979,0.05755639681679739
294,1771407000,4065692395,3835385052,3565242172,3767849332,False,1483331979,0.056646524287777555
295,1771408800,4101391979,3910602919,3636066819,3841968894,False,1483331979,0.04651812384109605
296,1771410600,4116853125,3965313077,3731895347,3906958645,False,1483331979,0.03680968045222648
297,1771412400,4070537916,3976760735,3777324705,3926901728,False,1483331979,0.02303803156614547
298,1771414200,3985069583,3950377769,3759093319,3902556657,False,1483331979,0.008705447490300448
299,1771416000,3958157708,3933628761,3708833801,3877430021,False,1483331979,0.006197061564884973
300,1771417800,3893020833,3916786579,3688009109,3859592211,False,1483331979,0.006104705579416559
301,1771419600,3826466041,3817861393,3503758393,3739335643,False,1483331979,0.002248719290280512
302,1771421400,3716500000,3764766331,3339374361,3658418339,False,1483331979,0.012987039149737657
303,1771423200,3659247916,3692880332,3354732912,3608343477,False,1483331979,0.009191073349510654
304,1771425000,3595603125,3651500582,3339574152,3573518975,False,1483331979,0.015546058632374784
305,1771426800,3610263229,3582508750,3298342150,3511467100,False,1483331979,0.007687660771396899
306,1771428600,3641817187,3623782750,3353639870,3556247030,False,1483331979,0.004952043464558453
307,1771430400,3677020520,3662984459,3388448359,3594350434,False,1483331979,0.003817237604102356
308,1771432200,3718027083,3677647314,3444229584,3619292881,False,1483331979,0.010860536542250894
309,1771434000,3752554687,3719011314,3519575284,3669152307,False,1483331979,0.008938809903611672
310,1771435800,3805265625,3796340732,3605056282,3748519619,False,1483331979,0.0023454060450773394
311,1771437600,4117352604,3910773795,3685978835,3854575055,False,1483331979,0.050172727203229836
312,1771439400,4300844270,4258135638,4029358168,4200941270,False,1483331979,0.009930290268333756
313,1771441200,4574649687,4335195983,4021092983,4256670233,False,1483331979,0.05234361544239486
314,1771443000,4755607812,4511966037,4086574067,4405618045,False,1483331979,0.05123252055924581
315,1771444800,4788306979,4730885258,4392737838,4646348403,False,1483331979,0.011992071780659324
316,1771446600,4780998958,4854159374,4542232944,4776177767,False,1483331979,0.015302328371685037
317,1771448400,4669367083,4842554325,4558387725,4771512675,False,1483331979,0.03709008928223517
318,1771450200,4458278125,4730096150,4459953270,4662560430,True,1483331979,0.06096928396543228
319,1771452000,4091056250,4499126516,4224590416,4430492491,True,1483331979,0.09974692134824595
320,1771453800,3713142500,4111065321,3877647591,4052710888,True,1483331979,0.10716605166647927
321,1771455600,3344418750,3614284958,3414848928,3564425951,True,1483331979,0.08069151268811658
322,1771457400,2952870729,3278632096,3087347646,3230810983,True,1483331979,0.11032022628038317
323,1771459200,2498676354,2887834545,2663039585,2831635805,True,1483331979,0.15574573728887178
324,1771461000,2223100312,2458609478,2229832008,2401415111,True,1483331979,0.10593726460688833
325,1771462800,2010162500,2198519251,1884416251,2119993501,False,1483331979,0.09370225093742421
326,1771464600,1847711250,1974134134,1548742164,1867786142,False,1483331979,0.06842134234989368
327,1771466400,1726699479,1809960058,1471812638,1725423203,False,1483331979,0.048219496219585066
328,1771468200,1638663750,1671982337,1360055907,1594000729,False,1483331979,0.020332778460498684
329,1771470000,1601386458,1598533677,1314367077,1527492027,False,1483331979,0.0017814444388164047
330,1771471800,1622647916,1590915539,1320772659,1523379819,False,1483331979,0.01955592256773958
331,1771473600,1720683333,1608980838,1334444738,1540346813,False,1483331979,0.06491752018382571
332,1771475400,1863468750,1653153950,1419736220,1594799517,False,1483331979,0.1128619946001241
333,1771477200,2067646979,1749449354,1550013324,1699590346,False,1483331979,0.15389359413466877
334,1771479000,2434706666,1948538611,1757254161,1900717499,False,1483331979,0.19968239369004956
335,1771480800,2622334791,2349239640,2124444680,2293040900,False,1483331979,0.10414198520237686
336,1771482600,2920116979,2630275413,2401497943,2573081046,False,1483331979,0.09925683391603607
337,1771484400,3192302083,3079551542,2765448542,3001025792,False,1483331979,0.035319508639370834
338,1771486200,3552302499,3400196738,2974804768,3293848746,False,1483331979,0.04281892126101843
339,1771488000,3792350312,3640593600,3302446180,3556056745,False,1483331979,0.040016533156180645
340,1771489800,4003722916,3796198067,3484271637,3718216460,False,1483331979,0.051832969801849295
341,1771491600,4092873958,3848890033,3564723433,3777848383,False,1483331979,0.05961188336208227
342,1771493400,4181980208,3907216687,3637073807,3839680967,False,1483331979,0.06570177459816424
343,1771495200,4202660416,3964239071,3689702971,3895605046,False,1483331979,0.05673105161966053
344,1771497000,4230792083,3982769059,3749351329,3924414626,False,1483331979,0.05862330720448217
345,1771498800,4128029166,3958958421,3759522391,3909099413,False,1483331979,0.04095677094351227
346,1771500600,4064192708,3904691117,3713406667,3856870004,False,1483331979,0.0392455777714564
347,1771502400,4090843750,3865916625,3641121665,3809717885,False,1483331979,0.05498306431283277
348,1771504200,3971034687,3840770867,3611993397,3783576500,False,1483331979,0.03280349588142492
349,1771506000,3887797604,3768376386,3454273386,3689850636,False,1483331979,0.03071693286634373
350,1771507800,3821220416,3659195991,3233804021,3552847999,False,1483331979,0.04240122457254243
351,1771509600,3758481250,3607264554,3269117134,3522727699,False,1483331979,0.040233457596735384
352,1771511400,3688218750,3540690306,3228763876,3462708698,False,1483331979,0.03999991703312066
353,1771513200,3710290624,3551813556,3267646956,3480771906,False,1483331979,0.04271284491163353
354,1771515000,3750139062,3577053265,3306910385,3509517545,False,1483331979,0.046154500976742716
355,1771516800,3817860416,3641966621,3367430521,3573332596,False,1483331979,0.046071300632904016
356,1771518600,3838598958,3682319975,3448902245,3623965543,False,1483331979,0.04071250597156026
357,1771520400,3849768229,3741585831,3542149801,3691726823,False,1483331979,0.02810101584429695
358,1771522200,3972613541,3850338977,3659054527,3802517864,False,1483331979,0.030779375526475354
359,1771524000,4223889895,4057277019,3832482059,4001078279,False,1483331979,0.039445364377804173
360,1771525800,4419149583,4338209498,4109432028,4281015130,False,1483331979,0.018315760414937734
361,1771527600,4618707291,4538435709,4224332709,4459909959,False,1483331979,0.017379664252899718
362,1771529400,4788254166,4702306976,4276915006,4595958984,False,1483331979,0.017949588100457572
363,1771531200,4863381770,4791741055,4453593635,4707204200,False,1483331979,0.014730637730708112
364,1771533000,4744052500,4786103155,4474176725,4708121548,False,1483331979,0.00886386796942066
365,1771534800,4685477083,4675564527,4391397927,4604522877,False,1483331979,0.002115591608795838
366,1771536600,4586915208,4747691360,4477548480,4680155640,False,1483331979,0.03505104077781766
367,1771538400,4288260416,4541728954,4267192854,4473094929,False,1483331979,0.059107543248604795
368,1771540200,3889486041,4160878839,3927461109,4102524407,True,1483331979,0.06977600514288618
369,1771542000,3448621874,3745112412,3545676382,3695253404,True,1483331979,0.08597362912858449
370,1771543800,3027437083,3347384277,3156099827,3299563164,True,1483331979,0.10568252460029737
371,1771545600,2591812604,2939449995,2714655035,2883251255,True,1483331979,0.13412906105305752
372,1771547400,2278522500,2459705474,2230928004,2402511107,False,1483331979,0.07951774625881465
373,1771549200,2031602291,2007889235,1693786235,1929363485,False,1483331979,0.011672095520392382
374,1771551000,1884691354,1850174562,1424782592,1743826569,False,1483331979,0.018314294235362634
375,1771552800,1748957812,1743861866,1405714446,1659325011,False,1483331979,0.0029137043586961032
376,1771554600,1663898229,1679179483,1367253053,1601197875,False,1483331979,0.00918400761156168
377,1771556400,1629615833,1656286267,1372119667,1585244617,False,1483331979,0.016366086693513367
378,1771558200,1685588958,1662606176,1392463296,1595070456,False,1483331979,0.013634867439609793
379,1771560000,1771885208,1694259314,1419723214,1625625289,False,1483331979,0.043809775966028607
380,1771561800,1917731354,1812938286,1579520556,1754583853,False,1483331979,0.05464428986960183
381,1771563600,2144935520,1993576424,1794140394,1943717416,False,1483331979,0.0705658023696675
382,1771565400,2549540208,2073572407,1882287957,2025751294,False,1483331979,0.18668770137709473
383,1771567200,2820093229,2632354470,2407559510,2576155730,False,1483331979,0.06657182715430009
384,1771569000,3075773958,2998834774,2770057304,2941640406,False,1483331979,0.025014576835168067
385,1771570800,3350015625,3146810433,2832707433,3068284683,False,1483331979,0.060657983348958264
386,1771572600,3690464895,3506616000,3081224030,3400268008,False,1483331979,0.04981727241169164
387,1771574400,3932023437,3757992400,3419844980,3673455545,False,1483331979,0.044259918535170216
388,1771576200,4114536875,3899927967,3588001537,3821946360,False,1483331979,0.05215870328054843
389,1771578000,4158203645,3995021451,3710854851,3923979801,False,1483331979,0.0392434348895387
390,1771579800,4195698958,4019022331,3748879451,3951486611,False,1483331979,0.042108985598961556
391,1771581600,4246802291,4083999981,3809463881,4015365956,False,1483331979,0.0383352694202453
392,1771583400,4262725520,4123473152,3890055422,4065118720,False,1483331979,0.032667448876698965
393,1771585200,4199331562,4109882157,3910446127,4060023150,False,1483331979,0.021300867454580857
394,1771587000,4093728125,4023404182,3832119732,3975583070,False,1483331979,0.017178459549020492
395,1771588800,4049881666,3992225895,3767430935,3936027155,False,1483331979,0.01423640880276525
396,1771590600,4000253125,3946539536,3717762066,3889345168,False,1483331979,0.01342754753800736
397,1771592400,3957395520,3885367641,3571264641,3806841891,False,1483331979,0.018200828963388527
398,1771594200,3873975312,3854018662,3428626692,3747670669,False,1483331979,0.005151465456731852
399,1771596000,3765085416,3769444370,3431296950,3684907515,False,1483331979,0.001157730441247445
400,1771597800,3734730833,3690876537,3378950107,3612894930,False,1483331979,0.011742290933660974
401,1771599600,3725043750,3683294642,3399128042,3612252992,False,1483331979,0.011207682594331947
402,1771601400,3751565208,3740620662,3470477782,3673084942,False,1483331979,0.00291732793999192
403,1771603200,3813088333,3783855433,3509319333,3715221408,False,1483331979,0.00766646283722481
404,1771605000,3863917708,3805253955,3571836225,3746899522,False,1483331979,0.015182454035845632
405,1771606800,3908680208,3846427475,3646991445,3796568468,False,1483331979,0.015926791061746538
406,1771608600,3995719374,3954152871,3762868421,3906331758,False,1483331979,0.010402758329444184
407,1771610400,4273085208,4128167122,3903372162,4071968382,False,1483331979,0.03391415779135102
408,1771612200,4443175833,4426957442,4198179972,4369763075,False,1483331979,0.0036501798734914033
409,1771614000,4673534583,4542711660,4228608660,4464185910,False,1483331979,0.027992287352674974
410,1771615800,4893437187,4800691517,4375299547,4694343525,False,1483331979,0.018953072545079344
411,1771617600,4968915625,4898339395,4560191975,4813802540,False,1483331979,0.014203547680486123
412,1771619400,5051670833,5036432585,4724506155,4958450977,False,1483331979,0.003016476825935741
413,1771621200,4990280833,5014188795,4730022195,4943147145,False,1483331979,0.004790905121391191
414,1771623000,4892096145,4940353965,4670211085,4872818245,False,1483331979,0.00986444635789144
415,1771624800,4656219479,4670048299,4395512199,4601414274,False,1483331979,0.0029699673871408584
416,1771626600,4316920833,4594819035,4361401305,4536464603,True,1483331979,0.06437417148715176
417,1771628400,3953533958,4262381257,4062945227,4212522249,True,1483331979,0.0781192984001176
418,1771630200,3517853854,3844780603,3653496153,3796959491,True,1483331979,0.09293357898545605
419,1771632000,3070846250,3397013825,3172218865,3340815085,True,1483331979,0.10621423166334036
420,1771633800,2743635000,2952143235,2723365765,2894948868,False,1483331979,0.07599707504824804
421,1771635600,2488489375,2448207436,2134104436,2369681686,False,1483331979,0.016187306003667384
422,1771637400,2277792708,2216452995,1791061025,2110105002,False,1483331979,0.02692945358221772
423,1771639200,2098075312,2049930740,1711783320,1965393885,False,1483331979,0.02294701802391734
424,1771641000,1973885312,1915741403,1603814973,1837759795,False,1483331979,0.02945657918751462
425,1771642800,1892954270,1838408627,1554242027,1767366977,False,1483331979,0.028815087540387332
426,1771644600,1878359687,1809237206,1539094326,1741701486,False,1483331979,0.03679938484540102
427,1771646400,1895075000,1798098285,1523562185,1729464260,False,1483331979,0.051173022175903325
428,1771648200,1976072604,1846627073,1613209343,1788272640,False,1483331979,0.06550646506508624
429,1771650000,2073134375,1947902109,1748466079,1898043102,False,1483331979,0.060407211182343164
430,1771651800,2349308541,1936484702,1745200252,1888663589,False,1483331979,0.17572142262092086
431,1771653600,2466216875,2332683642,2107888682,2276484902,False,1483331979,0.05414496768456343
432,1771655400,2792254166,2683135137,2454357667,2625940769,False,1483331979,0.03907918925457877
433,1771657200,3179734583,2642584887,2328481887,2564059137,False,1483331979,0.16892909831902156
434,1771659000,3590030208,3340520878,2915128908,3234172885,False,1483331979,0.06950062131622041
435,1771660800,3911074375,3349642932,3011495512,3265106077,False,1483331979,0.14354916045287427
436,1771662600,4174380729,3657662683,3345736253,3579681076,False,1483331979,0.12378316199341577
437,1771664400,4359625000,4106033815,3821867215,4034992165,False,1483331979,0.05816811881755885
438,1771666200,4480495833,4217470939,3947328059,4149935219,False,1483331979,0.05870441661004442
439,1771668000,4572494479,4316105148,4041569048,4247471123,False,1483331979,0.05607209197900925
440,1771669800,4639116875,4379053939,4145636209,4320699506,False,1483331979,0.056058716132259545
441,1771671600,4640487812,4395065751,4195629721,4345206743,False,1483331979,0.052887125436544516
442,1771673400,4605725208,4371329334,4180044884,4323508222,False,1483331979,0.05089228371524678
443,1771675200,4605594062,4349686667,4124891707,4293487927,False,1483331979,0.0555644704146746
444,1771677000,4589487500,4362082323,4133304853,4304887956,False,1483331979,0.04954914399483602
445,1771678800,4503591458,4263602113,3949499113,4185076363,False,1483331979,0.053288435960080816
446,1771680600,4414826666,4176247079,3750855109,4069899087,False,1483331979,0.0540405331963264
447,1771682400,4292646874,4199664857,3861517437,4115128002,False,1483331979,0.021660765427312434
448,1771684200,4254080208,4058702218,3746775788,3980720611,False,1483331979,0.04592719940554539
449,1771686000,4330980729,3943823928,3659657328,3872782278,False,1483331979,0.08939240906975644
450,1771687800,4358136250,4239457878,3969314998,4171922158,False,1483331979,0.027231450600012794
451,1771689600,4382331250,4056846716,3782310616,3988212691,False,1483331979,0.07427200625237994
452,1771691400,4514058854,4094942756,3861525026,4036588323,False,1483331979,0.09284683951974013
453,1771693200,4386241666,4264577044,4065141014,4214718037,False,1483331979,0.027737783566073124
454,1771695000,4363445416,4248669614,4057385164,4200848501,False,1483331979,0.02630393898801552
455,1771696800,4587369791,4190894208,3966099248,4134695468,False,1483331979,0.086427648317746
456,1771698600,4768755833,4554063293,4325285823,4496868925,False,1483331979,0.04502066105257858
457,1771700400,4968259687,4777115826,4463012826,4698590076,False,1483331979,0.03847300122015542
458,1771702200,5127159791,4993475840,4568083870,4887127847,False,1483331979,0.02607368532470222
459,1771704000,5236345833,5090687313,4752539893,5006150458,False,1483331979,0.027816825825759013
460,1771705800,5300329479,5132695348,4820768918,5054713740,False,1483331979,0.03162711519428545
461,1771707600,5260721458,5139450050,4855283450,5068408400,False,1483331979,0.023052238931141677
462,1771709400,5221366875,5116341210,4846198330,5048805490,False,1483331979,0.02011459212009499
463,1771711200,4869233333,5056082427,4781546327,4987448402,False,1483331979,0.03837341142263145
464,1771713000,4557207291,4868478627,4635060897,4810124194,True,1483331979,0.06830308917804283
465,1771714800,4218591666,4542520286,4343084256,4492661279,True,1483331979,0.07678596215194818
466,1771716600,3765332708,4142216862,3950932412,4094395749,True,1483331979,0.10009318783417319
467,1771718400,3315096249,3672831521,3448036561,3616632781,True,1483331979,0.10791097607133156
468,1771720200,2961493125,3177299365,2948521895,3120104998,False,1483331979,0.072870755018214
469,1771722000,2664857083,2871883185,2557780185,2793357435,False,1483331979,0.07768750651608584
470,1771723800,2423072916,2364662565,1939270595,2258314572,False,1483331979,0.024105899007126702
471,1771725600,2226722604,2174075413,1835927993,2089538558,False,1483331979,0.02364335409602731
472,1771727400,2073884166,2018262429,1706335999,1940280821,False,1483331979,0.026820078918525288
473,1771729200,1952756458,1918682257,1634515657,1847640607,False,1483331979,0.017449283478441838
474,1771731000,1900315625,1875398647,1605255767,1807862927,False,1483331979,0.013112020799176453
475,1771732800,1873732291,1838430975,1563894875,1769796950,False,1483331979,0.0188401065454019
476,1771734600,1920020000,1860095489,1626677759,1801741057,False,1483331979,0.031210357704607245
477,1771736400,1988825000,1923911464,1724475434,1874052456,False,1483331979,0.03263913919022538
478,1771738200,2221076041,1934769163,1743484713,1886948051,False,1483331979,0.1289045817049539
479,1771740000,2308028333,2240829244,2016034284,2184630504,False,1483331979,0.029115365716786457
480,1771741800,2592595208,2339962455,2111184985,2282768087,False,1483331979,0.09744396356995812
481,1771743600,2981435208,2540303156,2226200156,2461777406,False,1483331979,0.14795963058875905
482,1771745400,3427435937,2916767824,2491375854,2810419831,False,1483331979,0.1489942109456268
483,1771747200,3832464583,3312948596,2974801176,3228411741,False,1483331979,0.135556630922165
484,1771749000,4195759375,3705390951,3393464521,3627409343,False,1483331979,0.11687238951828595
485,1771750800,4473496666,3987944056,3703777456,3916902406,False,1483331979,0.10853983947062139
486,1771752600,4678906562,4254029662,3983886782,4186493942,False,1483331979,0.0908068785665996
487,1771754400,4869669791,4620827383,4346291283,4552193358,False,1483331979,0.05110046854920312
488,1771756200,4988477083,4744375398,4510957668,4686020966,False,1483331979,0.04893310742708688
489,1771758000,5022487291,4776061747,4576625717,4726202739,False,1483331979,0.04906444351617972
490,1771759800,5011943958,4672608407,4481323957,4624787295,False,1483331979,0.06770537616613949
491,1771761600,4984274270,4606227360,4381432400,4550028620,False,1483331979,0.07584793482883517
492,1771763400,4981578125,4563169246,4334391776,4505974878,False,1483331979,0.08399123099168498
493,1771765200,4868460104,4445863013,4131760013,4367337263,False,1483331979,0.08680303052145541
494,1771767000,4728637500,4263391018,3837999048,4157043026,False,1483331979,0.09838911991033358
495,1771768800,4610527395,4181940273,3843792853,4097403418,False,1483331979,0.09295837228183307
496,1771770600,4565384791,4176902861,3864976431,4098921253,False,1483331979,0.08509292157932367
497,1771772400,4498828645,4172902949,3888736349,4101861299,False,1483331979,0.07244679042448837
498,1771774200,4476169375,4163731891,3893589011,4096196171,False,1483331979,0.06980019249159891
499,1771776000,4454803437,4250912500,3976376400,4182278475,False,1483331979,0.04576878416375344
500,1771777800,4504347291,4308165401,4074747671,4249810969,False,1483331979,0.043553899671986904
501,1771779600,4519448958,4352465281,4153029251,4302606273,False,1483331979,0.03694779574939499
502,1771781400,4529815937,4525098182,4333813732,4477277069,False,1483331979,0.0010414893376715143
503,1771783200,4838668125,4724338582,4499543622,4668139842,False,1483331979,0.023628308461432247
504,1771785000,5123771458,5038890700,4810113230,4981696333,False,1483331979,0.01656607026597009
505,1771786800,5356316145,5213922107,4899819107,5135396357,False,1483331979,0.026584322908744216
506,1771788600,5569446041,5406126480,4980734510,5299778487,False,1483331979,0.029324202047691587
507,1771790400,5617667395,5437442311,5099294891,5352905456,False,1483331979,0.0320818359877285
508,1771792200,5624399999,5453744601,5141818171,5375762994,False,1483331979,0.030341973904832866
509,1771794000,5390630520,5353512307,5069345707,5282470657,False,1483331979,0.006885690433110967
510,1771795800,5054997187,5097134598,4826991718,5029598878,False,1483331979,0.008335793164903299
511,1771797600,4631015104,4680311575,4405775475,4611677550,False,1483331979,0.010644852131322265
512,1771799400,4130411458,4463672048,4230254318,4405317616,True,1483331979,0.08068459846888212
513,1771801200,3648392395,3816381467,3616945437,3766522460,False,1483331979,0.0460446831953228
514,1771803000,3179261250,3359292507,3168008057,3311471395,False,1483331979,0.056626757867098844
515,1771804800,2716484375,3055441742,2830646782,2999243002,True,1483331979,0.12477795569871444
516,1771806600,2386299791,2503207256,2274429786,2446012889,False,1483331979,0.0489911055773126
517,1771808400,2132999062,2257126475,1943023475,2178600725,False,1483331979,0.058193843218858385
518,1771810200,1949922916,2051028812,1625636842,1944680820,False,1483331979,0.051851227128201
519,1771812000,1804761249,1902668858,1564521438,1818132003,False,1483331979,0.05424961836600249
520,1771813800,1747577604,1835703278,1523776848,1757721670,False,1483331979,0.050427330836862794
521,1771815600,1708151041,1788928636,1504762036,1717886986,False,1483331979,0.047289492006930785
522,1771817400,1738233541,1794458057,1524315177,1726922337,False,1483331979,0.03234577786806152
523,1771819200,1794036666,1810524457,1535988357,1741890432,False,1483331979,0.009190331118907021
524,1771821000,1950171875,1902929087,1669511357,1844574654,False,1483331979,0.02422493555856455
525,1771822800,2167335937,1882112051,1682676021,1832253043,False,1483331979,0.13160114273507753
526,1771824600,2605434062,2122831375,1931546925,2075010262,False,1483331979,0.18522928445540526
527,1771826400,2844559583,2601669640,2376874680,2545470900,False,1483331979,0.08538753923510274
528,1771828200,3153236666,2889145307,2660367837,2831950939,False,1483331979,0.0837524699137188
529,1771830000,3429917083,3229917606,2915814606,3151391856,False,1483331979,0.058310295018872325
530,1771831800,3808227395,3274509805,2849117835,3168161812,False,1483331979,0.1401485611654238
531,1771833600,4059897291,3612996876,3274849456,3528460021,False,1483331979,0.11007677854084905
532,1771835400,4240185416,3855786697,3543860267,3777805090,False,1483331979,0.09065611082701766
533,1771837200,4281812083,4033371102,3749204502,3962329452,False,1483331979,0.058022392432022105
534,1771839000,4350517708,4099641590,3829498710,4032105870,False,1483331979,0.05766580780459152
535,1771840800,4386044375,4191975598,3917439498,4123341573,False,1483331979,0.04424687951316042
536,1771842600,4401654791,4232456356,3999038626,4174101924,False,1483331979,0.03843973301721834
537,1771844400,4371229375,4320573282,4121137252,4270714275,False,1483331979,0.011588523194347358
538,1771846200,4257048333,4270935165,4079650715,4223114053,False,1483331979,0.0032620799468851135
539,1771848000,4227213020,4200184029,3975389069,4143985289,False,1483331979,0.006394045171634147
540,1771849800,4137657291,4337573470,4108796000,4280379103,False,1483331979,0.048316272939000156
541,1771851600,4078622291,4210325438,3896222438,4131799688,False,1483331979,0.032291086941445835
542,1771853400,4010653541,4123617019,3698225049,4017269027,False,1483331979,0.02816585298261244
543,1771855200,3930529166,4022639538,3684492118,3938102683,False,1483331979,0.023434598271595677
544,1771857000,3843166666,3964953827,3653027397,3886972220,False,1483331979,0.03168927386819711
545,1771858800,3826610625,3990495930,3706329330,3919454280,False,1483331979,0.04282779751075405
546,1771860600,3884608750,3994380011,3724237131,3926844291,False,1483331979,0.028257996638657624
547,1771862400,3943895833,4022114093,3747577993,3953480068,False,1483331979,0.01983273983697023
548,1771864200,3978268333,4054098799,3820681069,3995744367,False,1483331979,0.019061174272982356
549,1771866000,4024670104,4079209131,3879773101,4029350123,False,1483331979,0.013551179498114711
550,1771867800,4119461770,4191769462,4000485012,4143948350,False,1483331979,0.017552703735857222
551,1771869600,4412780208,4181193940,3956398980,4124995200,False,1483331979,0.052480807355905365
552,1771871400,4684233333,4393140887,4164363417,4335946519,False,1483331979,0.062143028603908364
553,1771873200,4915887916,4575655131,4261552131,4497129381,False,1483331979,0.069210850778885
554,1771875000,5053626250,5093296892,4667904922,4986948899,False,1483331979,0.007849935875253932
555,1771876800,5166335937,5138410783,4800263363,5053873928,False,1483331979,0.005405214515766786
556,1771878600,5160629791,5142706966,4830780536,5064725359,False,1483331979,0.0034729918102741892
557,1771880400,5049787708,5020312421,4736145821,4949270771,False,1483331979,0.005836935868275118
558,1771882200,4833483645,4749825375,4479682495,4682289655,False,1483331979,0.017308069323155845
559,1771884000,4409061458,4382483849,4107947749,4313849824,False,1483331979,0.006027951584067033
560,1771885800,3912333645,4054227116,3820809386,3995872684,False,1483331979,0.03626824393705307
561,1771887600,3404570833,3626437362,3427001332,3576578354,True,1483331979,0.06516725304977669
562,1771889400,2896367500,3326452226,3135167776,3278631114,True,1483331979,0.14849107580443435
563,1771891200,2536031979,2756098061,2531303101,2699899321,False,1483331979,0.08677575197090999
564,1771893000,2263955833,2334453201,2105675731,2277258834,False,1483331979,0.03113902089979509
565,1771894800,2056130416,2217323476,1903220476,2138797726,False,1483331979,0.07839632094620987
566,1771896600,1899084895,2034343530,1608951560,1927995538,False,1483331979,0.07122305872481809
567,1771898400,1787975833,1902419314,1564271894,1817882459,False,1483331979,0.06400728627745383
568,1771900200,1711073749,1810580515,1498654085,1732598907,False,1483331979,0.058154574610331425
569,1771902000,1643606822,1765920882,1481754282,1694879232,False,1483331979,0.07441807758571106
570,1771903800,1681336770,1790878125,1520735245,1723342405,False,1483331979,0.06515134680602983
571,1771905600,1736995937,1809065576,1534529476,1740431551,False,1483331979,0.0414909657903247
572,1771907400,1905866458,1918782713,1685364983,1860428281,False,1483331979,0.006777103897171372
573,1771909200,2124397708,1902657689,1703221659,1852798681,False,1483331979,0.10437782820277831
574,1771911000,2625494583,2127301689,1936017239,2079480576,False,1483331979,0.1897520174773105
575,1771912800,2856930208,2668043399,2443248439,2611844659,False,1483331979,0.06611530392694843
576,1771914600,3150598854,3054191498,2825414028,2996997131,False,1483331979,0.030599692460879693
577,1771916400,3397829895,3020058540,2705955540,2941532790,False,1483331979,0.11118018461015394
578,1771918200,3721518749,3284647222,2859255252,3178299229,False,1483331979,0.11739065592975735
579,1771920000,3969452395,3863871064,3525723644,3779334209,False,1483331979,0.026598462582141637
580,1771921800,4139069270,3848921085,3536994655,3770939478,False,1483331979,0.0700998620880776
581,1771923600,4163646250,4209648115,3925481515,4138606465,False,1483331979,0.011048456626208339
582,1771925400,4242910416,4076084387,3805941507,4008548667,False,1483331979,0.03931877240935836
583,1771927200,4293010625,4141767860,3867231760,4073133835,False,1483331979,0.03523000015868817
584,1771929000,4326650729,4177683230,3944265500,4119328797,False,1483331979,0.03443021134142488
585,1771930800,4273370104,4198817974,3999381944,4148958967,False,1483331979,0.017445746140784067
586,1771932600,4200781562,4322435691,4131151241,4274614578,False,1483331979,0.02895987977581968
587,1771934400,4109791666,4084037483,3859242523,4027838743,False,1483331979,0.0062665422223375546
588,1771936200,4020225208,4246926973,4018149503,4189732605,False,1483331979,0.056390314788554004
589,1771938000,3952170208,4094873739,3780770739,4016347989,False,1483331979,0.03610763795322856
590,1771939800,3870800729,3979243935,3553851965,3872895943,False,1483331979,0.02801570362109953
591,1771941600,3769253854,3901072048,3562924628,3816535193,False,1483331979,0.0349719597315294
592,1771943400,3712679895,3852253911,3540327481,3774272304,False,1483331979,0.03759387287548527
593,1771945200,3710712499,3857548066,3573381466,3786506416,False,1483331979,0.039570720458556335
594,1771947000,3755223333,3871692533,3601549653,3804156813,False,1483331979,0.031015252535447537
595,1771948800,3815256250,3933634292,3659098192,3865000267,False,1483331979,0.03102754683908846
596,1771950600,3826344375,3953118654,3719700924,3894764222,False,1483331979,0.033131957444368816
597,1771952400,3810022708,3999280101,3799844071,3949421093,False,1483331979,0.04967356037081131
598,1771954200,3906060416,4123907901,3932623451,4076086789,True,1483331979,0.05577166295422708
599,1771956000,4237612916,4151423989,3926629029,4095225249,False,1483331979,0.020339027822615784
600,1771957800,4376562500,4427192560,4198415090,4369998192,False,1483331979,0.01156845355230275
601,1771959600,4569036458,4535441578,4221338578,4456915828,False,1483331979,0.0073527274971024095
602,1771961400,4727947916,5006062983,4580671013,4899714990,False,1483331979,0.05882363171955044
603,1771963200,4830809791,5086348348,4748200928,5001811493,False,1483331979,0.05289766479236649
604,1771965000,4862568750,5085589233,4773662803,5007607626,False,1483331979,0.04586474648816019
605,1771966800,4729551875,5009676161,4725509561,4938634511,False,1483331979,0.05922850481473998
606,1771968600,4457638229,4812583297,4542440417,4745047577,True,1483331979,0.07962626165821138
607,1771970400,4128846875,4692412620,4417876520,4623778595,True,1483331979,0.13649470713296918
608,1771972200,3727550520,3997761110,3764343380,3939406678,True,1483331979,0.07249012147526843
609,1771974000,3301097395,3585744809,3386308779,3535885802,True,1483331979,0.08622811748333768
610,1771975800,2910676562,3338653828,3147369378,3290832716,True,1483331979,0.14703703997462567
611,1771977600,2592298229,2808823456,2584028496,2752624716,False,1483331979,0.08352635687427305
612,1771979400,2350932291,2452024094,2223246624,2394829727,False,1483331979,0.04300072927961667
613,1771981200,2151498750,2352124431,2038021431,2273598681,False,1483331979,0.09324926681923473
614,1771983000,1923898854,2097261801,1671869831,1990913809,False,1483331979,0.09011021896476476
615,1771984800,1777817708,2004511359,1666363939,1919974504,False,1483331979,0.12751231466527838
616,1771986600,1729325208,1891148521,1579222091,1813166914,False,1483331979,0.09357598689442108
617,1771988400,1712587083,1697948287,1413781687,1626906637,False,1483331979,0.008547767377969882
618,1771990200,1744443541,1735079928,1464937048,1667544208,False,1483331979,0.0053676790219489255
619,1771992000,1804108854,1774730319,1500194219,1706096294,False,1483331979,0.016284236361272245
620,1771993800,1979702083,1900085085,1666667355,1841730653,False,1483331979,0.04021665617452401
621,1771995600,2200320000,2095369643,1895933613,2045510635,False,1483331979,0.04769776986983711
622,1771997400,2658416250,2203544857,2012260407,2155723745,False,1483331979,0.17110615878909105
623,1771999200,2888916666,2718997508,2494202548,2662798768,False,1483331979,0.058817604536606595
624,1772001000,3169030000,3094434958,2865657488,3037240590,False,1483331979,0.02353876170310789
625,1772002800,3408136770,3299994423,2985891423,3221468673,False,1483331979,0.03173063591576461
626,1772004600,3735535937,3638423664,3213031694,3532075672,False,1483331979,0.025996878262665207
627,1772006400,3971246041,3881316447,3543169027,3796779592,False,1483331979,0.02264518316708345
628,1772008200,4124122500,4086271731,3774345301,4008290123,False,1483331979,0.009177896388868177
629,1772010000,4137065625,4173314825,3889148225,4102273175,False,1483331979,0.008762055835166985
630,1772011800,4171436250,4220026983,3949884103,4152491263,False,1483331979,0.01164844194850155
631,1772013600,4177122499,4255878621,3981342521,4187244596,False,1483331979,0.018854156663792875
632,1772015400,4187515625,4271491821,4038074091,4213137388,False,1483331979,0.020053942127081614
633,1772017200,4116205208,4225328666,4025892636,4175469658,False,1483331979,0.026510694313275355
634,1772019000,4018625000,4140012386,3948727936,4092191274,False,1483331979,0.030206198886435037
635,1772020800,3958443437,4113252565,3888457605,4057053825,False,1483331979,0.039108586610833516
636,1772022600,3852985416,3981487659,3752710189,3924293292,False,1483331979,0.033351344250195834
637,1772024400,3734089166,3982596189,3668493189,3904070439,False,1483331979,0.0665509075848351
638,1772026200,3676222604,3872784733,3447392763,3766436740,False,1483331979,0.053468505630242844
639,1772028000,3596755208,3815687233,3477539813,3731150378,False,1483331979,0.060869314796026565
640,1772029800,3530540104,3752197026,3440270596,3674215419,False,1483331979,0.06278272317282818
641,1772031600,3541439583,3767011715,3482845115,3695970065,False,1483331979,0.06369503889966545
642,1772033400,3555901458,3798720257,3528577377,3731184537,False,1483331979,0.06828614399696337
643,1772035200,3600179791,3834078174,3559542074,3765444149,False,1483331979,0.06496852840091952
644,1772037000,3672796041,3875239322,3641821592,3816884889,False,1483331979,0.05511966325929722
645,1772038800,3728132291,3909921510,3710485480,3860062502,False,1483331979,0.04876147218242584
646,1772040600,3865989895,3962787032,3771502582,3914965920,False,1483331979,0.02503812467931968
647,1772042400,4217209375,4275028595,4050233635,4218829855,False,1483331979,0.013710303392275846
648,1772044200,4498560833,4430652362,4201874892,4373457995,False,1483331979,0.015095599130692026
649,1772046000,4757906250,4726902515,4412799515,4648376765,False,1483331979,0.006516255968683704
650,1772047800,4920691666,4908011385,4482619415,4801663393,False,1483331979,0.002576930614778333
651,1772049600,4931935104,4940861298,4602713878,4856324443,False,1483331979,0.0018098766126830204
652,1772051400,4808989375,4933704022,4621777592,4855722415,False,1483331979,0.02593364993658361
653,1772053200,4690185416,4822222892,4538056292,4751181242,False,1483331979,0.02815186699220251
654,1772055000,4380373958,4828739100,4558596220,4761203380,True,1483331979,0.10235773162269357
655,1772056800,4006801874,4570669763,4296133663,4502035738,True,1483331979,0.14072766928130873
656,1772058600,3627548229,4184788802,3951371072,4126434370,True,1483331979,0.15361355323830211
657,1772060400,3235400937,3713770508,3514334478,3663911500,True,1483331979,0.14785480387588823
658,1772062200,2835178541,3367089359,3175804909,3319268246,True,1483331979,0.18761104823133606
659,1772064000,2482526041,2963763189,2738968229,2907564449,True,1483331979,0.1938497885025811
660,1772065800,2216441250,2532265701,2303488231,2475071334,True,1483331979,0.14249168616583002
661,1772067600,2007991250,2162926047,1848823047,2084400297,False,1483331979,0.07715909967237158
662,1772069400,1882333750,2000626048,1575234078,1894278055,False,1483331979,0.06284342402084646
663,1772071200,1787604479,1879765528,1541618108,1795228673,False,1483331979,0.05155561539628476
664,1772073000,1783024270,1791881050,1479954620,1713899442,False,1483331979,0.004967279553631651
665,1772074800,1761352395,1754755009,1470588409,1683713359,False,1483331979,0.0037456366021519504
666,1772076600,1807414895,1776167718,1506024838,1708631998,False,1483331979,0.017288325489870436
667,1772078400,1864696875,1874354386,1599818286,1805720361,False,1483331979,0.005179131862920079
668,1772080200,1993580625,2017291054,1783873324,1958936622,False,1483331979,0.011893388560595587
669,1772082000,2240028125,1967062434,1767626404,1917203427,False,1483331979,0.12185815345510449
670,1772083800,2639343958,2199897029,2008612579,2152075916,False,1483331979,0.16649854509034778
671,1772085600,2857852083,2558134728,2333339768,2501935988,False,1483331979,0.10487504121814971
672,1772087400,3109993333,2859587164,2630809694,2802392796,False,1483331979,0.08051662566056055
673,1772089200,3385156041,3347127393,3033024393,3268601643,False,1483331979,0.011233942406024527
674,1772091000,3721961979,3707281102,3281889132,3600933109,False,1483331979,0.003944391985418506
675,1772092800,3914605729,3947482207,3609334787,3862945352,False,1483331979,0.008398413601769907
676,1772094600,4042415208,4159008104,3847081674,4081026496,False,1483331979,0.02884238505962003
677,1772096400,4017520312,4248312438,3964145838,4177270788,False,1483331979,0.05744641173577718
678,1772098200,4017233020,4117761164,3847618284,4050225444,False,1483331979,0.025024225256417912
679,1772100000,4004282916,4358405481,4083869381,4289771456,True,1483331979,0.08843595031335692
680,1772101800,3991992708,4188272021,3954854291,4129917589,False,1483331979,0.04916825439251278
681,1772103600,3946133854,4284080816,4084644786,4234221808,True,1483331979,0.08564001488632728
682,1772105400,3834665625,4220397650,4029113200,4172576537,True,1483331979,0.100590784887535
683,1772107200,3795364583,4067260285,3842465325,4011061545,True,1483331979,0.07163888897995759
684,1772109000,3695876041,4128029651,3899252181,4070835283,True,1483331979,0.11692859966241492
685,1772110800,3594127916,4043022947,3728919947,3964497197,True,1483331979,0.1248967876189524
686,1772112600,3509083333,3976599448,3551207478,3870251455,True,1483331979,0.1332302686013185
687,1772114400,3394906562,3914013970,3575866550,3829477115,True,1483331979,0.1529077158736836
688,1772116200,3361586458,3843905159,3531978729,3765923551,True,1483331979,0.14347948714874315
689,1772118000,3375984791,3866130721,3581964121,3795089071,True,1483331979,0.1451860598740476
690,1772119800,3423254895,3906132848,3635989968,3838597128,True,1483331979,0.14105813554967545
691,1772121600,3490957291,3974007890,3699471790,3905373865,True,1483331979,0.13837195895960905
692,1772123400,3561468541,3994900121,3761482391,3936545688,True,1483331979,0.12170024106917979
693,1772125200,3624526041,4006223080,3806787050,3956364073,True,1483331979,0.10530950383093136
694,1772127000,3697519270,4129222081,3937937631,4081400968,True,1483331979,0.11675471565561307
695,1772128800,4102379166,4380652123,4155857163,4324453383,True,1483331979,0.06783209102325087
696,1772130600,4394672708,4562491103,4333713633,4505296736,False,1483331979,0.038186778891293946
697,1772132400,4697959062,4773645280,4459542280,4695119530,False,1483331979,0.01611044647285179
698,1772134200,4905295416,4943345559,4517953589,4836997566,False,1483331979,0.007756952389837472
699,1772136000,5002011458,5018626566,4680479146,4934089711,False,1483331979,0.0033216853139003744
700,1772137800,4976949687,4899450700,4587524270,4821469093,False,1483331979,0.015571583374135885
701,1772139600,4850354583,4841028687,4556862087,4769987037,False,1483331979,0.0019227245844430257
702,1772141400,4577970520,4742620216,4472477336,4675084496,False,1483331979,0.03596565230830713
703,1772143200,4192280000,4444118828,4169582728,4375484803,False,1483331979,0.06007204385203278
704,1772145000,3696952083,4262612096,4029194366,4204257664,True,1483331979,0.15300712595143473
705,1772146800,3267604479,3841979525,3642543495,3792120517,True,1483331979,0.17577863223390447
706,1772148600,2882978541,3439713463,3248429013,3391892350,True,1483331979,0.19311101837299455
707,1772150400,2525473229,3026394545,2801599585,2970195805,True,1483331979,0.1983475058250162
708,1772152200,2256810625,2389396745,2160619275,2332202377,False,1483331979,0.05874933347586486
709,1772154000,2041199583,2186191819,1872088819,2107666069,False,1483331979,0.07103285597721974
710,1772155800,1868148854,2039433941,1614041971,1933085948,False,1483331979,0.09168706585305113
711,1772157600,1744531041,1903853458,1565706038,1819316603,False,1483331979,0.09132678826320752
712,1772159400,1674421874,1818946934,1507020504,1740965326,False,1483331979,0.08631340897067138
713,1772161200,1657001250,1784817597,1500650997,1713775947,False,1483331979,0.07713714579273855
714,1772163000,1691264270,1840943780,1570800900,1773408060,False,1483331979,0.08850155038159707
715,1772164800,1777021250,1927393089,1652856989,1858759064,False,1483331979,0.08462016928610167
716,1772166600,1943083645,2073392294,1839974564,2015037862,False,1483331979,0.06706280984625343
717,1772168400,2169738437,2300749519,2101313489,2250890512,False,1483331979,0.06038104859364668
718,1772170200,2630815312,2324733026,2133448576,2276911913,False,1483331979,0.11634502984829823
719,1772172000,2867884062,2976213346,2751418386,2920014606,False,1483331979,0.03777324384740069
720,1772173800,3182687500,3120372718,2891595248,3063178351,False,1483331979,0.019579296427940224
721,1772175600,3430226249,3502881057,3188778057,3424355307,False,1483331979,0.021180762645373833
722,1772177400,3777252083,3843481679,3418089709,3737133686,False,1483331979,0.01753380355472558
723,1772179200,3972657916,4085191573,3747044153,4000654718,False,1483331979,0.028327044356567247
724,1772181000,4105852395,4267856362,3955929932,4189874755,False,1483331979,0.0394568414581304
725,1772182800,4096202499,4311674484,4027507884,4240632834,False,1483331979,0.05260286449524965
726,1772184600,4084704166,4349321149,4079178269,4281785429,False,1483331979,0.06478241073187184
727,1772186400,4090429583,4400575834,4126039734,4331941809,True,1483331979,0.07582241539836819
728,1772188200,4058210833,4416650415,4183232685,4358295983,True,1483331979,0.08832453432071355
729,1772190000,4018113229,4353407809,4153971779,4303548802,True,1483331979,0.08344577688355631
730,1772191800,3900578125,4247955724,4056671274,4200134611,True,1483331979,0.08905797752736974
731,1772193600,3830442395,4204260617,3979465657,4148061877,True,1483331979,0.097591396358801
732,1772195400,3746416979,4131477186,3902699716,4074282819,True,1483331979,0.10278092619118466
733,1772197200,3671060833,4109207308,3795104308,4030681558,True,1483331979,0.11935146131641344
734,1772199000,3579583333,4025937409,3600545439,3919589416,True,1483331979,0.12469442236058148
735,1772200800,3458213541,3917197821,3579050401,3832660966,True,1483331979,0.13272294338055163
736,1772202600,3366985729,3886993547,3575067117,3809011940,True,1483331979,0.15444313099433396
737,1772204400,3364383750,3877456773,3593290173,3806415123,True,1483331979,0.1525013378750269
738,1772206200,3409371875,3904128540,3633985660,3836592820,True,1483331979,0.14511666170179807
739,1772208000,3464463958,3965801973,3691265873,3897167948,True,1483331979,0.14470868251994093
740,1772209800,3560582291,4016781657,3783363927,3958427224,True,1483331979,0.1281249325856404
741,1772211600,3600671250,4061694466,3862258436,4011835458,True,1483331979,0.12803813066799696
742,1772213400,3738071562,4148883940,3957599490,4101062828,True,1483331979,0.10989954878771793
743,1772215200,4070524374,4426400083,4201605123,4370201343,True,1483331979,0.08742748508597925
744,1772217000,4367764791,4568766127,4339988657,4511571759,False,1483331979,0.046019267432663366
745,1772218800,4643373437,4824807160,4510704160,4746281410,False,1483331979,0.03907368758116105
746,1772220600,4853587500,5044859538,4619467568,4938511546,False,1483331979,0.039408383592548814
747,1772222400,4946856875,5120487751,4782340331,5035950896,False,1483331979,0.03509923177229582
748,1772224200,4987063854,5203392734,4891466304,5125411126,False,1483331979,0.043378004840761764
749,1772226000,4925069791,5142152509,4857985909,5071110859,False,1483331979,0.044077084632728206
750,1772227800,4795752083,5044117596,4773974716,4976581876,False,1483331979,0.05178864726565141
751,1772229600,4501092708,4808390704,4533854604,4739756679,True,1483331979,0.06827186550808542
752,1772231400,4171990104,4691560395,4458142665,4633205963,True,1483331979,0.12453775729282027
753,1772233200,3761664583,4353082573,4153646543,4303223565,True,1483331979,0.1572224149576709
754,1772235000,3378309375,3932015804,3740731354,3884194691,True,1483331979,0.16390045065070455
755,1772236800,2975652083,3484550635,3259755675,3428351895,True,1483331979,0.17102085116312973
756,1772238600,2659042916,2864374212,2635596742,2807179844,False,1483331979,0.0772200007621088
757,1772240400,2407104791,2636706480,2322603480,2558180730,False,1483331979,0.0953849993811923
758,1772242200,2206098958,2426156562,2000764592,2319808570,False,1483331979,0.09974965230004881
759,1772244000,2030468541,2246585916,1908438496,2162049061,False,1483331979,0.10643719448791007
760,1772245800,1935844583,2122542665,1810616235,2044561058,False,1483331979,0.09644270187778808
761,1772247600,1853438854,2041758373,1757591773,1970716723,False,1483331979,0.10160546628963676
762,1772249400,1862202291,2027310540,1757167660,1959774820,False,1483331979,0.0886628965059092
763,1772251200,1875035520,2044172602,1769636502,1975538577,False,1483331979,0.09020473489483549
764,1772253000,1973848541,2125316956,1891899226,2066962523,False,1483331979,0.07673760770077241
765,1772254800,2061507291,2222525476,2023089446,2172666469,False,1483331979,0.078107016988474
766,1772256600,2370098958,2168587321,1977302871,2120766209,False,1483331979,0.08502245710872972
767,1772258400,2539430625,2615901476,2391106516,2559702736,False,1483331979,0.030113384570212468
768,1772260200,2952141666,2851022980,2622245510,2793828612,False,1483331979,0.034252653646195313
769,1772262000,3358992708,2895053037,2580950037,2816527287,False,1483331979,0.13811868953899498
770,1772263800,3760341354,3735212021,3309820051,3628864028,False,1483331979,0.006682726549085522
771,1772265600,4016655729,3607254636,3269107216,3522717781,False,1483331979,0.10192586087081101
772,1772267400,4224202083,3906475310,3594548880,3828493702,False,1483331979,0.07521580804068743
773,1772269200,4313600416,4505237619,4221071019,4434195969,False,1483331979,0.04442627608463213
774,1772271000,4349426875,4626252055,4356109175,4558716335,True,1483331979,0.063646358004352
775,1772272800,4366484062,4718394303,4443858203,4649760278,True,1483331979,0.08059350177470086
776,1772274600,4386794583,4577109952,4343692222,4518755520,False,1483331979,0.04338369745816749
777,1772276400,4354683958,4590337192,4390901162,4540478184,True,1483331979,0.054114887847849645
778,1772278200,4293279166,4564539140,4373254690,4516718027,True,1483331979,0.06318246811160194
779,1772280000,4265429999,4547342379,4322547419,4491143639,True,1483331979,0.06609237053851368
780,1772281800,4243715208,4684302173,4455524703,4627107806,True,1483331979,0.10382104910561189
781,1772283600,4131813541,4649414817,4335311817,4570889067,True,1483331979,0.12527217670009566
782,1772285400,4017142500,4560794404,4135402434,4454446412,True,1483331979,0.13533298955663137
783,1772287200,3931038541,4438758992,4100611572,4354222137,True,1483331979,0.12915682349704036
784,1772289000,3855426354,4400336705,4088410275,4322355098,True,1483331979,0.14133595119373923
785,1772290800,3906096666,4167656166,3883489566,4096614516,False,1483331979,0.0669618604876585
786,1772292600,3921573124,4504681506,4234538626,4437145786,True,1483331979,0.14869246691624358
787,1772294400,4002673645,4268633259,3994097159,4199999234,False,1483331979,0.06644549058658016
788,1772296200,4172472187,4325599991,4092182261,4267245559,False,1483331979,0.03669953857981223
789,1772298000,4056179166,4533220061,4333784031,4483361054,True,1483331979,0.11760843776297825
790,1772299800,4053350312,4510568191,4319283741,4462747078,True,1483331979,0.1127999910706953
791,1772301600,4456764583,4417456479,4192661519,4361257739,False,1483331979,0.008819874433111828
792,1772303400,4821197187,4948174437,4719396967,4890980070,False,1483331979,0.026337286170825935
793,1772305200,5108121875,5112132866,4798029866,5033607116,False,1483331979,0.0007852183440709311
794,1772307000,5379486041,5271175418,4845783448,5164827426,False,1483331979,0.020134009489848215
795,1772308800,5282470833,5380503909,5042356489,5295967054,False,1483331979,0.01855818595108559
796,1772310600,5239806250,5444630004,5132703574,5366648396,False,1483331979,0.03908994803004405
797,1772312400,5158630625,5405164431,5120997831,5334122781,False,1483331979,0.04779055216809597
798,1772314200,5036009375,5365952297,5095809417,5298416577,True,1483331979,0.0655167410207611
799,1772316000,4699819479,5013961204,4739425104,4945327179,True,1483331979,0.06684123218001582
800,1772317800,4385963541,4951094680,4717676950,4892740247,True,1483331979,0.12884993997719144
801,1772319600,4009169374,4622747331,4423311301,4572888323,True,1483331979,0.15304366060938587
802,1772321400,3575518749,4211995248,4020710798,4164174136,True,1483331979,0.17800955432774881
803,1772323200,3140509687,3746582132,3521787172,3690383392,True,1483331979,0.1929853767077395
804,1772325000,2794122083,3058861090,2830083620,3001666722,True,1483331979,0.09474854681931233
805,1772326800,2500051666,2807760278,2493657278,2729234528,False,1483331979,0.12308090116086425
806,1772328600,2269335833,2566117599,2140725629,2459769607,False,1483331979,0.1307791300363255
807,1772330400,2074762395,2369908775,2031761355,2285371920,False,1483331979,0.14225550873260356
808,1772332200,1961043750,2217211826,1905285396,2139230218,False,1483331979,0.13062843498519602
809,1772334000,1860441145,2096225606,1812059006,2025183956,False,1483331979,0.1267357807225877
810,1772335800,1823302083,2043926261,1773783381,1976390541,False,1483331979,0.1210025371314184
811,1772337600,1786882916,2017484416,1742948316,1948850391,False,1483331979,0.12905238386643123
812,1772339400,1827972708,2063913613,1830495883,2005559180,True,1483331979,0.1290724440071892
813,1772341200,1897717708,2132860101,1933424071,2083001094,True,1483331979,0.1239079932746246
814,1772343000,2166801875,2136207129,1944922679,2088386016,False,1483331979,0.014119770871990777
815,1772344800,2296775208,2452346411,2227551451,2396147671,False,1483331979,0.0677346230741794
816,1772346600,2703472916,2388224344,2159446874,2331029977,False,1483331979,0.11660874060703924
817,1772348400,3161575208,2766302218,2452199218,2687776468,False,1483331979,0.1250240668005643
818,1772350200,3637012500,3156810506,2731418536,3050462514,False,1483331979,0.1320319888919821
819,1772352000,4010038750,3554897262,3216749842,3470360407,False,1483331979,0.11350052116079926
820,1772353800,4299349791,3941646513,3629720083,3863664905,False,1483331979,0.08319938953299276
821,1772355600,4473718750,4223372864,3939206264,4152331214,False,1483331979,0.05595923659707039
822,1772357400,4598941666,4477459736,4207316856,4409924016,False,1483331979,0.02641519262966881
823,1772359200,4708862708,5008260893,4733724793,4939626868,True,1483331979,0.0635818463110732
824,1772361000,4775719270,4931923246,4698505516,4873568814,False,1483331979,0.03270794767632981
825,1772362800,4751570624,4964210775,4764774745,4914351768,True,1483331979,0.044751550135014896
826,1772364600,4677252812,4879475846,4688191396,4831654733,True,1483331979,0.04323542945576404
827,1772366400,4606673958,4820973479,4596178519,4764774739,False,1483331979,0.04651935929345404
828,1772368200,4537501041,4698955227,4470177757,4641760859,False,1483331979,0.03558218158874908
829,1772370000,4399605625,4669726059,4355623059,4591200309,False,1483331979,0.06139651073839147
830,1772371800,4191060104,4495921906,4070529936,4389573913,False,1483331979,0.07274097589510493
831,1772373600,4102043333,4407277252,4069129832,4322740397,False,1483331979,0.07441021320873502
832,1772375400,4039535937,4394356766,4082430336,4316375158,True,1483331979,0.08783702745407708
833,1772377200,4027520416,4377983571,4093816971,4306941921,True,1483331979,0.08701710203819858
834,1772379000,4051933645,4366252835,4096109955,4298717115,True,1483331979,0.07757264001296349
835,1772380800,4124471354,4594974848,4320438748,4526340823,True,1483331979,0.11407607269321818
836,1772382600,4281375833,4644656666,4411238936,4586302233,True,1483331979,0.0848514232737764
837,1772384400,4316481770,4659896297,4460460267,4610037289,True,1483331979,0.07955889664280917
838,1772386200,4308351666,4670401240,4479116790,4622580127,True,1483331979,0.08403435978942207
839,1772388000,4609466354,4979391392,4754596432,4923192652,True,1483331979,0.08025333294362517
840,1772389800,4954786666,5229592359,5000814889,5172397991,True,1483331979,0.0554626690359306
841,1772391600,5314856250,5492786194,5178683194,5414260444,False,1483331979,0.03347784693141983
842,1772393400,5592933333,5706051209,5280659239,5599703216,False,1483331979,0.020225142919650104
843,1772395200,5521709166,5754407681,5416260261,5669870826,False,1483331979,0.04214247943967138
844,1772397000,5478554166,5761275404,5449348974,5683293797,False,1483331979,0.051605082186569
845,1772398800,5157715104,5527641044,5243474444,5456599394,True,1483331979,0.07172283318113261
846,1772400600,4799602812,5192142830,4921999950,5124607110,True,1483331979,0.0817859379985712
847,1772402400,4287701041,4768295866,4493759766,4699661841,True,1483331979,0.1120868317087502
848,1772404200,3797774687,4534435811,4301018081,4476081379,True,1483331979,0.19397178208639737
849,1772406000,3274860937,3785943395,3586507365,3736084387,True,1483331979,0.15606233908307174
850,1772407800,2856763437,3316947369,3125662919,3269126256,True,1483331979,0.16108576791477608
851,1772409600,2492456250,3125471507,2900676547,3069272767,True,1483331979,0.25397246471226925
852,1772411400,2195371875,2472148360,2243370890,2414953992,True,1483331979,0.12607271148538332
853,1772413200,1968957187,2266807624,1952704624,2188281874,False,1483331979,0.1512731911930597
854,1772415000,1798314895,2083863961,1658471991,1977515969,False,1483331979,0.1587870215577567
855,1772416800,1676788750,1938834778,1600687358,1854297923,False,1483331979,0.15627849840953428
856,1772418600,1606428333,1881783617,1569857187,1803802009,False,1483331979,0.17140838364433902
857,1772420400,1576409583,1842489537,1558322937,1771447887,False,1483331979,0.16878859204448265
858,1772422200,1605827083,1872704521,1602561641,1805168801,False,1483331979,0.16619313550336975
859,1772424000,1667878125,1928640130,1654104030,1860006105,False,1483331979,0.1563435607742622
860,1772425800,1842341979,2084907823,1851490093,2026553390,True,1483331979,0.1316616821224807
861,1772427600,2064621875,2074025260,1874589230,2024166252,False,1483331979,0.004554531323078227
862,1772429400,2519898020,2354352828,2163068378,2306531715,False,1483331979,0.06569519507777541
863,1772431200,2792897916,2785381028,2560586068,2729182288,False,1483331979,0.002691429556711374
864,1772433000,3175195208,3003678225,2774900755,2946483858,False,1483331979,0.054017775841894
865,1772434800,3474398437,3560089978,3245986978,3481564228,False,1483331979,0.024663705833920163
866,1772436600,3825205208,3511555102,3086163132,3405207110,False,1483331979,0.08199562871660715
867,1772438400,4073357604,3832807623,3494660203,3748270768,False,1483331979,0.059054471614223635
868,1772440200,4244422916,4063225989,3751299559,3985244381,False,1483331979,0.04269059200414514
869,1772442000,4260143750,4412500514,4128333914,4341458864,False,1483331979,0.035763291790329846
870,1772443800,4274237916,4481335023,4211192143,4413799303,False,1483331979,0.04845240510004404
871,1772445600,4318204166,4516990574,4242454474,4448356549,False,1483331979,0.04603450887412256
872,1772447400,4299994791,4532729874,4299312144,4474375442,False,1483331979,0.05412450347314851
873,1772449200,4213203125,4502433342,4302997312,4452574335,True,1483331979,0.06864853376847337
874,1772451000,4111073437,4388381185,4197096735,4340560072,True,1483331979,0.06745385414529631
875,1772452800,4049068750,4358674756,4133879796,4302476016,True,1483331979,0.07646350929457545
876,1772454600,3933008333,4256329010,4027551540,4199134643,True,1483331979,0.08220696465023228
877,1772456400,3847980208,4210012561,3895909561,4131486811,True,1483331979,0.09408373573422496
878,1772458200,3752146875,4142173900,3716781930,4035825908,False,1483331979,0.10394769661035724
879,1772460000,3662292916,4062179615,3724032195,3977642760,True,1483331979,0.10919025544159942
880,1772461800,3599103645,3974947204,3663020774,3896965597,True,1483331979,0.10442698962619067
881,1772463600,3590009583,3958521253,3674354653,3887479603,True,1483331979,0.10264921624305313
882,1772465400,3616798333,4016649467,3746506587,3949113747,True,1483331979,0.11055389247216842
883,1772467200,3670299479,4076066639,3801530539,4007432614,True,1483331979,0.11055423741894606
884,1772469000,3727125000,4110569229,3877151499,4052214796,True,1483331979,0.1028793584867693
885,1772470800,3782746875,4157101089,3957665059,4107242082,True,1483331979,0.09896359084296381
886,1772472600,3901126770,4252022844,4060738394,4204201732,True,1483331979,0.0899473651301006
887,1772474400,4170923958,4360202358,4135407398,4304003618,False,1483331979,0.04538044853034456
888,1772476200,4474843333,4485518944,4256741474,4428324577,False,1483331979,0.002385694918361067
889,1772478000,4742174583,4772990080,4458887080,4694464330,False,1483331979,0.006498178517186827
890,1772479800,4917592708,5183042650,4757650680,5076694658,False,1483331979,0.05397965178534668
891,1772481600,4955667291,5295880345,4957732925,5211343490,True,1483331979,0.06865131051429982
892,1772483400,4917790625,5290302208,4978375778,5212320600,True,1483331979,0.07574775166439705
893,1772485200,4716861250,5179588133,4895421533,5108546483,True,1483331979,0.09810059242255642
894,1772487000,4474144375,4963412078,4693269198,4895876358,True,1483331979,0.10935447361373983
895,1772488800,3916833750,4539117900,4264581800,4470483875,True,1483331979,0.15887428206520127
896,1772490600,3479609895,4042518095,3809100365,3984163662,True,1483331979,0.16177336453976257
897,1772492400,3066826458,3712376515,3512940485,3662517507,True,1483331979,0.21049448537136625
898,1772494200,2704487604,3370875748,3179591298,3323054635,True,1483331979,0.24640088681286482
899,1772496000,2402812604,2666600454,2441805494,2610401714,True,1483331979,0.10978294751778321
900,1772497800,2185702500,2389814710,2161037240,2332620342,False,1483331979,0.09338517478934119
901,1772499600,2000246041,2183397103,1869294103,2104871353,False,1483331979,0.0915642667181262
902,1772501400,1873868854,2026477589,1601085619,1920129596,False,1483331979,0.08144045655822614
903,1772503200,1769522916,1915494534,1577347114,1830957679,False,1483331979,0.08249207550810832
904,1772505000,1685288750,1838718456,1526792026,1760736849,False,1483331979,0.09104060416946354
905,1772506800,1659936562,1771377536,1487210936,1700335886,False,1483331979,0.0671356825020642
906,1772508600,1684023125,1809233490,1539090610,1741697770,False,1483331979,0.07435192732285074
907,1772510400,1768940624,1865018664,1590482564,1796384639,False,1483331979,0.054313886343310074
908,1772512200,1944306875,2034015192,1800597462,1975660759,False,1483331979,0.0461389702178572
909,1772514000,2173346041,2075280433,1875844403,2025421426,False,1483331979,0.04512194843803063
910,1772515800,2640108020,2355341015,2164056565,2307519902,False,1483331979,0.10786187642428358
911,1772517600,2908436458,2985456962,2760662002,2929258222,False,1483331979,0.02648175578604991
912,1772519400,3243416354,3240327679,3011550209,3183133312,False,1483331979,0.0009522906290433042
913,1772521200,3508012500,3221066345,2906963345,3142540595,False,1483331979,0.0817973581907134
914,1772523000,3842437291,3497599273,3072207303,3391251280,False,1483331979,0.08974460528157517
915,1772524800,4036016458,4095154352,3757006932,4010617497,False,1483331979,0.014652540348981898
916,1772526600,4176453750,4264895438,3952969008,4186913831,False,1483331979,0.021176264193036975
917,1772528400,4155596875,4289596630,4005430030,4218554980,False,1483331979,0.032245609723633266
918,1772530200,4172802083,4368985007,4098842127,4301449287,False,1483331979,0.04701467265827187
919,1772532000,4185105520,4419209427,4144673327,4350575402,False,1483331979,0.05593739653188004
920,1772533800,4144885104,4452973743,4219556013,4394619310,True,1483331979,0.07432983816672763
921,1772535600,4090339375,4399817329,4200381299,4349958322,True,1483331979,0.07566070333711612
922,1772537400,3981345833,4327352999,4136068549,4279531886,True,1483331979,0.08690708632544959
923,1772539200,3916063541,4236487314,4011692354,4180288574,True,1483331979,0.08182292489518112
924,1772541000,3785471875,4114354088,3885576618,4057159720,True,1483331979,0.08688011002591321
925,1772542800,3709634895,4078122226,3764019226,3999596476,True,1483331979,0.09933250614411206
926,1772544600,3647313958,3996877452,3571485482,3890529459,False,1483331979,0.09584135010732191
927,1772546400,3610989270,3895455282,3557307862,3810918427,False,1483331979,0.0787778613365971
928,1772548200,3534400416,3839006028,3527079598,3761024420,False,1483331979,0.08618310778288456
929,1772550000,3531201250,3837163337,3552996737,3766121687,True,1483331979,0.08664532699743466
930,1772551800,3545155520,3881798876,3611655996,3814263156,True,1483331979,0.0949586990192182
931,1772553600,3602294479,3941956498,3667420398,3873322473,True,1483331979,0.09429046430826235
932,1772555400,3680724270,3953169328,3719751598,3894814895,True,1483331979,0.07401941520601868
933,1772557200,3754668750,3936972366,3737536336,3887113358,False,1483331979,0.048553848059166335
934,1772559000,3859794583,4207412767,4016128317,4159591655,True,1483331979,0.09006131713097956
935,1772560800,4126945312,4364811984,4140017024,4308613244,True,1483331979,0.05763746645935685
936,1772562600,4476458645,4465385068,4236607598,4408190701,False,1483331979,0.002473736021747611
937,1772564400,4699766250,4691663901,4377560901,4613138151,False,1483331979,0.0017239897835344472
938,1772566200,4804532500,4850696773,4425304803,4744348780,False,1483331979,0.009608483863934732
939,1772568000,4869416666,4953680061,4615532641,4869143206,False,1483331979,0.017304617940862816
940,1772569800,4758760937,4985560433,4673634003,4907578826,False,1483331979,0.04765935902276656
941,1772571600,4548355729,4852664971,4568498371,4781623321,True,1483331979,0.06690533021851071
942,1772573400,4250707291,4864828794,4594685914,4797293074,True,1483331979,0.14447513342080182
943,1772575200,3761431770,4703055394,4428519294,4634421369,True,1483331979,0.2503364892884924
944,1772577000,3329750937,4067196329,3833778599,4008841897,True,1483331979,0.2214716373544788
945,1772578800,2986178958,3652414077,3452978047,3602555069,True,1483331979,0.2231062265090142
946,1772580600,2650225729,3376778538,3185494088,3328957426,True,1483331979,0.27414751922816305
947,1772582400,2317732604,2716139805,2491344845,2659941065,True,1483331979,0.17189523947344876
948,1772584200,2027416979,2460123752,2231346282,2402929384,True,1483331979,0.21342761626344256
949,1772586000,1830075208,2271902567,1957799567,2193376817,True,1483331979,0.24142579336007267
950,1772587800,1682280937,2044421883,1619029913,1938073890,False,1483331979,0.21526781766058853
951,1772589600,1578024375,1898459949,1560312529,1813923094,False,1483331979,0.20306123218153713
952,1772591400,1524905416,1850086660,1538160230,1772105053,True,1483331979,0.21324682868068454
953,1772593200,1510162187,1833467747,1549301147,1762426097,True,1483331979,0.2140866476350199
954,1772595000,1559898333,1865443417,1595300537,1797907697,True,1483331979,0.19587499873301037
955,1772596800,1645844791,1925227941,1650691841,1856593916,True,1483331979,0.1697506056025182
956,1772598600,1818660937,2100940382,1867522652,2042585950,True,1483331979,0.15521279379631828
957,1772600400,2068027604,2321677511,2122241481,2271818503,True,1483331979,0.12265305671422749
958,1772602200,2570568958,2415995859,2224711409,2368174746,False,1483331979,0.06013186244972931
959,1772604000,2870631770,3010512600,2785717640,2954313860,False,1483331979,0.04872823866225099
960,1772605800,3219323958,3141302999,2912525529,3084108632,False,1483331979,0.024235199693438247
961,1772607600,3477634583,3526362202,3212259202,3447836452,False,1483331979,0.014011713375004703
962,1772609400,3807848645,3853878424,3428486454,3747530432,False,1483331979,0.012088132510319354
963,1772611200,4018639583,4089705583,3751558163,4005168728,False,1483331979,0.017684093965686695
964,1772613000,4141000520,4242699097,3930772667,4164717489,False,1483331979,0.024558938476056988
965,1772614800,4147787499,4255759277,3971592677,4184717627,False,1483331979,0.026031173975530612
966,1772616600,4141456666,4290246957,4020104077,4222711237,False,1483331979,0.035927042825660706
967,1772618400,4171935729,4296050261,4021514161,4227416236,False,1483331979,0.029749866743452893
968,1772620200,4130028854,4306560441,4073142711,4248206009,False,1483331979,0.04274342704144216
969,1772622000,4080456458,4235367079,4035931049,4185508072,False,1483331979,0.037964042159128464
970,1772623800,3961133333,4137903926,3946619476,4090082814,False,1483331979,0.0446262668129177
971,1772625600,3894901250,4077839418,3853044458,4021640678,False,1483331979,0.046968628023624476
972,1772627400,3794448333,3908293893,3679516423,3851099526,False,1483331979,0.030003191507417475
973,1772629200,3711787083,3849445099,3535342099,3770919349,False,1483331979,0.03708672208879498
974,1772631000,3600696354,3791692751,3366300781,3685344758,False,1483331979,0.053044294275973264
975,1772632800,3514910937,3712339569,3374192149,3627802714,False,1483331979,0.05616888607951662
976,1772634600,3444283854,3646238678,3334312248,3568257071,False,1483331979,0.05863477940863117
977,1772636400,3447385624,3657252371,3373085771,3586210721,False,1483331979,0.060877073205547486
978,1772638200,3483396354,3671828460,3401685580,3604292740,False,1483331979,0.0540943627570898
979,1772640000,3555946354,3716221007,3441684907,3647586982,False,1483331979,0.04507229216765625
980,1772641800,3588899791,3788951471,3555533741,3730597038,False,1483331979,0.055741784850520504
981,1772643600,3664052916,3844401934,3644965904,3794542927,False,1483331979,0.04922118269975335
982,1772645400,3794381250,3982373752,3791089302,3934552640,False,1483331979,0.049544969156697156
983,1772647200,4078625833,4333707446,4108912486,4277508706,True,1483331979,0.06254106737032478
984,1772649000,4400086041,4628410677,4399633207,4571216310,False,1483331979,0.05189094801157776
985,1772650800,4679335416,4868321553,4554218553,4789795803,False,1483331979,0.04038738842139886
986,1772652600,4852981250,5031216291,4605824321,4924868299,False,1483331979,0.03672691729439507
987,1772654400,4876325000,5042569051,4704421631,4958032196,False,1483331979,0.034092077742972425
988,1772656200,4824208020,4919732644,4607806214,4841751037,False,1483331979,0.019801099704651624
989,1772658000,4620147500,4801038007,4516871407,4729996357,False,1483331979,0.0391525393940345
990,1772659800,4237416145,4850027985,4579885105,4782492265,True,1483331979,0.14457202668726793
991,1772661600,3803363229,4568967421,4294431321,4500333396,True,1483331979,0.2012966277221165
992,1772663400,3335193020,4184521246,3951103516,4126166813,True,1483331979,0.2546563934701446
993,1772665200,2985180625,3729386474,3529950444,3679527466,True,1483331979,0.2493001069240157
994,1772667000,2614190937,3372106398,3180821948,3324285285,True,1483331979,0.28992352864239157
995,1772668800,2278616458,2979024284,2754229324,2922825544,True,1483331979,0.3073829400033237
996,1772670600,2027239583,2526684485,2297907015,2469490118,True,1483331979,0.24636698404482565
997,1772672400,1826781458,2113855031,1799752031,2035329281,False,1483331979,0.15714719007181865
998,1772674200,1688648020,1988302346,1562910376,1881954354,False,1483331979,0.17745221174037204
999,1772676000,1585327812,1893677891,1555530471,1809141036,False,1483331979,0.1945024093225206
1000,1772677800,1544593749,1889202498,1577276068,1811220890,True,1483331979,0.22310639883341907
1001,1772679600,1534199270,1867635438,1583468838,1796593788,True,1483331979,0.21733563202647072
1002,1772681400,1590282812,1913802754,1643659874,1846267034,True,1483331979,0.20343547673330448
1003,1772683200,1659220312,1971189550,1696653450,1902555525,True,1483331979,0.18802158805780098
1004,1772685000,1839949479,2100178115,1866760385,2041823683,True,1483331979,0.1414324898428366
1005,1772686800,2055063645,2128357879,1928921849,2078498871,False,1483331979,0.03566518933772487
1006,1772688600,2526879895,2394593536,2203309086,2346772424,False,1483331979,0.05235166074246675
1007,1772690400,2814974583,2724990136,2500195176,2668791396,False,1483331979,0.03196634440091497
1008,1772692200,3166698229,3005891428,2777113958,2948697060,False,1483331979,0.05078058891982915
1009,1772694000,3416556562,3488400979,3174297979,3409875229,False,1483331979,0.02102831189715278
1010,1772695800,3760280625,3825309140,3399917170,3718961147,False,1483331979,0.017293527128709976
1011,1772697600,3940707812,4018055113,3679907693,3933518258,False,1483331979,0.019627768586259243
1012,1772699400,4089516041,4145966814,3834040384,4067985207,False,1483331979,0.013803778352754969
1013,1772701200,4066991041,4121174141,3837007541,4050132491,False,1483331979,0.013322650444461601
1014,1772703000,4103648229,4120989072,3850846192,4053453352,False,1483331979,0.004225713811786863
1015,1772704800,4095806666,4391439243,4116903143,4322805218,True,1483331979,0.07217932903281231
1016,1772706600,4081773750,4095953205,3862535475,4037598773,False,1483331979,0.0034738463884726586
1017,1772708400,3998094791,4320554144,4121118114,4270695136,True,1483331979,0.08065325357614814
1018,1772710200,3870718437,4247416188,4056131738,4199595076,True,1483331979,0.09731985344094404
1019,1772712000,3798270208,4117148310,3892353350,4060949570,True,1483331979,0.08395350634306425
1020,1772713800,3724738541,4116198703,3887421233,4059004336,True,1483331979,0.1050973531943272
1021,1772715600,3637919791,4055976918,3741873918,3977451168,True,1483331979,0.11491653225402297
1022,1772717400,3461982812,3985930918,3560538948,3879582925,True,1483331979,0.15134335854698056
1023,1772719200,3380935937,3913128897,3574981477,3828592042,True,1483331979,0.15740995094755622
1024,1772721000,3331774270,3850479543,3538553113,3772497936,True,1483331979,0.15568439845115917
1025,1772722800,3326471041,3871241376,3587074776,3800199726,True,1483331979,0.16376824817817495
1026,1772724600,3342262916,3912798813,3642655933,3845263093,True,1483331979,0.1707034758602456
1027,1772726400,3415173333,3980741042,3706204942,3912107017,True,1483331979,0.16560439364381743
1028,1772728200,3476658645,4011658793,3778241063,3953304360,True,1483331979,0.15388342734464805
1029,1772730000,3511139166,4033430376,3833994346,3983571368,True,1483331979,0.14875263705226774
1030,1772731800,3579488229,4146529938,3955245488,4098708825,True,1483331979,0.15841418457699866
1031,1772733600,3943068229,4428747667,4203952707,4372548927,True,1483331979,0.12317297337844264
1032,1772735400,4294087916,4464364666,4235587196,4407170298,False,1483331979,0.03965376427565439
1033,1772737200,4603622395,4797753304,4483650304,4719227554,False,1483331979,0.042169164267435534
1034,1772739000,4824935208,5005188464,4579796494,4898840471,False,1483331979,0.03735868943921371
1035,1772740800,4884690833,5102003312,4763855892,5017466457,False,1483331979,0.04448848175443983
1036,1772742600,4841310416,5077040347,4765113917,4999058740,False,1483331979,0.04869134815667643
1037,1772744400,4691924687,4950544049,4666377449,4879502399,False,1483331979,0.05512010086533599
1038,1772746200,4399804166,4678258793,4408115913,4610723073,True,1483331979,0.06328795930323232
1039,1772748000,3958230833,4292667079,4018130979,4224033054,True,1483331979,0.08449134477246391
1040,1772749800,3521640312,4249965979,4016548249,4191611547,True,1483331979,0.20681432584646084
1041,1772751600,3093574687,3827689207,3628253177,3777830200,True,1483331979,0.23730298902591196
1042,1772753400,2741489166,3429049976,3237765526,3381228864,True,1483331979,0.25079829551294314
1043,1772755200,2429210104,3026992586,2802197626,2970793846,True,1483331979,0.24608101251335812
1044,1772757000,2207751250,2311043142,2082265672,2253848774,False,1483331979,0.04678601903180895
1045,1772758800,2015445000,2135885292,1821782292,2057359542,False,1483331979,0.059758659750080004
1046,1772760600,1885626875,1962928312,1537536342,1856580319,False,1483331979,0.04099508658095467
1047,1772762400,1780741250,1839404247,1501256827,1754867392,False,1483331979,0.03294302134013013
1048,1772764200,1739221041,1769388828,1457462398,1691407221,False,1483331979,0.0173455738453201
1049,1772766000,1731680833,1752061952,1467895352,1681020302,False,1483331979,0.011769558576617913
1050,1772767800,1780015416,1786418721,1516275841,1718883001,False,1483331979,0.003597331204237166
1051,1772769600,1853120104,1872269449,1597733349,1803635424,False,1483331979,0.010333569291415988
1052,1772771400,2028048854,2038425592,1805007862,1980071160,False,1483331979,0.005116611456145918
1053,1772773200,2284108958,2265174132,2065738102,2215315125,False,1483331979,0.008289808563501987
1054,1772775000,2784895833,2481478927,2290194477,2433657814,False,1483331979,0.10895089949312298
1055,1772776800,3072628020,2963507254,2738712294,2907308514,False,1483331979,0.03551382246393756
1056,1772778600,3397898958,3325229629,3096452159,3268035262,False,1483331979,0.021386547951612163
1057,1772780400,3682838229,3524536455,3210433455,3446010705,False,1483331979,0.04298363494586175
1058,1772782200,4023122916,3871655666,3446263696,3765307673,False,1483331979,0.03764917283476804
1059,1772784000,4232092708,4067154875,3729007455,3982618020,False,1483331979,0.0389731143384962
1060,1772785800,4367491666,4200442730,3888516300,4122461123,False,1483331979,0.03824825524005934
1061,1772787600,4345479166,4190886211,3906719611,4119844561,False,1483331979,0.03557558305872683
1062,1772789400,4328216354,4179481254,3909338374,4111945534,False,1483331979,0.0343640631232641
1063,1772791200,4333296250,4433417049,4158880949,4364783024,False,1483331979,0.0231049974946901
1064,1772793000,4303025416,4439926340,4206508610,4381571908,False,1483331979,0.03181503959771173
1065,1772794800,4239062083,4381406111,4181970081,4331547104,False,1483331979,0.033579132650792085
1066,1772796600,4113234375,4273630799,4082346349,4225809686,False,1483331979,0.0389952065398656
1067,1772798400,4035755833,4224740943,3999945983,4168542203,False,1483331979,0.046827686763080745
1068,1772800200,3940294166,4068464628,3839687158,4011270261,False,1483331979,0.03252814551409815
1069,1772802000,3876185000,4117369326,3803266326,4038843576,False,1483331979,0.06222208847100951
1070,1772803800,3777831041,4032552749,3607160779,3926204757,False,1483331979,0.06742538383415225
1071,1772805600,3694501354,3921381964,3583234544,3836845109,False,1483331979,0.061410346961805445
1072,1772807400,3605589062,3879067825,3567141395,3801086217,False,1483331979,0.07584856684924124
1073,1772809200,3587185937,3871012853,3586846253,3799971203,False,1483331979,0.07912244332597025
1074,1772811000,3627362291,3901442734,3631299854,3833907014,True,1483331979,0.07555915869777674
1075,1772812800,3689998958,3961894740,3687358640,3893260715,False,1483331979,0.07368451457432634
1076,1772814600,3766784375,4021996997,3788579267,3963642564,True,1483331979,0.06775344606764225
1077,1772816400,3821737500,4066039878,3866603848,4016180871,True,1483331979,0.06392442652065977
1078,1772818200,3937604479,4163366363,3972081913,4115545251,True,1483331979,0.057334830149658615
1079,1772820000,4222187187,4451964683,4227169723,4395765943,True,1483331979,0.054421437473799995
1080,1772821800,4531143541,4421064795,4192287325,4363870427,False,1483331979,0.02429381126507111
1081,1772823600,4804539270,4733728523,4419625523,4655202773,False,1483331979,0.014738301223209693
1082,1772825400,5016005208,4944032047,4518640077,4837684054,False,1483331979,0.014348701409880992
1083,1772827200,5131622604,5037390882,4699243462,4952854027,False,1483331979,0.018362948578203746
1084,1772829000,5135212500,5077687322,4765760892,4999705714,False,1483331979,0.011202102736741663
1085,1772830800,5041663541,5015782719,4731616119,4944741069,False,1483331979,0.005133389364349889
1086,1772832600,4879598645,4886554472,4616411592,4819018752,False,1483331979,0.0014254916246293039
1087,1772834400,4467072500,4837822955,4563286855,4769188930,True,1483331979,0.0829962923144856
1088,1772836200,4170536979,4678627647,4445209917,4620273215,True,1483331979,0.12182859678703259
1089,1772838000,3785945208,4325869745,4126433715,4276010738,True,1483331979,0.14261287666263553
1090,1772839800,3307642291,3912434749,3721150299,3864613636,True,1483331979,0.1828469963773359
1091,1772841600,2819310833,3474020616,3249225656,3417821876,True,1483331979,0.23222334172473277
1092,1772843400,2485401458,2699065327,2470287857,2641870960,False,1483331979,0.08596754794371735
1093,1772845200,2228294166,2497383464,2183280464,2418857714,False,1483331979,0.12076022192484616
1094,1772847000,2037115520,2296467015,1871075045,2190119023,False,1483331979,0.1273131015171884
1095,1772848800,1880024479,2120925983,1782778563,2036389128,False,1483331979,0.1281374294275878
1096,1772850600,1781914791,2026391410,1714464980,1948409803,False,1483331979,0.13719882692190977
1097,1772852400,1714960520,1944075066,1659908466,1873033416,False,1483331979,0.1335975629339852
1098,1772854200,1713891458,1952927888,1682785008,1885392168,False,1483331979,0.1394699932042021
1099,1772856000,1743141249,1965850502,1691314402,1897216477,False,1483331979,0.12776317072857013
1100,1772857800,1811938645,2064752907,1831335177,2006398475,True,1483331979,0.13952694408148683
1101,1772859600,1935887708,2152501042,1953065012,2102642035,True,1483331979,0.1118935427426145
1102,1772861400,2310183020,2299972785,2108688335,2252151673,False,1483331979,0.004419664983945731
1103,1772863200,2563885833,2630603146,2405808186,2574404406,False,1483331979,0.026021951578840054
1104,1772865000,3019643645,2981220386,2752442916,2924026019,False,1483331979,0.012724434905960567
1105,1772866800,3461871562,3072177359,2758074359,2993651609,False,1483331979,0.11256749305132077
1106,1772868600,3825063333,3844761243,3419369273,3738413250,False,1483331979,0.005149695125322517
1107,1772870400,4073855208,3773638245,3435490825,3689101390,False,1483331979,0.07369357713314194
1108,1772872200,4223809999,4054607556,3742681126,3976625949,False,1483331979,0.040059198458278
1109,1772874000,4282528541,4398270809,4114104209,4327229159,False,1483331979,0.02702661917881191
1110,1772875800,4292300520,4655640913,4385498033,4588105193,True,1483331979,0.08464933694810353
1111,1772877600,4282637500,4732849651,4458313551,4664215626,True,1483331979,0.10512497287010633
1112,1772879400,4254468750,4471715480,4238297750,4413361047,False,1483331979,0.051063186208618876
1113,1772881200,4194230625,4628210944,4428774914,4578351936,True,1483331979,0.10347078112806446
1114,1772883000,4121822083,4595375045,4404090595,4547553933,True,1483331979,0.11488922919626174
1115,1772884800,4057865624,4576131305,4351336345,4519932565,True,1483331979,0.1277187884031322
1116,1772886600,3988266041,4656115459,4427337989,4598921092,True,1483331979,0.16745357785423623
1117,1772888400,3884884166,4629624298,4315521298,4551098548,True,1483331979,0.19170201740321335
1118,1772890200,3811391666,4535876661,4110484691,4429528668,True,1483331979,0.19008411060528357
1119,1772892000,3741393437,4421110440,4082963020,4336573585,True,1483331979,0.18167482635694804
1120,1772893800,3680445312,4375333074,4063406644,4297351467,True,1483331979,0.18880534910662464
1121,1772895600,3775563229,3990158006,3705991406,3919116356,False,1483331979,0.05683781835560408
1122,1772897400,3851639583,4472204071,4202061191,4404668351,True,1483331979,0.16111696710642098
1123,1772899200,3914565625,4086900786,3812364686,4018266761,False,1483331979,0.04402408274864469
1124,1772901000,4119522916,4256782229,4023364499,4198427796,False,1483331979,0.03331922550227658
1125,1772902800,4060520312,4522204825,4322768795,4472345817,True,1483331979,0.11370082588568517
1126,1772904600,4058105208,4503600458,4312316008,4455779346,True,1483331979,0.10977912773719296
1127,1772906400,4268643437,4541323327,4316528367,4485124587,True,1483331979,0.06387975337467851
1128,1772908200,4556688854,4887028836,4658251366,4829834469,True,1483331979,0.07249561964495722
1129,1772910000,4804226041,5187299622,4873196622,5108773872,True,1483331979,0.07973679375841008
1130,1772911800,4938987500,5458742181,5033350211,5352394189,True,1483331979,0.10523506710636542
1131,1772913600,5005381249,5361805367,5023657947,5277268512,True,1483331979,0.0712081858042698
1132,1772915400,4947370312,5319219178,5007292748,5241237570,True,1483331979,0.07516091227253983
1133,1772917200,4921729583,5238121947,4953955347,5167080297,True,1483331979,0.06428479230001613
1134,1772919000,4853156041,5379533429,5109390549,5311997709,True,1483331979,0.10846084147163321
1135,1772920800,4399734375,5030780969,4756244869,4962146944,True,1483331979,0.14342833912558642
1136,1772922600,4125897083,4917794955,4684377225,4859440523,True,1483331979,0.1919335010228126
1137,1772924400,3749199270,4579836637,4380400607,4529977629,True,1483331979,0.22155060512427766
1138,1772926200,3334219479,4164583240,3973298790,4116762127,True,1483331979,0.2490429218082077
1139,1772928000,2964236979,3705329328,3480534368,3649130588,True,1483331979,0.2500111678824043
1140,1772929800,2666008333,3032360698,2803583228,2975166330,True,1483331979,0.13741606148235547
1141,1772931600,2416391770,2575380210,2261277210,2496854460,False,1483331979,0.06579580429542681
1142,1772933400,2205201979,2344738960,1919346990,2238390967,False,1483331979,0.06327628141494607
1143,1772935200,2046246354,2150240104,1812092684,2065703249,False,1483331979,0.050821715477568544
1144,1772937000,1916824375,2036596042,1724669612,1958614435,False,1483331979,0.06248442400989397
1145,1772938800,1833272604,1936068020,1651901420,1865026370,False,1483331979,0.05607208430198087
1146,1772940600,1789261145,1899003541,1628860661,1831467821,False,1483331979,0.06133391780549731
1147,1772942400,1805416145,1862658956,1588122856,1794024931,False,1483331979,0.03170615880362585
1148,1772944200,1864090625,2092576055,1859158325,2034221623,False,1483331979,0.1225720611088852
1149,1772946000,1937155520,2161756829,1962320799,2111897821,True,1483331979,0.11594387062944744
1150,1772947800,2234192500,2242801663,2051517213,2194980551,False,1483331979,0.003853366708553538
1151,1772949600,2406389583,2372849579,2148054619,2316650839,False,1483331979,0.013937894444417565
1152,1772951400,2837743749,2570191745,2341414275,2512997378,False,1483331979,0.09428335595639435
1153,1772953200,3286753854,2917227393,2603124393,2838701643,False,1483331979,0.11242900363539059
1154,1772955000,3719070312,3324792641,2899400671,3218444648,False,1483331979,0.10601511612399976
1155,1772956800,4050153541,3717938454,3379791034,3633401599,False,1483331979,0.08202530685243471
1156,1772958600,4316918437,4085271222,3773344792,4007289615,False,1483331979,0.05366031774299191
1157,1772960400,4511002708,4545873962,4261707362,4474832312,False,1483331979,0.007730266696173307
1158,1772962200,4608358958,4671168037,4401025157,4603632317,False,1483331979,0.013629380777937222
1159,1772964000,4655521354,5020678787,4746142687,4952044762,True,1483331979,0.07843534702858974
1160,1772965800,4660862500,4848087959,4614670229,4789733527,False,1483331979,0.040169702281498326
1161,1772967600,4603405000,4994122594,4794686564,4944263586,True,1483331979,0.08487578086220961
1162,1772969400,4514540625,4911542247,4720257797,4863721134,True,1483331979,0.08793843160952838
1163,1772971200,4407567708,4679256124,4454461164,4623057384,True,1483331979,0.061641348244490766
1164,1772973000,4291637708,4608317470,4379540000,4551123102,True,1483331979,0.0737899570156354
1165,1772974800,4160304166,4473027034,4158924034,4394501284,False,1483331979,0.07516827028074562
1166,1772976600,3958163541,4264554207,3839162237,4158206215,False,1483331979,0.07740727810417675
1167,1772978400,3852440104,4175610131,3837462711,4091073276,False,1483331979,0.0838870996759824
1168,1772980200,3842932291,4397032093,4085105663,4319050485,True,1483331979,0.14418671994239413
1169,1772982000,3852959895,4381603127,4097436527,4310561477,True,1483331979,0.13720444707613547
1170,1772983800,3884020833,4377173879,4107030999,4309638159,True,1483331979,0.12696972215236313
1171,1772985600,4008239895,4574731725,4300195625,4506097700,True,1483331979,0.14133181766556915
1172,1772987400,4174076041,4645930770,4412513040,4587576337,True,1483331979,0.11304411428186534
1173,1772989200,4277721250,4665216356,4465780326,4615357349,True,1483331979,0.09058446854151611
1174,1772991000,4382704895,4672066984,4480782534,4624245872,True,1483331979,0.0660236305962827
1175,1772992800,4726571666,4979554738,4754759778,4923355998,True,1483331979,0.05352358747034388
1176,1772994600,5158189166,5222263416,4993485946,5165069048,False,1483331979,0.012421849594493915
1177,1772996400,5361247500,5383128970,5069025970,5304603220,False,1483331979,0.004081413887346182
1178,1772998200,5519806979,5661273650,5235881680,5554925657,False,1483331979,0.02562891628968318
1179,1773000000,5500888854,5590117080,5251969660,5505580225,False,1483331979,0.016220692395033074
1180,1773001800,5399223958,5547029676,5235103246,5469048069,False,1483331979,0.027375363413291477
1181,1773003600,5226454687,5522198964,5238032364,5451157314,True,1483331979,0.056586021445018606
1182,1773005400,4856253854,5182245531,4912102651,5114709811,True,1483331979,0.06712821998205204
1183,1773007200,4288132604,4740855202,4466319102,4672221177,True,1483331979,0.10557569921641351
1184,1773009000,3769945833,4455849484,4222431754,4397495052,True,1483331979,0.18193992205298617
1185,1773010800,3278209375,3752540398,3553104368,3702681390,True,1483331979,0.14469210741000946
1186,1773012600,2794477291,3293791673,3102507223,3245970561,True,1483331979,0.17867899073938118
1187,1773014400,2388095625,3067817143,2843022183,3011618403,True,1483331979,0.28462910399578323
1188,1773016200,2101762291,2431431465,2202653995,2374237098,True,1483331979,0.15685369150054848
1189,1773018000,1881387187,2033561507,1719458507,1955035757,False,1483331979,0.08088410564900908
1190,1773019800,1724345833,1862983180,1437591210,1756635188,False,1483331979,0.08039996637959805
1191,1773021600,1621290416,1741521000,1403373580,1656984145,False,1483331979,0.07415733961878919
1192,1773023400,1581519270,1671224547,1359298117,1593242940,False,1483331979,0.05672095098784348
1193,1773025200,1575961770,1641269762,1357103162,1570228112,False,1483331979,0.04144008645590432
1194,1773027000,1628065416,1670751227,1400608347,1603215507,False,1483331979,0.026218732110209017
1195,1773028800,1718071666,1732866233,1458330133,1664232208,False,1483331979,0.008611146608595546
1196,1773030600,1889909895,2101446727,1868028997,2043092295,False,1483331979,0.11192958593404263
1197,1773032400,2134856770,2129737913,1930301883,2079878905,False,1483331979,0.002397751957851486
1198,1773034200,2636518750,2585078022,2393793572,2537256910,False,1483331979,0.019510852331317576
1199,1773036000,2949121562,2858141883,2633346923,2801943143,False,1483331979,0.030849755456774215
1200,1773037800,3296693958,3306132576,3077355106,3248938209,False,1483331979,0.002863055570292036
1201,1773039600,3605532604,3536291862,3222188862,3457766112,False,1483331979,0.019204026035760678
1202,1773041400,3967853125,3887159914,3461767944,3780811921,False,1483331979,0.02033674343729646
1203,1773043200,4177043437,4135373590,3797226170,4050836735,False,1483331979,0.00997591900311378
1204,1773045000,4318885833,4306500183,3994573753,4228518576,False,1483331979,0.0028677882395878557
1205,1773046800,4305843125,4322282298,4038115698,4251240648,False,1483331979,0.003817875506089182
1206,1773048600,4306194791,4336437744,4066294864,4268902024,False,1483331979,0.0070231270223093814
1207,1773050400,4276878854,4380465275,4105929175,4311831250,False,1483331979,0.02422009706988067
1208,1773052200,4246919791,4362317181,4128899451,4303962748,False,1483331979,0.027172020117862405
1209,1773054000,4168156249,4506970970,4307534940,4457111962,True,1483331979,0.08128647314535929
1210,1773055800,4063645833,4395364586,4204080136,4347543474,True,1483331979,0.08163082282077411
1211,1773057600,3951950000,4359259786,4134464826,4303061046,True,1483331979,0.10306552107187592
1212,1773059400,3818533854,4220865580,3992088110,4163671212,True,1483331979,0.10536288046223513
1213,1773061200,3742504895,4198466182,3884363182,4119940432,True,1483331979,0.12183318386815363
1214,1773063000,3676493750,3813067224,3387675254,3706719232,False,1483331979,0.037147750897169346
1215,1773064800,3607658333,4043182882,3705035462,3958646027,True,1483331979,0.12072222721762937
1216,1773066600,3574025000,3960819357,3648892927,3882837749,True,1483331979,0.10822374130007485
1217,1773068400,3599225000,3945920041,3661753441,3874878391,True,1483331979,0.09632491466913017
1218,1773070200,3638152708,3997840620,3727697740,3930304900,True,1483331979,0.09886553448102267
1219,1773072000,3689451666,4056134844,3781598744,3987500819,True,1483331979,0.09938690385326218
1220,1773073800,3763787708,4095162278,3861744548,4036807845,True,1483331979,0.08804284293071504
1221,1773075600,3832258750,4143572398,3944136368,4093713391,True,1483331979,0.08123502829760647
1222,1773077400,3929257812,4243246039,4051961589,4195424927,True,1483331979,0.07991031437058577
1223,1773079200,4183065625,4232386625,4007591665,4176187885,False,1483331979,0.011790635008266217
1224,1773081000,4522330729,4518824216,4290046746,4461629848,False,1483331979,0.0007753773905818201
1225,1773082800,4832124687,4799816978,4485713978,4721291228,False,1483331979,0.006686025525566079
1226,1773084600,5014695312,4975292174,4549900204,4868944182,False,1483331979,0.007857533817799377
1227,1773086400,5050782291,5285594273,4947446853,5201057418,False,1483331979,0.04649022041959955
1228,1773088200,5016496145,5273613501,4961687071,5195631894,False,1483331979,0.051254371291857136
1229,1773090000,4815275312,5144913438,4860746838,5073871788,True,1483331979,0.06845675577022957
1230,1773091800,4548030208,4923486291,4653343411,4855950571,True,1483331979,0.08255355963545966
1231,1773093600,4061137500,4472645895,4198109795,4404011870,True,1483331979,0.10132835812626388
1232,1773095400,3569635104,3987978352,3754560622,3929623919,True,1483331979,0.1171949613368661
1233,1773097200,3079910833,3641365472,3441929442,3591506464,True,1483331979,0.18229574472878904
1234,1773099000,2695296250,3295754159,3104469709,3247933047,True,1483331979,0.2227799296645035
1235,1773100800,2351327083,2672055996,2447261036,2615857256,True,1483331979,0.13640335932795447
1236,1773102600,2071761458,2230021717,2001244247,2172827350,False,1483331979,0.07638922830081918
1237,1773104400,1881461145,2054400043,1740297043,1975874293,False,1483331979,0.09191733693761717
1238,1773106200,1740921875,1928076474,1502684504,1821728482,False,1483331979,0.10750315777380877
1239,1773108000,1656786145,1823784154,1485636734,1739247299,False,1483331979,0.1007963577580497
1240,1773109800,1610953333,1739603606,1427677176,1661621998,False,1483331979,0.07985971434716911
1241,1773111600,1607737083,1714305036,1430138436,1643263386,False,1483331979,0.06628444048895525
1242,1773113400,1667976770,1738445216,1468302336,1670909496,False,1483331979,0.0422478581641158
1243,1773115200,1768413958,1823416333,1548880233,1754782308,False,1483331979,0.031102658261194294
1244,1773117000,1939394687,1998836202,1765418472,1940481770,False,1483331979,0.030649519356964187
1245,1773118800,2197125520,2227928986,2028492956,2178069978,False,1483331979,0.014019893592606398
1246,1773120600,2689516354,2466930979,2275646529,2419109866,False,1483331979,0.08276037238775608
1247,1773122400,2999995000,2963126639,2738331679,2906927899,False,1483331979,0.012289474149123581
1248,1773124200,3343906250,3299643246,3070865776,3242448879,False,1483331979,0.01323691535909537
1249,1773126000,3597460937,3558481007,3244378007,3479955257,False,1483331979,0.010835400490131854
1250,1773127800,3924675416,3892955767,3467563797,3786607775,False,1483331979,0.008082107598168827
1251,1773129600,4123952395,4086584903,3748437483,4002048048,False,1483331979,0.0090610871370158
1252,1773131400,4246213020,4227072164,3915145734,4149090556,False,1483331979,0.004507747470474291
1253,1773133200,4244168749,4206265258,3922098658,4135223608,False,1483331979,0.008930721948539564
1254,1773135000,4245278437,4223520435,3953377555,4155984715,False,1483331979,0.00512522378046319
1255,1773136800,4231578541,4235873840,3961337740,4167239815,False,1483331979,0.0010150583188714586
1256,1773138600,4168802500,4442174305,4208756575,4383819872,True,1483331979,0.06557561913763005
1257,1773140400,4111805729,4388789997,4189353967,4338930989,True,1483331979,0.06736316991984034
1258,1773142200,3974758020,4309069793,4117785343,4261248680,True,1483331979,0.08410871084927077
1259,1773144000,3884888124,4223370755,3998575795,4167172015,True,1483331979,0.08712802536292548
1260,1773145800,3771629166,4077032420,3848254950,4019838053,True,1483331979,0.08097382869798286
1261,1773147600,3703030729,4054256958,3740153958,3975731208,True,1483331979,0.09484831606969903
1262,1773149400,3640044166,3697195495,3271803525,3590847502,False,1483331979,0.015700724055445432
1263,1773151200,3592098541,3660920146,3322772726,3576383291,False,1483331979,0.01915916398575214
1264,1773153000,3573226562,3584380630,3272454200,3506399023,False,1483331979,0.003121567526285505
1265,1773154800,3605601770,3826000473,3541833873,3754958823,False,1483331979,0.06112674584137449
1266,1773156600,3656243437,3864549097,3594406217,3797013377,False,1483331979,0.05697259047141505
1267,1773158400,3739019791,3924152325,3649616225,3855518300,False,1483331979,0.04951365447319185
1268,1773160200,3820109791,3948857886,3715440156,3890503454,False,1483331979,0.03370272113731508
1269,1773162000,3886688541,3804895658,3605459628,3755036651,False,1483331979,0.021044362607700907
1270,1773163800,3990353749,4188165378,3996880928,4140344266,True,1483331979,0.049572454334298674
1271,1773165600,4201632708,4367564236,4142769276,4311365496,False,1483331979,0.039492154486531574
1272,1773167400,4533969166,4461563183,4232785713,4404368816,False,1483331979,0.01596966815367178
1273,1773169200,4805486458,4745602236,4431499236,4667076486,False,1483331979,0.012461635783055203
1274,1773171000,5002677083,4850413868,4425021898,4744065876,False,1483331979,0.03043634687463996
1275,1773172800,5060572187,4915343416,4577195996,4830806561,False,1483331979,0.02869809294946433
1276,1773174600,5040370833,4804733070,4492806640,4726751462,False,1483331979,0.04675008462814823
1277,1773176400,4892810416,4837820638,4553654038,4766778988,False,1483331979,0.011238894076128046
1278,1773178200,4591301250,4788067390,4517924510,4720531670,False,1483331979,0.04285629046885129
1279,1773180000,4074969791,4560838949,4286302849,4492204924,True,1483331979,0.11923257911582393
1280,1773181800,3593079166,3965860912,3732443182,3907506480,True,1483331979,0.10374993947461496
1281,1773183600,3142502500,3565366097,3365930067,3515507089,True,1483331979,0.13456269231289394
1282,1773185400,2761281770,3277712402,3086427952,3229891290,True,1483331979,0.1870256913331956
1283,1773187200,2391517395,2682748173,2457953213,2626549433,True,1483331979,0.12177656688129589
1284,1773189000,2106976666,2413543882,2184766412,2356349515,True,1483331979,0.14550100195556698
1285,1773190800,1909438749,2228864514,1914761514,2150338764,True,1483331979,0.16728777771336617
1286,1773192600,1768598958,1727653234,1302261264,1621305241,False,1483331979,0.023151502953673006
1287,1773194400,1666241458,1623441550,1285294130,1538904695,False,1483331979,0.025686498072958162
1288,1773196200,1615098958,1830512466,1518586036,1752530858,False,1483331979,0.133374804641537
1289,1773198000,1630475104,1814313568,1530146968,1743271918,False,1483331979,0.11275146952504464
1290,1773199800,1708866145,1849886212,1579743332,1782350492,False,1483331979,0.08252259395073919
1291,1773201600,1813410729,1914948002,1640411902,1846313977,False,1483331979,0.055992429831929154
1292,1773203400,1973575520,2090126062,1856708332,2031771629,False,1483331979,0.05905552679331977
1293,1773205200,2215732916,2316633977,2117197947,2266774969,False,1483331979,0.04553845830035952
1294,1773207000,2725755416,2616300284,2425015834,2568479171,False,1483331979,0.04015588902713199
1295,1773208800,3035558645,2916407974,2691613014,2860209234,False,1483331979,0.039251645227232956
1296,1773210600,3381423958,3285197553,3056420083,3228003186,False,1483331979,0.02845736180828231
1297,1773212400,3632367708,3520296153,3206193153,3441770403,False,1483331979,0.030853582018464526
1298,1773214200,3942673958,3850552454,3425160484,3744204461,False,1483331979,0.023365235112347577
1299,1773216000,4125704791,4061385631,3723238211,3976848776,False,1483331979,0.015589859977453728
1300,1773217800,4235095208,4183788807,3871862377,4105807200,False,1483331979,0.012114580305794155
1301,1773219600,4223467708,4190618025,3906451425,4119576375,False,1483331979,0.007777893728837289
1302,1773221400,4231542395,4184329431,3914186551,4116793711,False,1483331979,0.01115738886505945
1303,1773223200,4228305416,4214850734,3940314634,4146216709,False,1483331979,0.0031820506506193215
1304,1773225000,4210947916,4172986098,3939568368,4114631665,False,1483331979,0.009015029099685497
1305,1773226800,4158431250,4123455941,3924019911,4073596933,False,1483331979,0.008410697904408062
1306,1773228600,4043809375,4004175055,3812890605,3956353943,False,1483331979,0.009801233521300691
1307,1773230400,3951744270,3937985211,3713190251,3881786471,False,1483331979,0.003481768571021424
1308,1773232200,3851857291,3833336260,3604558790,3776141893,False,1483331979,0.004808337796749386
1309,1773234000,3802162812,3755735175,3441632175,3677209425,False,1483331979,0.012210849270701877
1310,1773235800,3748019583,3644687959,3219295989,3538339967,False,1483331979,0.02756965957933737
1311,1773237600,3718311041,3558946055,3220798635,3474409200,False,1483331979,0.04285950912733231
1312,1773239400,3703421874,3488362485,3176436055,3410380878,False,1483331979,0.05807045384427623
1313,1773241200,3735160000,3491507768,3207341168,3420466118,False,1483331979,0.06523207359256364
1314,1773243000,3825600520,3527562011,3257419131,3460026291,False,1483331979,0.07790633325196224
1315,1773244800,3936140104,3600155524,3325619424,3531521499,False,1483331979,0.08535889758054202
1316,1773246600,3987284062,3633152474,3399734744,3574798042,False,1483331979,0.08881523926899994
1317,1773248400,4019909687,3708349112,3508913082,3658490105,False,1483331979,0.07750437180406237
1318,1773250200,4073949687,3838720959,3647436509,3790899847,False,1483331979,0.05773972338210666
1319,1773252000,4256336458,4327074346,4102279386,4270875606,False,1483331979,0.016619430512135516
1320,1773253800,4535233541,4396546069,4167768599,4339351701,False,1483331979,0.03058000668459953
1321,1773255600,4803531562,4725694353,4411591353,4647168603,False,1483331979,0.016204163123598105
1322,1773257400,4959334895,4899386087,4473994117,4793038095,False,1483331979,0.012088074161000979
1323,1773259200,4996503125,4922775737,4584628317,4838238882,False,1483331979,0.014755797435831684
1324,1773261000,4847388541,4870704657,4558778227,4792723050,False,1483331979,0.0048100365388061015
1325,1773262800,4649939166,4666690037,4382523437,4595648387,False,1483331979,0.003602384977954355
1326,1773264600,4379549375,4774094055,4503951175,4706558335,True,1483331979,0.09008796253153328
1327,1773266400,3899163854,4462480920,4187944820,4393846895,True,1483331979,0.14447124745017192
1328,1773268200,3484615104,4061335838,3827918108,4002981405,True,1483331979,0.16550485972983947
1329,1773270000,3077822916,3627271441,3427835411,3577412434,True,1483331979,0.17851856328176094
1330,1773271800,2688984895,3267295343,3076010893,3219474230,True,1483331979,0.21506645465927765
1331,1773273600,2342770312,2885760656,2660965696,2829561916,True,1483331979,0.2317727611702807
1332,1773275400,2076429374,2434915118,2206137648,2377720751,True,1483331979,0.1726452864175288
1333,1773277200,1886967708,1871483748,1557380748,1792957998,False,1483331979,0.008205736608185773
1334,1773279000,1754748958,1733394570,1308002600,1627046577,False,1483331979,0.012169483220174677
1335,1773280800,1673580833,1630118621,1291971201,1545581766,False,1483331979,0.02596959235132445
1336,1773282600,1627898541,1865115817,1553189387,1787134210,False,1483331979,0.14571993894304988
1337,1773284400,1631128489,1845827534,1561660934,1774785884,False,1483331979,0.13162607755789127
1338,1773286200,1691175000,1894022354,1623879474,1826486634,False,1483331979,0.11994462666489275
1339,1773288000,1785355833,1953763551,1679227451,1885129526,False,1483331979,0.09432725672227381
1340,1773289800,1947464375,2093144496,1859726766,2034790064,False,1483331979,0.07480502486727132
1341,1773291600,2194991666,2100120012,1900683982,2050261005,False,1483331979,0.04322187435585462
1342,1773293400,2696886250,2571980522,2380696072,2524159410,False,1483331979,0.04631479284675058
1343,1773295200,3007477708,2860119470,2635324510,2803920730,False,1483331979,0.04899728354029748
1344,1773297000,3307938020,3289968497,3061191027,3232774130,False,1483331979,0.005432242953572631
1345,1773298800,3524707291,3458820724,3144717724,3380294974,False,1483331979,0.018692776891923762
1346,1773300600,3852545416,3802586632,3377194662,3696238640,False,1483331979,0.012967733953898702
1347,1773302400,4050143750,3983055665,3644908245,3898518810,False,1483331979,0.01656437132632638
1348,1773304200,4145678125,4131905740,3819979310,4053924132,False,1483331979,0.0033221066818833168
1349,1773306000,4150157291,4109422585,3825255985,4038380935,False,1483331979,0.00981521979620796
1350,1773307800,4187541354,4146121619,3875978739,4078585899,False,1483331979,0.009891182318817048
1351,1773309600,4168300625,4374827964,4100291864,4306193939,False,1483331979,0.049547131452400944
1352,1773311400,4161210833,4124330832,3890913102,4065976399,False,1483331979,0.00886280519783507
1353,1773313200,4055726562,4298661201,4099225171,4248802193,True,1483331979,0.05989916610162241
1354,1773315000,3935066666,4214717411,4023432961,4166896299,True,1483331979,0.0710663296803216
1355,1773316800,3852243750,4096055309,3871260349,4039856569,True,1483331979,0.06329079228177086
1356,1773318600,3735847916,4037509041,3808731571,3980314674,True,1483331979,0.08074769952707037
1357,1773320400,3681936458,4014189963,3700086963,3935664213,True,1483331979,0.09023879384938586
1358,1773322200,3616340625,3923007177,3497615207,3816659185,False,1483331979,0.08480023974511527
1359,1773324000,3559927083,3848597596,3510450176,3764060741,False,1483331979,0.0810888836399237
1360,1773325800,3505944791,3788687190,3476760760,3710705583,False,1483331979,0.08064656343871103
1361,1773327600,3553022916,3804277421,3520110821,3733235771,False,1483331979,0.07071570066957598
1362,1773329400,3581135625,3840723156,3570580276,3773187436,False,1483331979,0.07248748949573783
1363,1773331200,3660068125,3909700433,3635164333,3841066408,False,1483331979,0.06820427912117073
1364,1773333000,3722767708,3946773106,3713355376,3888418674,False,1483331979,0.060171736613763495
1365,1773334800,3799509583,3971127887,3771691857,3921268880,False,1483331979,0.045168540900084896
1366,1773336600,3870220833,4075318760,3884034310,4027497647,True,1483331979,0.05299385638442198
1367,1773338400,4084346875,4373850353,4149055393,4317651613,True,1483331979,0.07088121720807565
1368,1773340200,4375171250,4292184553,4063407083,4234990186,False,1483331979,0.018967645437878575
1369,1773342000,4697294270,4638090558,4323987558,4559564808,False,1483331979,0.012603790309266701
1370,1773343800,4869765833,4859437497,4434045527,4753089505,False,1483331979,0.0021209101944923026
1371,1773345600,4959616250,4919227249,4581079829,4834690394,False,1483331979,0.008143573809768044
1372,1773347400,4952248750,4875880959,4563954529,4797899352,False,1483331979,0.015420830991173454
1373,1773349200,4787708333,4726529357,4442362757,4655487707,False,1483331979,0.012778342318456348
1374,1773351000,4496404687,4657206665,4387063785,4589670945,False,1483331979,0.0357623455168327
1375,1773352800,4033779687,4260452754,3985916654,4191818729,False,1483331979,0.05619371522210752
1376,1773354600,3538289895,4139007897,3905590167,4080653464,True,1483331979,0.16977636650091385
1377,1773356400,3090804791,3715607481,3516171451,3665748474,True,1483331979,0.2021488680939475
1378,1773358200,2692253020,3326313119,3135028669,3278492007,True,1483331979,0.23551281929660534
1379,1773360000,2340307083,2942245522,2717450562,2886046782,True,1483331979,0.25720489561924725
1380,1773361800,2054946666,2192983316,1964205846,2135788948,False,1483331979,0.06717286257783588
1381,1773363600,1861123645,2047499139,1733396139,1968973389,False,1483331979,0.10014138206276993
1382,1773365400,1736462291,1917712751,1492320781,1811364758,False,1483331979,0.10437915118537981
1383,1773367200,1643088229,1812858862,1474711442,1728322007,False,1483331979,0.10332411248744938
1384,1773369000,1601353124,1771370390,1459443960,1693388783,False,1483331979,0.10617100216803899
1385,1773370800,1612881718,1763861919,1479695319,1692820269,False,1483331979,0.09360897288067593
1386,1773372600,1685135208,1812228239,1542085359,1744692519,False,1483331979,0.075420079288973
1387,1773374400,1763835104,1885364663,1610828563,1816730638,False,1483331979,0.06890074855886302
1388,1773376200,1916812291,2060325150,1826907420,2001970718,False,1483331979,0.07487058575001594
1389,1773378000,2160809375,2316416991,2116980961,2266557984,False,1483331979,0.07201357870820974
1390,1773379800,2681917708,2574502078,2383217628,2526680966,False,1483331979,0.040051799382056205
1391,1773381600,2983591666,3104999527,2880204567,3048800787,False,1483331979,0.04069184881548064
1392,1773383400,3335792708,3291729897,3062952427,3234535529,False,1483331979,0.01320909746409818
1393,1773385200,3561313125,3709411022,3395308022,3630885272,False,1483331979,0.04158519394443868
1394,1773387000,3855392708,4049722019,3624330049,3943374026,False,1483331979,0.050404543899448595
1395,1773388800,4064904166,4258718121,3920570701,4174181266,False,1483331979,0.04767983378823893
1396,1773390600,4173150416,4394143388,4082216958,4316161781,False,1483331979,0.05295590859910188
1397,1773392400,4144619270,4372157198,4087990598,4301115548,False,1483331979,0.05489959708651357
1398,1773394200,4150262500,4354920696,4084777816,4287384976,False,1483331979,0.049312108812394395
1399,1773396000,4167850416,4360026901,4085490801,4291392876,False,1483331979,0.046109256767529826
1400,1773397800,4144148437,4329782377,4096364647,4271427945,False,1483331979,0.04479423042442531
1401,1773399600,4085832291,4265845354,4066409324,4215986346,False,1483331979,0.044057868796162
1402,1773401400,3954316666,4140043955,3948759505,4092222843,False,1483331979,0.04696823868379589
1403,1773403200,3870303645,4062591723,3837796763,4006392983,False,1483331979,0.049682943675082115
1404,1773405000,3790656250,3889346514,3660569044,3832152146,False,1483331979,0.026035139430012944
1405,1773406800,3750217708,3895401257,3581298257,3816875507,False,1483331979,0.03871336554416376
1406,1773408600,3713238541,3797066324,3371674354,3690718331,False,1483331979,0.02257538320644076
1407,1773410400,3653092708,3713755663,3375608243,3629218808,False,1483331979,0.016605917190974283
1408,1773412200,3640431250,3624862397,3312935967,3546880789,False,1483331979,0.004276650740211067
1409,1773414000,3699603125,3606478298,3322311698,3535436648,False,1483331979,0.025171572153432
1410,1773415800,3771790625,3865938032,3595795152,3798402312,False,1483331979,0.024960931387860374
1411,1773417600,3823768333,3709329371,3434793271,3640695346,False,1483331979,0.029928319927848515
1412,1773419400,3872400520,3990303911,3756886181,3931949479,False,1483331979,0.030447106488871147
1413,1773421200,3931859374,4036547868,3837111838,3986688860,False,1483331979,0.026625696405183794
1414,1773423000,4011892083,4137601478,3946317028,4089780365,False,1483331979,0.031334191548342306
1415,1773424800,4156657291,4425415701,4200620741,4369216961,True,1483331979,0.06465734150898514
1416,1773426600,4432989375,4568472100,4339694630,4511277732,False,1483331979,0.030562384327844232
1417,1773428400,4687363333,4820671409,4506568409,4742145659,False,1483331979,0.028439885396014383
1418,1773430200,4927298958,5032153320,4606761350,4925805327,False,1483331979,0.021280292284631453
1419,1773432000,5018936458,5147786688,4809639268,5063249833,False,1483331979,0.02567281556127643
1420,1773433800,5077659375,5151392557,4839466127,5073410949,False,1483331979,0.014521096543621537
1421,1773435600,4995859375,5057859570,4773692970,4986817920,False,1483331979,0.01241031629318029
1422,1773437400,4848652083,4895810646,4625667766,4828274926,False,1483331979,0.00972611814432799
1423,1773439200,4520820416,4779900838,4505364738,4711266813,False,1483331979,0.0573082755251829
1424,1773441000,4146095104,4593253460,4359835730,4534899028,True,1483331979,0.10785048214851561
1425,1773442800,3734918020,4234144757,4034708727,4184285749,True,1483331979,0.13366471079865896
1426,1773444600,3300068229,3807752149,3616467699,3759931036,True,1483331979,0.15384043140036546
1427,1773446400,2893206041,3359370523,3134575563,3303171783,True,1483331979,0.16112384510260325
1428,1773448200,2537478958,2450773481,2221996011,2393579114,False,1483331979,0.034169929459568746
1429,1773450000,2277980416,2239604988,1925501988,2161079238,False,1483331979,0.016846250183039327
1430,1773451800,2090414791,2048437541,1623045571,1942089548,False,1483331979,0.020080823280014766
1431,1773453600,1943658750,1891357698,1553210278,1806820843,False,1483331979,0.02690855686472741
1432,1773455400,1857719583,1793259209,1481332779,1715277602,False,1483331979,0.03469865667018702
1433,1773457200,1812482916,1726316137,1442149537,1655274487,False,1483331979,0.047540739964690513
1434,1773459000,1831350104,1725258274,1455115394,1657722554,False,1483331979,0.057930938365240076
1435,1773460800,1856800104,1754519264,1479983164,1685885239,False,1483331979,0.05508446481646686
1436,1773462600,1900376875,2025579269,1792161539,1967224836,False,1483331979,0.06588292861646193
1437,1773464400,2014396354,2120578788,1921142758,2070719781,False,1483331979,0.052711788218417314
1438,1773466200,2378739895,2321594631,2130310181,2273773519,False,1483331979,0.02402333442177376
1439,1773468000,2622921250,2575308643,2350513683,2519109903,False,1483331979,0.018152511059948903
