,timestamp,observed,predicted,threshold,norm_threshold,alertable,baseline,model_relative_error
0,1770877800,2759729791,2730654468,2425069028,2654258108,False,1102101666,0.010535568770109348
1,1770879600,2967000833,3349813121,3137306131,3296686373,True,1102101666,0.12902331665776112
2,1770881400,3209174270,3457763364,3123984064,3374318539,False,1102101666,0.07746201143510975
3,1770883200,3392478645,3741942462,3390352382,3654044942,False,1102101666,0.10301135351730416
4,1770885000,3498555208,3760201351,3315675151,3649069801,False,1102101666,0.07478691272377372
5,1770886800,3524494166,3797783468,3371441008,3691197853,False,1102101666,0.07754000691400208
6,1770888600,3692502604,3765569337,3449075387,3686445849,False,1102101666,0.01978786228094966
7,1770890400,3717321562,3825961976,3579314536,3764300116,False,1102101666,0.029225454991725033
8,1770892200,3607473333,3864263991,3590180591,3795743141,False,1102101666,0.07118296777164285
9,1770894000,3531225000,3925202775,3621101625,3849177488,True,1102101666,0.11156971730773316
10,1770895800,3604652500,3939325623,3666187603,3871041118,True,1102101666,0.0928447674221024
11,1770897600,3477969583,3838821074,3401452624,3729478962,False,1102101666,0.10375349248705606
12,1770899400,3173225104,3571306067,3265720627,3494909707,True,1102101666,0.1254499601992308
13,1770901200,3138844166,3556841409,3344334419,3503714662,True,1102101666,0.13316916065083811
14,1770903000,3137349062,3386562848,3052783548,3303118023,False,1102101666,0.07943451017883582
15,1770904800,3059894062,3296977830,2945387750,3209080310,False,1102101666,0.07748103796934654
16,1770906600,3042612500,3222617082,2778090882,3111485532,False,1102101666,0.05916119190333965
17,1770908400,3036789270,3238369668,2812027208,3131784053,False,1102101666,0.06637944884466744
18,1770910200,3161829166,3158824024,2842330074,3079700536,False,1102101666,0.0009504441392074881
19,1770912000,3141746562,3268759733,3022112293,3207097873,False,1102101666,0.04042756743533917
20,1770913800,3022878541,3229005236,2954921836,3160484386,False,1102101666,0.0681888776556041
21,1770915600,3018628958,3308774800,3004673650,3232749513,False,1102101666,0.09611841867184526
22,1770917400,3155735937,3353036344,3079898324,3284751839,False,1102101666,0.06252120295830696
23,1770919200,3299922916,3319332575,2881964125,3209990462,False,1102101666,0.00588185224142369
24,1770921000,3521116666,3466450562,3160865122,3390054202,False,1102101666,0.015525218044564502
25,1770922800,3733593229,3592902133,3380395143,3539775385,False,1102101666,0.03768249173670226
26,1770924600,4016695416,3751856526,3418077226,3668411701,False,1102101666,0.06593452143397471
27,1770926400,4172492395,3995057378,3643467298,3907159858,False,1102101666,0.042524946771053375
28,1770928200,4719588750,4214516250,3769990050,4103384700,False,1102101666,0.10701620983396064
29,1770930000,5024998958,4201087414,3774744954,4094501799,False,1102101666,0.16396253031820032
30,1770931800,5032684791,4268291912,3951797962,4189168424,False,1102101666,0.15188570529332004
31,1770933600,5214140416,4284539117,4037891677,4222877257,False,1102101666,0.17828466915609814
32,1770935400,4296020312,3930155593,3656072193,3861634743,False,1102101666,0.08516363807173731
33,1770937200,3506927083,3740258529,3436157379,3664233241,False,1102101666,0.06653444467981258
34,1770939000,2811646666,3352763026,3079625006,3284478521,True,1102101666,0.19245532041542804
35,1770940800,2294055625,2956703045,2519334595,2847360932,True,1102101666,0.2888541205272649
36,1770942600,1894590833,2538276041,2232690601,2461879681,True,1102101666,0.33974892984188737
37,1770944400,1566670729,2241617175,2029110185,2188490428,True,1102101666,0.4308157633294239
38,1770946200,1345778749,1851730855,1517951555,1768286030,True,1102101666,0.375954893310624
39,1770948000,1206034791,1618184117,1266594037,1530286597,True,1102101666,0.3417391679540694
40,1770949800,1108268958,1438525298,993999098,1327393748,False,1102101666,0.29799295343973714
41,1770951600,1050697500,1303826685,877484225,1197241070,False,1102101666,0.24091537764199497
42,1770953400,1035759166,1278178490,961684540,1199055002,False,1102101666,0.23404989495405537
43,1770955200,1070250104,1266728212,1020080772,1205066352,False,1102101666,0.1835814892852372
44,1770957000,1237696875,1329157516,1055074116,1260636666,False,1102101666,0.07389583253169318
45,1770958800,1512971718,1461980572,1157879422,1385955284,False,1102101666,0.03370264321094203
46,1770960600,2004902395,1749625605,1476487585,1681341100,False,1102101666,0.12732629310864782
47,1770962400,2515634375,2230948139,1793579689,2121606026,False,1102101666,0.11316677766418262
48,1770964200,2832368229,2699022715,2393437275,2622626355,False,1102101666,0.04707915892951502
49,1770966000,3021676562,2996471633,2783964643,2943344885,False,1102101666,0.008341372242473647
50,1770967800,3281547604,3409474571,3075695271,3326029746,False,1102101666,0.03898373037284758
51,1770969600,3473080000,3676965634,3325375554,3589068114,False,1102101666,0.058704560217443885
52,1770971400,3517712500,3806452843,3361926643,3695321293,False,1102101666,0.08208184807598688
53,1770973200,3608766354,3864061720,3437719260,3757476105,False,1102101666,0.07074311300786418
54,1770975000,3629776666,3780517262,3464023312,3701393775,False,1102101666,0.04152889003116425
55,1770976800,3738065208,3861279889,3614632449,3799618029,False,1102101666,0.032962153987122204
56,1770978600,3643420520,3932698243,3658614843,3864177393,True,1102101666,0.07939729202601077
57,1770980400,3517018750,3729380245,3425279095,3653354957,False,1102101666,0.06038110971117228
58,1770982200,3456034687,3666529745,3393391725,3598245240,False,1102101666,0.060906523534553864
59,1770984000,3290125729,3617307684,3179939234,3507965571,False,1102101666,0.0994436024484218
60,1770985800,3085728333,3418764579,3113179139,3342368219,True,1102101666,0.10792792172868187
61,1770987600,2974343333,3332705005,3120198015,3279578257,True,1102101666,0.12048429918093789
62,1770989400,2926386145,3211416959,2877637659,3127972134,False,1102101666,0.09740027456287728
63,1770991200,2933222916,3174666935,2823076855,3086769415,False,1102101666,0.08231355949218283
64,1770993000,2897311041,3157540452,2713014252,3046408902,False,1102101666,0.08981756094443434
65,1770994800,2990954895,3071185115,2644842655,2964599500,False,1102101666,0.026824282818213478
66,1770996600,2825211250,3076486340,2759992390,2997362852,False,1102101666,0.08894028366905307
67,1770998400,2853271770,3053290795,2806643355,2991628935,False,1102101666,0.07010163809246954
68,1771000200,2813702604,3146806499,2872723099,3078285649,True,1102101666,0.1183863193382466
69,1771002000,2859752812,3148213767,2844112617,3072188479,False,1102101666,0.10086919183699014
70,1771003800,2965682500,3196036971,2922898951,3127752466,False,1102101666,0.07767334197103028
71,1771005600,3001165000,3234286947,2796918497,3124944835,False,1102101666,0.07767715103967959
72,1771007400,3249278854,3262389136,2956803696,3185992776,False,1102101666,0.00403482821545485
73,1771009200,3731366354,3532429281,3319922291,3479302533,False,1102101666,0.05331480592537926
74,1771011000,3780290312,3651479918,3317700618,3568035093,False,1102101666,0.034074206838323906
75,1771012800,4021455208,3803812431,3452222351,3715914911,False,1102101666,0.05412040312348544
76,1771014600,4118265312,4113559735,3669033535,4002428185,False,1102101666,0.0011426114258080127
77,1771016400,4204317708,4175288498,3748946038,4068702883,False,1102101666,0.006904618541258918
78,1771018200,4068081249,4289154656,3972660706,4210031168,False,1102101666,0.05434340994402297
79,1771020000,3788406875,4380286857,4133639417,4318624997,True,1102101666,0.1562345338104688
80,1771021800,3425279895,3943717493,3669634093,3875196643,True,1102101666,0.15135627274045002
81,1771023600,3107329791,3656950631,3352849481,3580925344,True,1102101666,0.17687882425351484
82,1771025400,2774014479,3291141060,3018003040,3222856555,True,1102101666,0.18641812611822348
83,1771027200,2279021145,2920067115,2482698665,2810725002,True,1102101666,0.2812812735004264
84,1771029000,1907475416,2544464769,2238879329,2468068409,True,1102101666,0.33394367636767486
85,1771030800,1624454479,2208152322,1995645332,2155025574,True,1102101666,0.3593192979832339
86,1771032600,1398792604,1885395606,1551616306,1801950781,True,1102101666,0.3478735879847417
87,1771034400,1215669375,1594731703,1243141623,1506834183,True,1102101666,0.31181366890977247
88,1771036200,1111909583,1417101445,972575245,1305969895,False,1102101666,0.27447543097575766
89,1771038000,1043379062,1308816814,882474354,1202231199,False,1102101666,0.25440203054410154
90,1771039800,1011797916,1289122181,972628231,1209998693,False,1102101666,0.27409056750814653
91,1771041600,1042447708,1243906403,997258963,1182244543,False,1102101666,0.19325544432968333
92,1771043400,1356709479,1295024687,1020941287,1226503837,False,1102101666,0.04546647086557284
93,1771045200,1457938437,1353897034,1049795884,1277871747,False,1102101666,0.07136200017751504
94,1771047000,1894503125,1655863236,1382725216,1587578731,False,1102101666,0.12596436809783568
95,1771048800,2373208645,2110182353,1672813903,2000840240,False,1102101666,0.11083150761065932
96,1771050600,2849472916,2609447859,2303862419,2533051499,False,1102101666,0.08423489679520786
97,1771052400,3124013124,3046177050,2833670060,2993050303,False,1102101666,0.024915411975074662
98,1771054200,3271626666,3382518866,3048739566,3299074041,False,1102101666,0.03389512659021712
99,1771056000,3357704895,3647587556,3295997476,3559690036,False,1102101666,0.08633357309978845
100,1771057800,3392576770,3738867080,3294340880,3627735530,False,1102101666,0.10207294734261828
101,1771059600,3416714583,3806445772,3380103312,3699860157,False,1102101666,0.11406606537728468
102,1771061400,3518223333,3803795400,3487301450,3724671912,False,1102101666,0.08116939715606167
103,1771063200,3456371875,3881723153,3635075713,3820061293,True,1102101666,0.12306293806999573
104,1771065000,3447181250,3816305906,3542222506,3747785056,True,1102101666,0.107080141492415
105,1771066800,3381991354,3831993868,3527892718,3755968580,True,1102101666,0.13305844601517572
106,1771068600,3396460208,3780246517,3507108497,3711962012,True,1102101666,0.11299596800693623
107,1771070400,3281883333,3849401041,3412032591,3740058929,True,1102101666,0.1729244005396215
108,1771072200,3198450000,3722217998,3416632558,3645821638,True,1102101666,0.16375681908424394
109,1771074000,3085046458,3576595935,3364088945,3523469187,True,1102101666,0.15933292535201102
110,1771075800,3033016562,3592513377,3258734077,3509068552,True,1102101666,0.18446876354379763
111,1771077600,3004049062,3594601443,3243011363,3506703923,True,1102101666,0.19658546475496944
112,1771079400,2983975416,3548176490,3103650290,3437044940,True,1102101666,0.18907698467446088
113,1771081200,2917827604,3704699765,3278357305,3598114150,True,1102101666,0.26967739969328225
114,1771083000,2911777500,3439261895,3122767945,3360138408,True,1102101666,0.18115546088257087
115,1771084800,2976578437,3557456837,3310809397,3495794977,True,1102101666,0.19514970369316023
116,1771086600,2973409479,3908186883,3634103483,3839666033,True,1102101666,0.314378968185162
117,1771088400,3027969583,3861793387,3557692237,3785768100,True,1102101666,0.2753739035825711
118,1771090200,3049298333,4121758121,3848620101,4053473616,True,1102101666,0.3517070718839369
119,1771092000,3084638541,3816301188,3378932738,3706959075,True,1102101666,0.2371955862169849
120,1771093800,3229302812,3843479862,3537894422,3767083502,True,1102101666,0.19018874529750976
121,1771095600,3359530729,4212406655,3999899665,4159279908,True,1102101666,0.2538675769915841
122,1771097400,3632291145,4254413626,3920634326,4170968801,True,1102101666,0.17127549972319192
123,1771099200,3766705624,4608381638,4256791558,4520484118,True,1102101666,0.22345149794482586
124,1771101000,4013394791,4512312670,4067786470,4401181120,True,1102101666,0.12431318247554879
125,1771102800,4131739895,4659876828,4233534368,4553291213,True,1102101666,0.12782434190475583
126,1771104600,4041277604,4750650882,4434156932,4671527394,True,1102101666,0.17553193507366885
127,1771106400,3877426041,4712107852,4465460412,4650445992,True,1102101666,0.21526698437934177
128,1771108200,3534462500,4588416593,4314333193,4519895743,True,1102101666,0.2981935988852619
129,1771110000,3099423854,4089110543,3785009393,4013085255,True,1102101666,0.3193131161208389
130,1771111800,2763392291,3439361680,3166223660,3371077175,True,1102101666,0.24461579023779653
131,1771113600,2358346354,2976911150,2539542700,2867569038,True,1102101666,0.26228751131098704
132,1771115400,1989012395,2502297142,2196711702,2425900782,True,1102101666,0.25806010474861824
133,1771117200,1672310416,2163707999,1951201009,2110581251,True,1102101666,0.2938435222901823
134,1771119000,1444200104,1810810704,1477031404,1727365879,True,1102101666,0.2538502794623812
135,1771120800,1280461562,1554075492,1202485412,1466177972,False,1102101666,0.21368382942525221
136,1771122600,1145054687,1369239447,924713247,1258107897,False,1102101666,0.19578519920944176
137,1771124400,1069509479,1267731736,841389276,1161146121,False,1102101666,0.18533941109651447
138,1771126200,1038398437,1197005899,880511949,1117882412,False,1102101666,0.152742392850886
139,1771128000,1058843020,1177600687,930953247,1115938827,False,1102101666,0.1121579542546354
140,1771129800,1156830416,1242801622,968718222,1174280772,False,1102101666,0.07431617012393629
141,1771131600,1358866666,1347098077,1042996927,1271072789,False,1102101666,0.008660591428474999
142,1771133400,1792546874,1639618595,1366480575,1571334090,False,1102101666,0.08531340586857089
143,1771135200,2260814895,2121798800,1684430350,2012456687,False,1102101666,0.0614893750512025
144,1771137000,2658904166,2626332371,2320746931,2549936011,False,1102101666,0.01225008235215951
145,1771138800,2952204375,3053050896,2840543906,2999924149,False,1102101666,0.03415973563822119
146,1771140600,3121836562,3321762223,2987982923,3238317398,False,1102101666,0.06404104027531728
147,1771142400,3220551458,3497869800,3146279720,3409972280,False,1102101666,0.08610896165348586
148,1771144200,3199980416,3529779253,3085253053,3418647703,False,1102101666,0.10306276730663591
149,1771146000,3226536875,3505944434,3079601974,3399358819,False,1102101666,0.08659673508302923
150,1771147800,3283742708,3569322324,3252828374,3490198836,False,1102101666,0.08696771988385638
151,1771149600,3304037083,3516798652,3270151212,3455136792,False,1102101666,0.06439442526075305
152,1771151400,3318547812,3549905708,3275822308,3481384858,False,1102101666,0.06971660771720711
153,1771153200,3282156041,3514281097,3210179947,3438255810,False,1102101666,0.07072334559976516
154,1771155000,3276183958,3478605237,3205467217,3410320732,False,1102101666,0.061785687737623676
155,1771156800,3299853749,3508316772,3070948322,3398974660,False,1102101666,0.06317341278024016
156,1771158600,3407257291,3417181291,3111595851,3340784931,False,1102101666,0.0029126065783800534
157,1771160400,3275933020,3391622837,3179115847,3338496089,False,1102101666,0.03531507399379002
158,1771162200,3137556562,3405329310,3071550010,3321884485,False,1102101666,0.0853443572119418
159,1771164000,3054661145,3290163491,2938573411,3202265971,False,1102101666,0.07709606231954085
160,1771165800,3033454791,3206337255,2761811055,3095205705,False,1102101666,0.05699193688758027
161,1771167600,3021389062,3334572582,2908230122,3227986967,False,1102101666,0.10365547553570909
162,1771169400,2968114583,3547315617,3230821667,3468192130,True,1102101666,0.1951410627195453
163,1771171200,3093232291,3296136777,3049489337,3234474917,False,1102101666,0.06559626530162846
164,1771173000,3059082604,3411743771,3137660371,3343222921,True,1102101666,0.11528330962324024
165,1771174800,3135328125,3359746493,3055645343,3283721206,False,1102101666,0.07157731473480149
166,1771176600,3234656041,3443532966,3170394946,3375248461,False,1102101666,0.064574694295912
167,1771178400,3232863125,3624117043,3186748593,3514774930,False,1102101666,0.12102396633324833
168,1771180200,3433457604,3500273090,3194687650,3423876730,False,1102101666,0.019460116799508324
169,1771182000,3499902916,3953501047,3740994057,3900374299,True,1102101666,0.12960306096673455
170,1771183800,3640093749,4080096769,3746317469,3996651944,True,1102101666,0.12087683733993852
171,1771185600,3749818437,4139477907,3787887827,4051580387,True,1102101666,0.10391422319416155
172,1771187400,3939576562,4057033004,3612506804,3945901454,False,1102101666,0.029814483904932926
173,1771189200,3997781250,4251740497,3825398037,4145154882,False,1102101666,0.06352504830022904
174,1771191000,3965236458,4296332990,3979839040,4217209502,True,1102101666,0.08349982037817731
175,1771192800,3785963854,4263644129,4016996689,4201982269,True,1102101666,0.1261713775992115
176,1771194600,3587048958,3945487767,3671404367,3876966917,True,1102101666,0.09992582013707771
177,1771196400,3227661666,3639441093,3335339943,3563415805,True,1102101666,0.1275782500184764
178,1771198200,2794027708,3315247961,3042109941,3246963456,True,1102101666,0.18654799002444253
179,1771200000,2257621458,2871494308,2434125858,2762152195,True,1102101666,0.2719113285465592
180,1771201800,1857301041,2442636932,2137051492,2366240572,True,1102101666,0.31515402084997807
181,1771203600,1571688541,2104368344,1891861354,2051241597,True,1102101666,0.3389219868340314
182,1771205400,1329261145,1634999780,1301220480,1551554955,False,1102101666,0.23000644843192192
183,1771207200,1156818125,1523598404,1172008324,1435700884,True,1102101666,0.31705958877502893
184,1771209000,1049151250,1265708589,821182389,1154577039,False,1102101666,0.20641193440888528
185,1771210800,986913854,1174369401,748026941,1067783786,False,1102101666,0.18994114454897498
186,1771212600,967967083,1190169691,873675741,1111046204,False,1102101666,0.22955595484851835
187,1771214400,988409322,1203635191,956987751,1141973331,False,1102101666,0.21774973607543535
188,1771216200,1114440625,1224216314,950132914,1155695464,False,1102101666,0.09850294985432714
189,1771218000,1347610937,1298368011,994266861,1222342723,False,1102101666,0.03654090705854816
190,1771219800,1828031145,1547348666,1274210646,1479064161,False,1102101666,0.15354359785812075
191,1771221600,2278472812,2014022603,1576654153,1904680490,False,1102101666,0.11606467613184757
192,1771223400,2632189791,2563410772,2257825332,2487014412,False,1102101666,0.026129961918084196
193,1771225200,2872970833,2921850102,2709343112,2868723354,False,1102101666,0.01701349294554429
194,1771227000,3152440625,3234498004,2900718704,3151053179,False,1102101666,0.02602979366185525
195,1771228800,3365212500,3518501947,3166911867,3430604427,False,1102101666,0.04555119386962933
196,1771230600,3514805625,3842357973,3397831773,3731226423,False,1102101666,0.09319216564073866
197,1771232400,3550279895,3753339000,3326996540,3646753385,False,1102101666,0.05719523840528072
198,1771234200,3635831249,4046996069,3730502119,3967872581,True,1102101666,0.11308688215743976
199,1771236000,3632136145,3827629178,3580981738,3765967318,False,1102101666,0.053823156730816876
200,1771237800,3657536145,4001188538,3727105138,3932667688,True,1102101666,0.09395734707086538
201,1771239600,3571743125,3977725085,3673623935,3901699798,True,1102101666,0.11366493776060674
202,1771241400,3542351354,3853933716,3580795696,3785649211,True,1102101666,0.08795919175215729
203,1771243200,3446514166,3739999742,3302631292,3630657630,False,1102101666,0.08515432168979514
204,1771245000,3290159895,3461374344,3155788904,3384977984,False,1102101666,0.052038336878457395
205,1771246800,3170832291,3470810971,3258303981,3417684223,True,1102101666,0.09460565948298526
206,1771248600,3083389999,3303329081,2969549781,3219884256,False,1102101666,0.07133028325036089
207,1771250400,3013190208,3200374691,2848784611,3112477171,False,1102101666,0.06212169497399349
208,1771252200,2946904270,3090265927,2645739727,2979134377,False,1102101666,0.04864822330994824
209,1771254000,2916088333,3022590079,2596247619,2916004464,False,1102101666,0.036522126162904546
210,1771255800,2872244895,3090591626,2774097676,3011468139,False,1102101666,0.07601953836878522
211,1771257600,3133950416,3004570258,2757922818,2942908398,False,1102101666,0.041283409379888544
212,1771259400,2968771666,3045654201,2771570801,2977133351,False,1102101666,0.02589708594988996
213,1771261200,2958543750,3037525749,2733424599,2961500462,False,1102101666,0.026696241689851637
214,1771263000,3000813124,3137210838,2864072818,3068926333,False,1102101666,0.04545358486641969
215,1771264800,3073771875,3066217907,2628849457,2956875794,False,1102101666,0.0024575564834329157
216,1771266600,3278101875,3287858715,2982273275,3211462355,False,1102101666,0.0029763687560808343
217,1771268400,3491087500,3405460207,3192953217,3352333460,False,1102101666,0.02452739812450991
218,1771270200,3703177812,3567818643,3234039343,3484373818,False,1102101666,0.03655216569978736
219,1771272000,3891394583,3746609995,3395019915,3658712475,False,1102101666,0.03720634978331623
220,1771273800,4117936458,3910564992,3466038792,3799433442,False,1102101666,0.050358102441608876
221,1771275600,4170769062,4192786344,3766443884,4086200729,False,1102101666,0.005278950158281384
222,1771277400,4154046875,4116241342,3799747392,4037117855,False,1102101666,0.009100892247394295
223,1771279200,4266641979,4007681548,3761034108,3946019688,False,1102101666,0.06069420220271076
224,1771281000,3732525000,3968201754,3694118354,3899680904,False,1102101666,0.06314137319910784
225,1771282800,3167962812,3695980606,3391879456,3619955318,True,1102101666,0.16667423998789035
226,1771284600,2744836770,3382135811,3108997791,3313851306,True,1102101666,0.23218103457569172
227,1771286400,2206188229,2832533414,2395164964,2723191302,True,1102101666,0.28390378335211397
228,1771288200,1850391250,2362383143,2056797703,2285986783,True,1102101666,0.276693857582822
229,1771290000,1728237708,1972592905,1760085915,1919466158,True,1102101666,0.14138980758774186
230,1771291800,1451623854,1658961416,1325182116,1575516591,False,1102101666,0.14283146520958176
231,1771293600,1245244479,1435227635,1083637555,1347330115,False,1102101666,0.15256695307942017
232,1771295400,1127972916,1240876041,796349841,1129744491,False,1102101666,0.1000938261889969
233,1771297200,1069541875,1192039032,765696572,1085453417,False,1102101666,0.11453236181145315
234,1771299000,1047444166,1198924313,882430363,1119800826,False,1102101666,0.14461882734855006
235,1771300800,1065312395,1168720012,922072572,1107058152,False,1102101666,0.09706788120117574
236,1771302600,1194880104,1207877012,933793612,1139356162,False,1102101666,0.010877164961146596
237,1771304400,1452355729,1307282034,1003180884,1231256746,False,1102101666,0.09988854114954918
238,1771306200,2011416562,1555064920,1281926900,1486780415,False,1102101666,0.22688072208485674
239,1771308000,2492622916,2240156347,1802787897,2130814235,False,1102101666,0.10128550426919047
240,1771309800,2775461458,2699472540,2393887100,2623076180,False,1102101666,0.02737884101433629
241,1771311600,3001220625,3077278782,2864771792,3024152035,False,1102101666,0.02534240780782319
242,1771313400,3274077604,3265532554,2931753254,3182087729,False,1102101666,0.002609910647676878
243,1771315200,3427799583,3536100911,3184510831,3448203391,False,1102101666,0.03159500005108671
244,1771317000,3543712500,3696750516,3252224316,3585618966,False,1102101666,0.043185787786114135
245,1771318800,3588634687,3742312622,3315970162,3635727007,False,1102101666,0.04282351044443326
246,1771320600,3666106875,3846287540,3529793590,3767164052,False,1102101666,0.049147684763008986
247,1771322400,3615815208,3922704228,3676056788,3861042368,True,1102101666,0.08487408851011172
248,1771324200,3660979166,3884203522,3610120122,3815682672,False,1102101666,0.060973948738390606
249,1771326000,3542504166,3795287085,3491185935,3719261798,False,1102101666,0.0713571268105038
250,1771327800,3534692708,3748456691,3475318671,3680172186,False,1102101666,0.06047597363023728
251,1771329600,3360346562,3646602651,3209234201,3537260538,False,1102101666,0.08518647815588017
252,1771331400,3229342708,3447218294,3141632854,3370821934,False,1102101666,0.06746747115450467
253,1771333200,3076008333,3402878895,3190371905,3349752147,True,1102101666,0.1062645242190246
254,1771335000,2939436458,3285256445,2951477145,3201811620,True,1102101666,0.11764839687512646
255,1771336800,2922599270,3280338786,2928748706,3192441266,True,1102101666,0.12240457310454333
256,1771338600,2877194270,3233925921,2789399721,3122794371,False,1102101666,0.12398594516872856
257,1771340400,2825505312,3110238679,2683896219,3003653064,False,1102101666,0.10077254705228457
258,1771342200,2792146354,3166872062,2850378112,3087748575,True,1102101666,0.13420704379022677
259,1771344000,2865314270,3130256904,2883609464,3068595044,True,1102101666,0.09246547116103952
260,1771345800,2867187812,3276746538,3002663138,3208225688,True,1102101666,0.14284335483217378
261,1771347600,2880197916,3137704505,2833603355,3061679218,False,1102101666,0.0894058660238264
262,1771349400,2977371250,3258291117,2985153097,3190006612,True,1102101666,0.09435164224145712
263,1771351200,3232727500,3190266273,2752897823,3080924160,False,1102101666,0.013134799329668214
264,1771353000,3360736770,3441217078,3135631638,3364820718,False,1102101666,0.023947221549279505
265,1771354800,3483771874,3624491565,3411984575,3571364817,False,1102101666,0.04039291207619412
266,1771356600,3753845312,3751069485,3417290185,3667624660,False,1102101666,0.000739462276489245
267,1771358400,3897898229,3959935948,3608345868,3872038428,False,1102101666,0.015915684647291494
268,1771360200,4122885833,4197661369,3753135169,4086529819,False,1102101666,0.01813669818394896
269,1771362000,4228983333,4426081686,3999739226,4319496071,False,1102101666,0.04660655705639311
270,1771363800,4085401666,4572820544,4256326594,4493697057,True,1102101666,0.11930745563072867
271,1771365600,3996728124,4484099612,4237452172,4422437752,True,1102101666,0.12194261728071448
272,1771367400,3621366041,4224882845,3950799445,4156361995,True,1102101666,0.16665446054532104
273,1771369200,3040274166,4023202120,3719100970,3947176832,True,1102101666,0.3233024064054097
274,1771371000,2600467708,3326213895,3053075875,3257929390,True,1102101666,0.2790829452591687
275,1771372800,2079514062,2907767858,2470399408,2798425745,True,1102101666,0.39829199096803225
276,1771374600,1723684375,2316312383,2010726943,2239916023,True,1102101666,0.3438146893917281
277,1771376400,1452020104,1920094368,1707587378,1866967620,True,1102101666,0.32236073227261597
278,1771378200,1223909375,1605899460,1272120160,1522454635,True,1102101666,0.3121065111540632
279,1771380000,1243281145,1455398093,1103808013,1367500573,False,1102101666,0.17061060473172382
280,1771381800,1098164375,1267995892,823469692,1156864342,False,1102101666,0.1546503609716897
281,1771383600,1116201770,1149223693,722881233,1042638078,False,1102101666,0.029584187991387973
282,1771385400,1302376354,1107727534,791233584,1028604047,False,1102101666,0.14945666005235228
283,1771387200,1511014791,1123782835,877135395,1062120975,False,1102101666,0.2562727766177108
284,1771389000,1670184583,1131125010,857041610,1062604160,False,1102101666,0.3227544898251525
285,1771390800,1682275520,1317172497,1013071347,1241147210,False,1102101666,0.21702926700140057
286,1771392600,1895047395,1636291339,1363153319,1568006834,False,1102101666,0.1365433163744171
287,1771394400,2200781250,2194981639,1757613189,2085639527,False,1102101666,0.0026352510046148384
288,1771396200,2498247187,2617414059,2311828619,2541017699,False,1102101666,0.04770019260708168
289,1771398000,2767260625,2995760050,2783253060,2942633303,True,1102101666,0.08257242665749996
290,1771399800,3098034270,3227565356,2893786056,3144120531,False,1102101666,0.0418107337463378
291,1771401600,3556051041,3463176600,3111586520,3375279080,False,1102101666,0.026117296947988325
292,1771403400,3536777499,3595762843,3151236643,3484631293,False,1102101666,0.01667770845541675
293,1771405200,3568958333,3664730962,3238388502,3558145347,False,1102101666,0.026834896926211885
294,1771407000,3632916250,3825594393,3509100443,3746470905,False,1102101666,0.053036769840207575
295,1771408800,3813101041,3943813864,3697166424,3882152004,False,1102101666,0.03427992638918377
296,1771410600,3702611875,3881019171,3606935771,3812498321,False,1102101666,0.04818417431343651
297,1771412400,3558497395,3871914477,3567813327,3795889190,True,1102101666,0.08807568116823083
298,1771414200,3481575625,3714013845,3440875825,3645729340,False,1102101666,0.06676236423846171
299,1771416000,3334895416,3642081755,3204713305,3532739642,False,1102101666,0.09211273538780144
300,1771417800,3181116354,3398934172,3093348732,3322537812,False,1102101666,0.06847213171756873
301,1771419600,3058205625,3453594476,3241087486,3400467729,True,1102101666,0.1292878568294439
302,1771421400,2949935625,3243042728,2909263428,3159597903,False,1102101666,0.09936050824837915
303,1771423200,2876461458,3160108688,2808518608,3072211168,False,1102101666,0.09860977946049712
304,1771425000,2820181875,3090469856,2645943656,2979338306,False,1102101666,0.09584062056281388
305,1771426800,3016498437,3158254463,2731912003,3051668848,False,1102101666,0.04699356852343697
306,1771428600,2757456145,3093103131,2776609181,3013979644,True,1102101666,0.12172341765384631
307,1771430400,3040906770,3135672008,2889024568,3074010148,False,1102101666,0.031163480227313908
308,1771432200,2873500000,3090654635,2816571235,3022133785,False,1102101666,0.07557147555246216
309,1771434000,2790196770,3055806637,2751705487,2979781349,False,1102101666,0.09519395544279123
310,1771435800,2773801250,3147463326,2874325306,3079178821,True,1102101666,0.1347111931685805
311,1771437600,2880634270,3081761787,2644393337,2972419674,False,1102101666,0.069820566635139
312,1771439400,3119116249,3134722412,2829136972,3058326052,False,1102101666,0.005003392549092517
313,1771441200,3361023958,3454859348,3242352358,3401732601,False,1102101666,0.027918691200236902
314,1771443000,3521834583,3860241604,3526462304,3776796779,True,1102101666,0.09608827814727607
315,1771444800,3705809166,3880106151,3528516071,3792208631,False,1102101666,0.04703344861876247
316,1771446600,4121811458,4116700073,3672173873,4005568523,False,1102101666,0.0012400821949483745
317,1771448400,4130218750,4681895871,4255553411,4575310256,True,1102101666,0.13357092066854812
318,1771450200,4106379166,4640933542,4324439592,4561810055,True,1102101666,0.13017657512633113
319,1771452000,4224927083,4786699443,4540052003,4725037583,True,1102101666,0.13296616698082786
320,1771453800,3948952083,4295411282,4021327882,4226890432,True,1102101666,0.08773446517406122
321,1771455600,3167922291,3687051663,3382950513,3611026376,True,1102101666,0.16387061433761665
322,1771457400,2688317708,3344494023,3071356003,3276209518,True,1102101666,0.2440843628888524
323,1771459200,2141358854,3359787945,2922419495,3250445832,True,1102101666,0.5689980867634622
324,1771461000,1788823437,2453612993,2148027553,2377216633,True,1102101666,0.3716350883209051
325,1771462800,1520818750,2037834475,1825327485,1984707727,True,1102101666,0.3399588050844323
326,1771464600,1321426927,1662259529,1328480229,1578814704,True,1102101666,0.25792769546007593
327,1771466400,1182773958,1413522709,1061932629,1325625189,False,1102101666,0.19509116635454363
328,1771468200,1122919791,1214882972,770356772,1103751422,False,1102101666,0.08189648248883699
329,1771470000,1322023072,1192673442,766330982,1086087827,False,1102101666,0.0978421880370935
330,1771471800,1352878229,1033067559,716573609,953944071,False,1102101666,0.23639279806904187
331,1771473600,1553796145,1195264175,948616735,1133602315,False,1102101666,0.23074582283765416
332,1771475400,1971557291,1069152459,795069059,1000631609,False,1102101666,0.45771169629176145
333,1771477200,1749916249,1244241733,940140583,1168216445,False,1102101666,0.28897069576270906
334,1771479000,1925623958,1563536734,1290398714,1495252229,False,1102101666,0.18803631025450712
335,1771480800,2209160937,2110214914,1672846464,2000872801,False,1102101666,0.04478896097735952
336,1771482600,2556955208,2651909037,2346323597,2575512677,False,1102101666,0.03713550738116802
337,1771484400,2848903749,3133640497,2921133507,3080513749,True,1102101666,0.09994607508237022
338,1771486200,3167196666,3069425876,2735646576,2985981051,False,1102101666,0.030869819689308804
339,1771488000,3390641666,3252592023,2901001943,3164694503,False,1102101666,0.04071490195625998
340,1771489800,3565410729,3358530358,2914004158,3247398808,False,1102101666,0.05802427454354586
341,1771491600,3689813229,3384331088,2957988628,3277745473,False,1102101666,0.08279067856309645
342,1771493400,3723798958,3552201298,3235707348,3473077810,False,1102101666,0.04608134379310388
343,1771495200,3663461249,3576882028,3330234588,3515220168,False,1102101666,0.023633175053682683
344,1771497000,3670266041,3466895571,3192812171,3398374721,False,1102101666,0.05541028027074291
345,1771498800,3589038541,3705691231,3401590081,3629665943,False,1102101666,0.032502490198251674
346,1771500600,3589045625,3731536781,3458398761,3663252276,False,1102101666,0.03970168420469718
347,1771502400,3494770104,3336977138,2899608688,3227635025,False,1102101666,0.045151171981068314
348,1771504200,3328305104,3428166648,3122581208,3351770288,False,1102101666,0.030003722879848097
349,1771506000,3166030208,3333572746,3121065756,3280445999,False,1102101666,0.052918805883989846
350,1771507800,3080453229,2997541561,2663762261,2914096736,False,1102101666,0.026915412063216234
351,1771509600,3165227604,2919948275,2568358195,2832050755,False,1102101666,0.07749184567012894
352,1771511400,2935927083,2902528426,2458002226,2791396876,False,1102101666,0.011375846898034149
353,1771513200,2881209375,2896566910,2470224450,2789981295,False,1102101666,0.005330239146538943
354,1771515000,2854072604,3021468520,2704974570,2942345032,False,1102101666,0.05865159693744077
355,1771516800,2933547083,3001247629,2754600189,2939585769,False,1102101666,0.02307804991176956
356,1771518600,2885442708,2882241322,2608157922,2813720472,False,1102101666,0.0011094956039584619
357,1771520400,2881497500,2877853453,2573752303,2801828165,False,1102101666,0.0012646365301375413
358,1771522200,3124495937,3014822145,2741684125,2946537640,False,1102101666,0.03510127528131908
359,1771524000,3006737083,3158870838,2721502388,3049528725,False,1102101666,0.05059762486722222
360,1771525800,3156822916,3296815135,2991229695,3220418775,False,1102101666,0.04434592079602098
361,1771527600,3546023958,3590619634,3378112644,3537492886,False,1102101666,0.012576247799846365
362,1771529400,3552300520,3873580263,3539800963,3790135438,False,1102101666,0.09044272611259815
363,1771531200,3653872916,4029235684,3677645604,3941338164,True,1102101666,0.10273011038679486
364,1771533000,3687429166,4172132481,3727606281,4061000931,True,1102101666,0.1314474917834937
365,1771534800,3703247291,4222329896,3795987436,4115744281,True,1102101666,0.14016957664737276
366,1771536600,3704118750,4277489103,3960995153,4198365615,True,1102101666,0.15479264885878727
367,1771538400,3587905208,4326636434,4079988994,4264974574,True,1102101666,0.20589485596019683
368,1771540200,3349535416,3859364036,3585280636,3790843186,True,1102101666,0.15220875634413653
369,1771542000,3019574062,3362821024,3058719874,3286795736,True,1102101666,0.11367396690798572
370,1771543800,2622258437,3100292137,2827154117,3032007632,True,1102101666,0.18229846961495352
371,1771545600,2126267395,2679784386,2242415936,2570442273,True,1102101666,0.26032332165823385
372,1771547400,1772336770,2228181069,1922595629,2151784709,True,1102101666,0.25719959474744747
373,1771549200,1486056875,1956192057,1743685067,1903065310,True,1102101666,0.3163641916464335
374,1771551000,1294659375,1599955659,1266176359,1516510834,False,1102101666,0.2358120521083007
375,1771552800,1141590000,1385020531,1033430451,1297123011,False,1102101666,0.21323814241540306
376,1771554600,1072882916,957386290,512860090,846254740,False,1102101666,0.10765072709947038
377,1771556400,1061678958,899665886,473323426,793080271,False,1102101666,0.15260081287209612
378,1771558200,1184635104,884578605,568084655,805455118,False,1102101666,0.2532902308793983
379,1771560000,1414994895,918920597,672273157,857258737,False,1102101666,0.35058380758327756
380,1771561800,1616946041,1086218421,812135021,1017697571,False,1102101666,0.32822840499474654
381,1771563600,1662991562,1361344318,1057243168,1285319031,False,1102101666,0.18138831903465785
382,1771565400,1847811354,1853126049,1579988029,1784841544,False,1102101666,0.0028762108147539827
383,1771567200,2147298958,2363709082,1926340632,2254366970,False,1102101666,0.10078248452258598
384,1771569000,2501328958,2608628107,2303042667,2532231747,False,1102101666,0.042896856351830555
385,1771570800,2791539270,2868346502,2655839512,2815219755,False,1102101666,0.02751429393289531
386,1771572600,3135688541,3128065732,2794286432,3044620907,False,1102101666,0.002430984104553004
387,1771574400,3361667708,3319446316,2967856236,3231548796,False,1102101666,0.012559656595303203
388,1771576200,3539054374,3363927004,2919400804,3252795454,False,1102101666,0.049484226997638096
389,1771578000,3628913125,3454829046,3028486586,3348243431,False,1102101666,0.04797140989700601
390,1771579800,3725994791,3475687546,3159193596,3396564059,False,1102101666,0.06717863524785588
391,1771581600,3685004687,3583824276,3337176836,3522162416,False,1102101666,0.02745733576864783
392,1771583400,3730626458,3720449956,3446366556,3651929106,False,1102101666,0.0027278265767341535
393,1771585200,3660715000,3362474195,3058373045,3286448907,False,1102101666,0.08147064303011843
394,1771587000,3595884375,3301338320,3028200300,3233053815,False,1102101666,0.08191199279036886
395,1771588800,3428223541,3135277550,2697909100,3025935437,False,1102101666,0.08545125120824203
396,1771590600,3241748229,3331367634,3025782194,3254971274,False,1102101666,0.02764539337086193
397,1771592400,3099518750,3107904135,2895397145,3054777388,False,1102101666,0.0027053828921022012
398,1771594200,3142107291,2773105997,2439326697,2689661172,False,1102101666,0.11743752196398184
399,1771596000,3135502083,2779791156,2428201076,2691893636,False,1102101666,0.11344624164933141
400,1771597800,2995789062,2743727668,2299201468,2632596118,False,1102101666,0.08413856542747468
401,1771599600,2908999479,2837219910,2410877450,2730634295,False,1102101666,0.024675002356712352
402,1771601400,3085385729,2671324652,2354830702,2592201165,False,1102101666,0.13420074939356147
403,1771603200,2921201562,2699233560,2452586120,2637571700,False,1102101666,0.07598517161137955
404,1771605000,2878487291,2925995898,2651912498,2857475048,False,1102101666,0.016504713134757418
405,1771606800,2863374375,2705411377,2401310227,2629386090,False,1102101666,0.0551667289402211
406,1771608600,2956051666,2811189453,2538051433,2742904948,False,1102101666,0.04900530483488511
407,1771610400,2912968229,2846520340,2409151890,2737178228,False,1102101666,0.022811058609729862
408,1771612200,3088493333,3113346467,2807761027,3036950107,False,1102101666,0.008047009114265749
409,1771614000,3496872604,3578411976,3365904986,3525285228,False,1102101666,0.023317798854533278
410,1771615800,3482549583,3627184494,3293405194,3543739669,False,1102101666,0.041531328572041754
411,1771617600,3632969791,3868197950,3516607870,3780300430,False,1102101666,0.06474817367948767
412,1771619400,3817732291,3964856614,3520330414,3853725064,False,1102101666,0.038537097885787824
413,1771621200,3838839583,4050757570,3624415110,3944171955,False,1102101666,0.05520365788100711
414,1771623000,3796231770,3914369671,3597875721,3835246183,False,1102101666,0.03111978091896112
415,1771624800,3636817916,4108047842,3861400402,4046385982,True,1102101666,0.12957204261638927
416,1771626600,3427659687,3686015516,3411932116,3617494666,False,1102101666,0.07537382721507031
417,1771628400,3455266145,3392860565,3088759415,3316835278,False,1102101666,0.01806100525434344
418,1771630200,2773871666,3033398406,2760260386,2965113901,False,1102101666,0.09356119217088539
419,1771632000,2279329687,2637389143,2200020693,2528047031,False,1102101666,0.15708980497300037
420,1771633800,1930112291,2164884411,1859298971,2088488051,False,1102101666,0.12163650845327942
421,1771635600,1661461875,1929809305,1717302315,1876682557,True,1102101666,0.16151284241776537
422,1771637400,1479176562,1626311554,1292532254,1542866729,False,1102101666,0.09947087844676111
423,1771639200,1306793750,1356995782,1005405702,1269098262,False,1102101666,0.03841618618087208
424,1771641000,1220533020,949826124,505299924,838694574,False,1102101666,0.2217939962001192
425,1771642800,1201409166,881135600,454793140,774549985,False,1102101666,0.26658159023900774
426,1771644600,1496778125,849394450,532900500,770270963,False,1102101666,0.43251812956579655
427,1771646400,1611366666,879884239,633236799,818222379,False,1102101666,0.4539515694561352
428,1771648200,1759225520,1193986006,919902606,1125465156,False,1102101666,0.3213002014659269
429,1771650000,1707701666,1295054961,990953811,1219029673,False,1102101666,0.24163863818588088
430,1771651800,1829190625,1731459646,1458321626,1663175141,False,1102101666,0.05342853700663374
431,1771653600,2121296145,2210005162,1772636712,2100663050,False,1102101666,0.041818308683156544
432,1771655400,2509743750,2636444283,2330858843,2560047923,False,1102101666,0.05048345393827557
433,1771657200,2836673854,2960537583,2748030593,2907410836,False,1102101666,0.04366512873002283
434,1771659000,3099487812,3107989268,2774209968,3024544443,False,1102101666,0.002742858341654289
435,1771660800,3297161249,3193905640,2842315560,3106008120,False,1102101666,0.031316517817051415
436,1771662600,3474942083,3228615659,2784089459,3117484109,False,1102101666,0.0708864833186919
437,1771664400,3590945833,3252591615,2826249155,3146006000,False,1102101666,0.09422426116556797
438,1771666200,3775953125,3353938508,3037444558,3274815020,False,1102101666,0.11176373303098142
439,1771668000,3738746250,3632206215,3385558775,3570544355,False,1102101666,0.028496193075419333
440,1771669800,3824783541,3577872436,3303789036,3509351586,False,1102101666,0.06455557611384315
441,1771671600,3784580625,3577222969,3273121819,3501197682,False,1102101666,0.054790127770101345
442,1771673400,3787771874,3538557002,3265418982,3470272497,False,1102101666,0.06579458327748278
443,1771675200,3660204791,3570803390,3133434940,3461461277,False,1102101666,0.024425245609160234
444,1771677000,3531088020,3456790860,3151205420,3380394500,False,1102101666,0.02104086887077938
445,1771678800,3442503645,3315479498,3102972508,3262352751,False,1102101666,0.03689876906433893
446,1771680600,3380638750,3317646278,2983866978,3234201453,False,1102101666,0.018633304726806434
447,1771682400,3292911041,3313362036,2961771956,3225464516,False,1102101666,0.00621061266015537
448,1771684200,3307687083,3272046150,2827519950,3160914600,False,1102101666,0.010775182810725387
449,1771686000,3293735833,3383874013,2957531553,3277288398,False,1102101666,0.027366548068883945
450,1771687800,3424650416,3170152502,2853658552,3091029014,False,1102101666,0.07431354535078478
451,1771689600,3544952916,3277507448,3030860008,3215845588,False,1102101666,0.07544401134155994
452,1771691400,3562447916,3557296498,3283213098,3488775648,False,1102101666,0.0014460332112824635
453,1771693200,3912798125,3530932528,3226831378,3454907240,False,1102101666,0.09759399406786416
454,1771695000,3632018958,3743008871,3469870851,3674724366,False,1102101666,0.030558737243243213
455,1771696800,3457769583,3505550171,3068181721,3396208058,False,1102101666,0.013818326193541508
456,1771698600,3693296562,3562639404,3257053964,3486243044,False,1102101666,0.035376839039767315
457,1771700400,4030708125,3877578062,3665071072,3824451314,False,1102101666,0.03799085874023687
458,1771702200,4296272916,3965573094,3631793794,3882128269,False,1102101666,0.07697365331900158
459,1771704000,4156266041,4275467773,3923877693,4187570253,False,1102101666,0.028680005279767894
460,1771705800,4485883333,4247787805,3803261605,4136656255,False,1102101666,0.05307662066208265
461,1771707600,4624016250,4389345525,3963003065,4282759910,False,1102101666,0.050750410965791914
462,1771709400,4405145833,4443709682,4127215732,4364586195,False,1102101666,0.008754272948493326
463,1771711200,4328252500,4379942319,4133294879,4318280459,False,1102101666,0.011942422259329833
464,1771713000,3807506562,4212233977,3938150577,4143713127,True,1102101666,0.10629723374328356
465,1771714800,3614573437,3725618780,3421517630,3649593492,False,1102101666,0.030721562290947583
466,1771716600,2915633125,3138450750,2865312730,3070166245,False,1102101666,0.07642169485915688
467,1771718400,2359477291,2687318511,2249950061,2577976399,False,1102101666,0.13894654602123907
468,1771720200,1965738750,2130531539,1824946099,2054135179,False,1102101666,0.08383249757883646
469,1771722000,1659985937,1898207359,1685700369,1845080611,True,1102101666,0.14350809647853058
470,1771723800,1435879270,1570101895,1236322595,1486657070,False,1102101666,0.09347765359130786
471,1771725600,1255083958,1112909307,761319227,1025011787,False,1102101666,0.11327899627253463
472,1771727400,1164910989,977336866,532810666,866205316,False,1102101666,0.16102013353056283
473,1771729200,1146778333,901626093,475283633,795040478,False,1102101666,0.21377474002205446
474,1771731000,1243183437,870349486,553855536,791225998,False,1102101666,0.29990260479958436
475,1771732800,1478735208,890628503,643981063,828966643,False,1102101666,0.3977092733156861
476,1771734600,1687094791,988450334,714366934,919929484,False,1102101666,0.41411096799480307
477,1771736400,1701670729,1190321018,886219868,1114295731,False,1102101666,0.3004986230799766
478,1771738200,1828656354,1623835661,1350697641,1555551156,False,1102101666,0.11200611451789481
479,1771740000,2099361458,2091938116,1654569666,1982596004,False,1102101666,0.0035359999449889874
480,1771741800,2431472708,2463660233,2158074793,2387263873,False,1102101666,0.013237872213863237
481,1771743600,2682670000,2783846611,2571339621,2730719863,False,1102101666,0.037714892625630436
482,1771745400,2895007708,2953312107,2619532807,2869867282,False,1102101666,0.020139635151534458
483,1771747200,3042267395,3051860312,2700270232,2963962792,False,1102101666,0.0031532129673302435
484,1771749000,3113222916,3031122579,2586596379,2919991029,False,1102101666,0.02637149321304816
485,1771750800,3180782291,3057512348,2631169888,2950926733,False,1102101666,0.0387545992533948
486,1771752600,3306666041,3114551490,2798057540,3035428002,False,1102101666,0.05809916956170779
487,1771754400,3306663229,3134679174,2888031734,3073017314,False,1102101666,0.05201136102753692
488,1771756200,3332854479,3149023212,2874939812,3080502362,False,1102101666,0.055157303794181045
489,1771758000,3329747916,3112464750,2808363600,3036439463,False,1102101666,0.06525513987287679
490,1771759800,3393847187,3106325976,2833187956,3038041471,False,1102101666,0.08471837273679818
491,1771761600,3337245833,3129829076,2692460626,3020486964,False,1102101666,0.06215207610688475
492,1771763400,3292221875,3324704328,3019118888,3248307968,False,1102101666,0.009866422809064168
493,1771765200,3224706458,3107133736,2894626746,3054006989,False,1102101666,0.03645997659982979
494,1771767000,3189168125,2968590150,2634810850,2885145325,False,1102101666,0.06916473712090672
495,1771768800,3125208854,2885527605,2533937525,2797630085,False,1102101666,0.07669287404367503
496,1771770600,3170869375,2864154123,2419627923,2753022573,False,1102101666,0.0967290719757259
497,1771772400,3343361458,2851921266,2425578806,2745335651,False,1102101666,0.1469898478443248
498,1771774200,3272487500,3261840487,2945346537,3182717000,False,1102101666,0.0032534923357232077
499,1771776000,3545435624,2923430239,2676782799,2861768379,False,1102101666,0.17543835256505
500,1771777800,3444710208,3171242358,2897158958,3102721508,False,1102101666,0.07938776660077178
501,1771779600,3436143020,2965191817,2661090667,2889166530,False,1102101666,0.13705809108027173
502,1771781400,3747096875,3064352605,2791214585,2996068100,False,1102101666,0.18220619663055815
503,1771783200,3732955833,3062392561,2625024111,2953050449,False,1102101666,0.17963332597511608
504,1771785000,3949353645,3297857587,2992272147,3221461227,False,1102101666,0.1649627044224853
505,1771786800,4066861875,3695921335,3483414345,3642794587,False,1102101666,0.09121050859392661
506,1771788600,3766242708,3825070871,3491291571,3741626046,False,1102101666,0.015619854470621653
507,1771790400,3863210729,3894355511,3542765431,3806457991,False,1102101666,0.008061890532195196
508,1771792200,3989656770,3772220852,3327694652,3661089302,False,1102101666,0.05449990576507663
509,1771794000,3993611770,3830260332,3403917872,3723674717,False,1102101666,0.040903184237159836
510,1771795800,3885385208,4062427558,3745933608,3983304070,False,1102101666,0.04556622844897597
511,1771797600,3736478437,4000256740,3753609300,3938594880,True,1102101666,0.0705954302821526
512,1771799400,3559509895,3705783463,3431700063,3637262613,False,1102101666,0.041093738271515606
513,1771801200,3201276041,3388903457,3084802307,3312878170,False,1102101666,0.05861019593342841
514,1771803000,2747742187,3042656952,2769518932,2974372447,True,1102101666,0.10732985299541133
515,1771804800,2220550625,2580207572,2142839122,2470865459,False,1102101666,0.1619674611111377
516,1771806600,1835788854,2005287836,1699702396,1928891476,False,1102101666,0.09233032526081564
517,1771808400,1549280781,1826262947,1613755957,1773136200,True,1102101666,0.17878112824792086
518,1771810200,1310469479,1157521837,823742537,1074077012,False,1102101666,0.11671209780231745
519,1771812000,1318499374,1278333170,926743090,1190435650,False,1102101666,0.03046357456973658
520,1771813800,1141987500,877072201,432546001,765940651,False,1102101666,0.23197740693308816
521,1771815600,1073082812,814664934,388322474,708079319,False,1102101666,0.2408182063026092
522,1771817400,1157722916,795548293,479054343,716424805,False,1102101666,0.31283359601391875
523,1771819200,1355480937,815820661,569173221,754158801,False,1102101666,0.39813195543302576
524,1771821000,1547647604,941682093,667598693,873161243,False,1102101666,0.39153972095058404
525,1771822800,1607148854,1174682534,870581384,1098657247,False,1102101666,0.2690891505933899
526,1771824600,1781351979,1430386889,1157248869,1362102384,False,1102101666,0.19702175321747573
527,1771826400,2055644583,2105204668,1667836218,1995862555,False,1102101666,0.024109267433610627
528,1771828200,2370038229,2429840329,2124254889,2353443969,False,1102101666,0.02523254657593964
529,1771830000,2648033125,2700181658,2487674668,2647054910,False,1102101666,0.019693308406026833
530,1771831800,2977526041,2979480371,2645701071,2896035546,False,1102101666,0.0006563603384451475
531,1771833600,3218152291,3192081168,2840491088,3104183648,False,1102101666,0.008101270742503839
532,1771835400,3376057500,3341503215,2896977015,3230371665,False,1102101666,0.010235099668770451
533,1771837200,3530281770,3376806406,2950463946,3270220791,False,1102101666,0.04347397006783399
534,1771839000,3652485416,3791118538,3474624588,3711995050,False,1102101666,0.0379558317721699
535,1771840800,3892765833,3458320500,3211673060,3396658640,False,1102101666,0.11160325373725094
536,1771842600,3729726041,3758471336,3484387936,3689950486,False,1102101666,0.007707079470183531
537,1771844400,3641673958,3722370891,3418269741,3646345604,False,1102101666,0.02215929650229275
538,1771846200,3600190104,3617288364,3344150344,3549003859,False,1102101666,0.004749265873766759
539,1771848000,3459914166,3272014207,2834645757,3162672094,False,1102101666,0.05430769377068992
540,1771849800,3302817916,3195077920,2889492480,3118681560,False,1102101666,0.032620628427038
541,1771851600,3216417708,3234786026,3022279036,3181659278,False,1102101666,0.005710799923254246
542,1771853400,3072947083,2907186503,2573407203,2823741678,False,1102101666,0.05394189210644471
543,1771855200,2966597291,2836812426,2485222346,2748914906,False,1102101666,0.04374873036988828
544,1771857000,2906439583,2770352201,2325826001,2659220651,False,1102101666,0.046822711470070146
545,1771858800,3070456770,2739361978,2313019518,2632776363,False,1102101666,0.10783242260075852
546,1771860600,2847583854,2695344254,2378850304,2616220766,False,1102101666,0.053462727633516074
547,1771862400,2872105833,2956875488,2710228048,2895213628,False,1102101666,0.02951480896908857
548,1771864200,2859533229,2791522452,2517439052,2723001602,False,1102101666,0.02378387364422545
549,1771866000,2843020520,2781120250,2477019100,2705094962,False,1102101666,0.021772713058011976
550,1771867800,3078739062,2823215337,2550077317,2754930832,False,1102101666,0.08299622665456018
551,1771869600,2958326354,2895999802,2458631352,2786657689,False,1102101666,0.021068179957808672
552,1771871400,3037825208,3082575602,2776990162,3006179242,False,1102101666,0.01473106282815466
553,1771873200,3231354166,3315796028,3103289038,3262669281,False,1102101666,0.026132035568397053
554,1771875000,3319060208,3527712784,3193933484,3444267959,False,1102101666,0.06286495662147988
555,1771876800,3505293124,3715755999,3364165919,3627858479,False,1102101666,0.06004144804866824
556,1771878600,3839780208,3942124319,3497598119,3830992769,False,1102101666,0.026653637827178465
557,1771880400,3946526041,3994783367,3568440907,3888197752,False,1102101666,0.012227798701607503
558,1771882200,3890397916,3977887624,3661393674,3898764136,False,1102101666,0.02248862709908978
559,1771884000,4342611250,3883140827,3636493387,3821478967,False,1102101666,0.10580510125100422
560,1771885800,3807226458,3556018637,3281935237,3487497787,False,1102101666,0.06598184367839356
561,1771887600,3077604791,3413697129,3109595979,3337671841,True,1102101666,0.10920581452915992
562,1771889400,2657525937,3077822529,2804684509,3009538024,True,1102101666,0.15815333583327507
563,1771891200,2231131250,2530237347,2092868897,2420895234,False,1102101666,0.1340602875783305
564,1771893000,1841060520,1953647706,1648062266,1877251346,False,1102101666,0.06115344106124224
565,1771894800,1542782187,1742243411,1529736421,1689116664,False,1102101666,0.1292867040342617
566,1771896600,1342607812,1269965717,936186417,1186520892,False,1102101666,0.054105222948010075
567,1771898400,1178801041,1063406661,711816581,975509141,False,1102101666,0.09789131158393675
568,1771900200,1098208854,945955416,501429216,834823866,False,1102101666,0.13863796257464886
569,1771902000,1085938437,887344693,461002233,780759078,False,1102101666,0.18287753452086344
570,1771903800,1193580416,865067303,548573353,785943815,False,1102101666,0.27523333040343717
571,1771905600,1423314479,882755850,636108410,821093990,False,1102101666,0.3797886110030923
572,1771907400,1659120312,1012143878,738060478,943623028,False,1102101666,0.38995148773755717
573,1771909200,1727325729,1269439821,965338671,1193414533,False,1102101666,0.26508370732431785
574,1771911000,1922004791,1463239659,1190101639,1394955154,False,1102101666,0.23869094091139548
575,1771912800,2195729166,2309347645,1871979195,2200005532,False,1102101666,0.051745215557245094
576,1771914600,2487713333,2529773490,2224188050,2453377130,False,1102101666,0.016907155837476873
577,1771916400,2838455625,2817541820,2605034830,2764415072,False,1102101666,0.007368022531618757
578,1771918200,3179516145,3090216938,2756437638,3006772113,False,1102101666,0.028085785046391077
579,1771920000,3342677708,3243757057,2892166977,3155859537,False,1102101666,0.02959323621396526
580,1771921800,3559653750,3359488114,2914961914,3248356564,False,1102101666,0.05623177141877914
581,1771923600,3593735416,3404228441,2977885981,3297642826,False,1102101666,0.052732589649276504
582,1771925400,3720886458,3481518769,3165024819,3402395281,False,1102101666,0.06433082323309097
583,1771927200,3674869166,3676556458,3429909018,3614894598,False,1102101666,0.00045914342083546166
584,1771929000,3664214583,3476027339,3201943939,3407506489,False,1102101666,0.05135813957869399
585,1771930800,3598158750,3357370479,3053269329,3281345191,False,1102101666,0.06691985755214386
586,1771932600,3534979375,3349377161,3076239141,3281092656,False,1102101666,0.05250446871419158
587,1771934400,3513029166,3174849155,2737480705,3065507042,False,1102101666,0.09626450422700533
588,1771936200,3324066250,3170228210,2864642770,3093831850,False,1102101666,0.04628007639739431
589,1771938000,3159844270,3155181891,2942674901,3102055143,False,1102101666,0.0014755091079219546
590,1771939800,3034946562,3033589038,2699809738,2950144213,False,1102101666,0.0004472974967656119
591,1771941600,2948191354,3026106956,2674516876,2938209436,False,1102101666,0.026428271656887846
592,1771943400,2870287708,2694329825,2249803625,2583198275,False,1102101666,0.06130322145392402
593,1771945200,3006114791,2642460349,2216117889,2535874734,False,1102101666,0.12097157536656424
594,1771947000,2864467916,2908701440,2592207490,2829577953,False,1102101666,0.0154421432870397
595,1771948800,2914431249,2893862380,2647214940,2832200520,False,1102101666,0.007057592800330285
596,1771950600,2913896041,3011248277,2737164877,2942727427,False,1102101666,0.03340964627090483
597,1771952400,2837102812,2696430882,2392329732,2620405595,False,1102101666,0.049582951102443165
598,1771954200,2873323750,3018159593,2745021573,2949875088,False,1102101666,0.05040707403751492
599,1771956000,2887774687,3048599431,2611230981,2939257318,False,1102101666,0.055691583115535494
600,1771957800,3071670312,3150092553,2844507113,3073696193,False,1102101666,0.025530813217040333
601,1771959600,3236261979,3299194960,3086687970,3246068213,False,1102101666,0.019446194840952336
602,1771961400,3375987187,3569085649,3235306349,3485640824,False,1102101666,0.05719762881315699
603,1771963200,3570428645,3712955816,3361365736,3625058296,False,1102101666,0.03991878431728188
604,1771965000,3718244270,3937760671,3493234471,3826629121,False,1102101666,0.05903764923975799
605,1771966800,3747052708,4043675421,3617332961,3937089806,False,1102101666,0.0791616067654205
606,1771968600,3704282083,4289846108,3973352158,4210722620,True,1102101666,0.15807760097086537
607,1771970400,3657089583,4200951904,3954304464,4139290044,True,1102101666,0.14871451974492145
608,1771972200,3372662083,3918323325,3644239925,3849802475,True,1102101666,0.16178947922189452
609,1771974000,2996853437,3640577620,3336476470,3564552333,True,1102101666,0.21480002160012204
610,1771975800,2645084687,2994843000,2721704980,2926558495,True,1102101666,0.1322295330349852
611,1771977600,2221492291,2555712691,2118344241,2446370578,False,1102101666,0.15044859770796296
612,1771979400,1864818541,1863109985,1557524545,1786713625,False,1102101666,0.0009162049617352019
613,1771981200,1571380833,1632673908,1420166918,1579547160,False,1102101666,0.039005869050204964
614,1771983000,1365783020,1335503949,1001724649,1252059124,False,1102101666,0.022169752117726576
615,1771984800,1384212812,1049091764,697501684,961194244,False,1102101666,0.24210225847844558
616,1771986600,1206233697,903783107,459256907,792651557,False,1102101666,0.2507396292710267
617,1771988400,1167676041,921628616,495286156,815043001,False,1102101666,0.21071548645400356
618,1771990200,1420786354,1107611313,791117363,1028487825,False,1102101666,0.2204237393738369
619,1771992000,1524063541,1006272299,759624859,944610439,False,1102101666,0.3397438676738216
620,1771993800,1878640624,1043788111,769704711,975267261,False,1102101666,0.4443918130666379
621,1771995600,1852947708,1194852401,890751251,1118827113,False,1102101666,0.35516129470826924
622,1771997400,1981383333,1699514807,1426376787,1631230302,False,1102101666,0.1422584521154847
623,1771999200,2476478020,2005056775,1567688325,1895714663,False,1102101666,0.19035955142456706
624,1772001000,2546480104,2295596978,1990011538,2219200618,False,1102101666,0.09852153394244623
625,1772002800,2773043750,2757786903,2545279913,2704660156,False,1102101666,0.005501841433262638
626,1772004600,3094094375,2905570638,2571791338,2822125813,False,1102101666,0.060930183165469866
627,1772006400,3378682916,3363397040,3011806960,3275499520,False,1102101666,0.004524211469390222
628,1772008200,3788881250,3343933128,2899406928,3232801578,False,1102101666,0.11743522497571018
629,1772010000,3691923645,3375923592,2949581132,3269337977,False,1102101666,0.08559225037819004
630,1772011800,3797245833,3439691140,3123197190,3360567652,False,1102101666,0.09416158677235686
631,1772013600,3760678333,3619685561,3373038121,3558023701,False,1102101666,0.03749131393737844
632,1772015400,3807526458,3509006026,3234922626,3440485176,False,1102101666,0.0784027203206371
633,1772017200,3701453645,3615434842,3311333692,3539409555,False,1102101666,0.02323919498929724
634,1772019000,3647164062,3287589037,3014451017,3219304532,False,1102101666,0.09859030712284969
635,1772020800,3466386041,3140718458,2703350008,3031376345,False,1102101666,0.09395017725897888
636,1772022600,3324455000,3119203690,2813618250,3042807330,False,1102101666,0.06173983705599865
637,1772024400,3413678125,3184021854,2971514864,3130895107,False,1102101666,0.0672753149507908
638,1772026200,3186661249,2759252164,2425472864,2675807339,False,1102101666,0.13412441787909662
639,1772028000,3185006979,2685589388,2333999308,2597691868,False,1102101666,0.15680266771559875
640,1772029800,2924477083,2629121197,2184594997,2517989647,False,1102101666,0.10099442656497644
641,1772031600,2852178020,2825249150,2398906690,2718663535,False,1102101666,0.009441510947482865
642,1772033400,2872130625,2834535839,2518041889,2755412351,False,1102101666,0.013089511205640237
643,1772035200,2921003541,2849280265,2602632825,2787618405,False,1102101666,0.02455432696101617
644,1772037000,2843286562,2681684887,2407601487,2613164037,False,1102101666,0.05683622507832188
645,1772038800,2866047187,2598193048,2294091898,2522167760,False,1102101666,0.09345768632664177
646,1772040600,2950067500,2880538580,2607400560,2812254075,False,1102101666,0.023568586142520467
647,1772042400,3015765104,2688253330,2250884880,2578911218,False,1102101666,0.10859989511968303
648,1772044200,3246881354,3081180327,2775594887,3004783967,False,1102101666,0.05103390266966928
649,1772046000,3342082291,3172849238,2960342248,3119722490,False,1102101666,0.0506370095840348
650,1772047800,3527778749,3604199168,3270419868,3520754343,False,1102101666,0.02166247501254507
651,1772049600,3673766666,3517261822,3165671742,3429364302,False,1102101666,0.04260064893299351
652,1772051400,4045579791,3933077803,3488551603,3821946253,False,1102101666,0.027808619236797054
653,1772053200,4208077083,4382640480,3956298020,4276054865,False,1102101666,0.041482937112822846
654,1772055000,4080465625,4344916389,4028422439,4265792902,False,1102101666,0.06480896748149913
655,1772056800,4137389583,4485052382,4238404942,4423390522,True,1102101666,0.08402950508419647
656,1772058600,3756169062,4036640541,3762557141,3968119691,True,1102101666,0.0746695567666118
657,1772060400,3291958125,3393560576,3089459426,3317535288,False,1102101666,0.03086383457566004
658,1772062200,2817408854,3023407235,2750269215,2955122730,False,1102101666,0.07311625386125091
659,1772064000,2597139583,2926064291,2488695841,2816722178,False,1102101666,0.1266488371102694
660,1772065800,2007484062,2013088884,1707503444,1936692524,False,1102101666,0.002791963386457013
661,1772067600,1657749270,1741200523,1528693533,1688073775,False,1102101666,0.05034009334837469
662,1772069400,1430145416,1400670884,1066891584,1317226059,False,1102101666,0.02060946507274614
663,1772071200,1422564375,989160515,637570435,901262995,False,1102101666,0.3046637942131793
664,1772073000,1222623750,929115030,484588830,817983480,False,1102101666,0.24006463149435794
665,1772074800,1155342395,1128026994,701684534,1021441379,False,1102101666,0.02364268905755856
666,1772076600,1238031770,902842297,586348347,823718810,False,1102101666,0.27074383801960106
667,1772078400,1441702395,1072591856,825944416,1010929996,False,1102101666,0.256024086718674
668,1772080200,1796253333,1055063395,780979995,986542545,False,1102101666,0.4126310717888032
669,1772082000,1801738958,1150615288,846514138,1074590000,False,1102101666,0.361386241391357
670,1772083800,1945663645,1441001513,1167863493,1372717008,False,1102101666,0.25937789057059757
671,1772085600,2184114479,2014016953,1576648503,1904674841,False,1102101666,0.07787940038650328
672,1772087400,2506389791,2426408780,2120823340,2350012420,False,1102101666,0.0319108429531582
673,1772089200,2745483958,2882651905,2670144915,2829525158,False,1102101666,0.04996129975566224
674,1772091000,3042710416,2972963303,2639184003,2889518478,False,1102101666,0.022922691766274216
675,1772092800,3258864479,3196216183,2844626103,3108318663,False,1102101666,0.019223964790098903
676,1772094600,3405205833,3370793126,2926266926,3259661576,False,1102101666,0.010105910975044426
677,1772096400,3471101041,3495003506,3068661046,3388417891,False,1102101666,0.006886133453814374
678,1772098200,3706002083,3528797115,3212303165,3449673628,False,1102101666,0.04781566875336265
679,1772100000,3642562187,3468267286,3221619846,3406605426,False,1102101666,0.04784953339219408
680,1772101800,3648213125,3474879958,3200796558,3406359108,False,1102101666,0.04751179853287765
681,1772103600,3568477083,3393460338,3089359188,3317435051,False,1102101666,0.04904522039212995
682,1772105400,3497853645,3393275302,3120137282,3324990797,False,1102101666,0.0298978612640038
683,1772107200,3294161979,3298807661,2861439211,3189465549,False,1102101666,0.0014102773420420199
684,1772109000,3153715312,3119864181,2814278741,3043467821,False,1102101666,0.010733730743290376
685,1772110800,2996973645,2971279247,2758772257,2918152499,False,1102101666,0.008573448099174059
686,1772112600,2908481979,2885509445,2551730145,2802064620,False,1102101666,0.007898461866316415
687,1772114400,2838915000,2970090997,2618500917,2882193477,False,1102101666,0.04620638412914793
688,1772116200,2804290104,2740597653,2296071453,2629466103,False,1102101666,0.02271250428375794
689,1772118000,2768285625,2685687123,2259344663,2579101508,False,1102101666,0.02983742040707956
690,1772119800,2881684895,2658357529,2341863579,2579234041,False,1102101666,0.07749888490150135
691,1772121600,2851319895,2737639185,2490991745,2675977325,False,1102101666,0.03986950401438559
692,1772123400,2806404062,2689341988,2415258588,2620821138,False,1102101666,0.04171248024654548
693,1772125200,2964655208,2685203957,2381102807,2609178669,False,1102101666,0.09426096169494257
694,1772127000,2804267395,2928009571,2654871551,2859725066,False,1102101666,0.044126382605536085
695,1772128800,2780868958,2810057894,2372689444,2700715782,False,1102101666,0.010496336375732235
696,1772130600,2994348854,2995756191,2690170751,2919359831,False,1102101666,0.0004699976751606645
697,1772132400,3204679479,3349740065,3137233075,3296613318,False,1102101666,0.04526524008112825
698,1772134200,3328808333,3355822287,3022042987,3272377462,False,1102101666,0.008115202588325172
699,1772136000,3432522604,3757490557,3405900477,3669593037,False,1102101666,0.09467321573390577
700,1772137800,3584163541,3878324904,3433798704,3767193354,False,1102101666,0.08207252811849301
701,1772139600,3637029687,3921452121,3495109661,3814866506,False,1102101666,0.07820184559301895
702,1772141400,3539957604,3965559437,3649065487,3886435950,True,1102101666,0.12022794637966518
703,1772143200,3462779479,3981440254,3734792814,3919778394,True,1102101666,0.1497816358637373
704,1772145000,3305150833,3559754037,3285670637,3491233187,False,1102101666,0.07703224962017943
705,1772146800,2987024791,3096333015,2792231865,3020307728,False,1102101666,0.03659434777017892
706,1772148600,2659087395,2806652441,2533514421,2738367936,False,1102101666,0.05549462055195068
707,1772150400,2230554375,2370853690,1933485240,2261511578,False,1102101666,0.06289885446078848
708,1772152200,1865268541,1899133464,1593548024,1822737104,False,1102101666,0.01815552144671055
709,1772154000,1578482604,1656808542,1444301552,1603681795,False,1102101666,0.04962103339087543
710,1772155800,1371716562,1089099573,755320273,1005654748,False,1102101666,0.20603162258822388
711,1772157600,1235356927,935826875,584236795,847929355,False,1102101666,0.24246438049883537
712,1772159400,1126606979,866916467,422390267,755784917,False,1102101666,0.23050674888460815
713,1772161200,1122339687,855509186,429166726,748923571,False,1102101666,0.237744868234353
714,1772163000,1219934375,978262009,661768059,899138521,False,1102101666,0.19810275942097294
715,1772164800,1422327083,811559038,564911598,749897178,False,1102101666,0.4294146207999894
716,1772166600,1855640625,985584204,711500804,917063354,False,1102101666,0.4688711861974891
717,1772168400,1774826250,1456008497,1151907347,1379983210,False,1102101666,0.1796332193080872
718,1772170200,1913377812,1640624966,1367486946,1572340461,False,1102101666,0.1425504384389715
719,1772172000,2175790104,1939909247,1502540797,1830567134,False,1102101666,0.10841158646983165
720,1772173800,2511205520,2373672609,2068087169,2297276249,False,1102101666,0.054767684247524276
721,1772175600,2740877916,2589444601,2376937611,2536317853,False,1102101666,0.055249930730588585
722,1772177400,3045401354,2933393778,2599614478,2849948953,False,1102101666,0.03677924942565715
723,1772179200,3294579166,3159172851,2807582771,3071275331,False,1102101666,0.041099730247004175
724,1772181000,3467395312,3336359424,2891833224,3225227874,False,1102101666,0.03779087072838495
725,1772182800,3597753437,3426018081,2999675621,3319432466,False,1102101666,0.047734053766397666
726,1772184600,3727444791,3522899653,3206405703,3443776166,False,1102101666,0.0548754306150634
727,1772186400,3638889583,3481709455,3235062015,3420047595,False,1102101666,0.043194530753092104
728,1772188200,3890357812,3527131133,3253047733,3458610283,False,1102101666,0.09336587958043588
729,1772190000,3669845312,3457019581,3152918431,3380994294,False,1102101666,0.05799310676776558
730,1772191800,3639427812,3156352018,2883213998,3088067513,False,1102101666,0.1327339952745297
731,1772193600,3502923645,3224127935,2786759485,3114785822,False,1102101666,0.0795894339284121
732,1772195400,3289374687,3170450509,2864865069,3094054149,False,1102101666,0.03615403817327424
733,1772197200,3113637500,2899635417,2687128427,2846508669,False,1102101666,0.06873057091585003
734,1772199000,3017576979,2646825019,2313045719,2563380194,False,1102101666,0.12286412660891392
735,1772200800,2980699166,2650654200,2299064120,2562756680,False,1102101666,0.11072736550025927
736,1772202600,2937088229,2795312016,2350785816,2684180466,False,1102101666,0.048271009226124276
737,1772204400,2875090208,2708324529,2281982069,2601738914,False,1102101666,0.058003633602859116
738,1772206200,2830442395,2553264013,2236770063,2474140526,False,1102101666,0.09792758280106245
739,1772208000,2878996354,2720130803,2473483363,2658468943,False,1102101666,0.05518087953785578
740,1772209800,2845641666,2677218628,2403135228,2608697778,False,1102101666,0.05918631288413247
741,1772211600,3012811770,2661907807,2357806657,2585882520,False,1102101666,0.1164705895317184
742,1772213400,2898519270,2754387194,2481249174,2686102689,False,1102101666,0.04972610584024166
743,1772215200,2824804583,2711105853,2273737403,2601763740,False,1102101666,0.040250122321470336
744,1772217000,2988426041,2912130335,2606544895,2835733975,False,1102101666,0.025530397926284167
745,1772218800,3169745416,3299767588,3087260598,3246640840,False,1102101666,0.04101975235729783
746,1772220600,3306917395,3285249414,2951470114,3201804589,False,1102101666,0.006552320004352573
747,1772222400,3464478645,3435474468,3083884388,3347576948,False,1102101666,0.008371873511721415
748,1772224200,3664276041,3620041815,3175515615,3508910265,False,1102101666,0.012071750464500553
749,1772226000,3773869791,3640953953,3214611493,3534368338,False,1102101666,0.035220038146779827
750,1772227800,3756222291,3598150987,3281657037,3519027499,False,1102101666,0.04208252114863987
751,1772229600,3766571250,3815525921,3568878481,3753864061,False,1102101666,0.012997144551559989
752,1772231400,3500696458,3229188597,2955105197,3160667747,False,1102101666,0.07755824141208646
753,1772233200,3449870312,3256599901,2952498751,3180574614,False,1102101666,0.05602251491243883
754,1772235000,2880030625,2575010269,2301872249,2506725764,False,1102101666,0.1059087196338407
755,1772236800,2466557291,2080273136,1642904686,1970931024,False,1102101666,0.15660862871885348
756,1772238600,2089336354,1851963843,1546378403,1775567483,False,1102101666,0.11361143960643495
757,1772240400,1780851875,1680036061,1467529071,1626909313,False,1102101666,0.05661100477545332
758,1772242200,1645496875,1282878641,949099341,1199433816,False,1102101666,0.22037005327038375
759,1772244000,1377458437,1110301667,758711587,1022404147,False,1102101666,0.1939490606931467
760,1772245800,1292342604,1023846775,579320575,912715225,False,1102101666,0.2077590169734898
761,1772247600,1250146145,1004528759,578186299,897943144,False,1102101666,0.19647093820378897
762,1772249400,1334120416,781796616,465302666,702673129,False,1102101666,0.4139984617400533
763,1772251200,1534985937,828911993,582264553,767250133,False,1102101666,0.45998723960947924
764,1772253000,1727692083,1109571016,835487616,1041050166,False,1102101666,0.35777270329715344
765,1772254800,1725202187,1179927247,875826097,1103901959,False,1102101666,0.31606436863391246
766,1772256600,1902761250,1631339407,1358201387,1563054902,False,1102101666,0.14264629521964461
767,1772258400,2180277291,1923250765,1485882315,1813908652,False,1102101666,0.11788708118044605
768,1772260200,2545050208,2384861313,2079275873,2308464953,False,1102101666,0.06294134964271793
769,1772262000,3073512291,2644196553,2431689563,2591069805,False,1102101666,0.13968245360760134
770,1772263800,3235767083,2906819939,2573040639,2823375114,False,1102101666,0.10165971022086696
771,1772265600,3632182291,3104302805,2752712725,3016405285,False,1102101666,0.14533397382284632
772,1772267400,3550413020,3281893067,2837366867,3170761517,False,1102101666,0.0756306242365008
773,1772269200,3634977291,3397706245,2971363785,3291120630,False,1102101666,0.06527442319583944
774,1772271000,3730141354,3244911272,2928417322,3165787785,False,1102101666,0.13008356412007435
775,1772272800,3755403125,3545125519,3298478079,3483463659,False,1102101666,0.055993351179841715
776,1772274600,3838241874,3630972239,3356888839,3562451389,False,1102101666,0.05400119164037863
777,1772276400,4085610729,3590578751,3286477601,3514553464,False,1102101666,0.1211647439845951
778,1772278200,3982169791,3593579428,3320441408,3525294923,False,1102101666,0.0975825701551559
779,1772280000,3758271145,3465821774,3028453324,3356479661,False,1102101666,0.07781486745283782
780,1772281800,3582448541,3466565905,3160980465,3390169545,False,1102101666,0.032347327442044056
781,1772283600,3533020000,3253549087,3041042097,3200422340,False,1102101666,0.07910255617007546
782,1772285400,3466852500,3191497109,2857717809,3108052284,False,1102101666,0.07942518206355766
783,1772287200,3332127708,3103582316,2751992236,3015684796,False,1102101666,0.06858842518289218
784,1772289000,3353285416,3118171274,2673645074,3007039724,False,1102101666,0.07011456313207548
785,1772290800,3249016770,3104032940,2677690480,2997447325,False,1102101666,0.044623909405059795
786,1772292600,3322547708,3234760440,2918266490,3155636952,False,1102101666,0.026421672678657592
787,1772294400,3532399687,3140919482,2894272042,3079257622,False,1102101666,0.11082556893002012
788,1772296200,3639216666,3372183772,3098100372,3303662922,False,1102101666,0.07337647590339981
789,1772298000,4045371562,3416854420,3112753270,3340829133,False,1102101666,0.15536697491620918
790,1772299800,3659116666,3441380647,3168242627,3373096142,False,1102101666,0.059505077010299404
791,1772301600,3528740416,3266944188,2829575738,3157602076,False,1102101666,0.07418970996363593
792,1772303400,3822287708,3583078706,3277493266,3506682346,False,1102101666,0.06258267830005014
793,1772305200,4166492187,3846002555,3633495565,3792875808,False,1102101666,0.07692073274491418
794,1772307000,4473162083,4111384470,3777605170,4027939645,False,1102101666,0.08087737629157579
795,1772308800,4520350312,3971194718,3619604638,3883297198,False,1102101666,0.12148518501811194
796,1772310600,4290908333,4300629133,3856102933,4189497583,False,1102101666,0.0022654410781140313
797,1772312400,4299179166,4438579173,4012236713,4331993558,False,1102101666,0.03242479590114389
798,1772314200,4116987812,4219525879,3903031929,4140402392,False,1102101666,0.024906089520383548
799,1772316000,4007946666,4142449670,3895802230,4080787810,False,1102101666,0.03355908029939837
800,1772317800,3697641250,3945302787,3671219387,3876781937,False,1102101666,0.06697824917438921
801,1772319600,3300048124,3428404853,3124303703,3352379565,False,1102101666,0.03889541127188726
802,1772321400,2903571770,2729281664,2456143644,2660997159,False,1102101666,0.06002610570910737
803,1772323200,2521606666,2172942953,1735574503,2063600841,False,1102101666,0.1382704597434626
804,1772325000,2118989270,1902091923,1596506483,1825695563,False,1102101666,0.10235886989649551
805,1772326800,1802001770,1664005094,1451498104,1610878346,False,1102101666,0.07657965618979387
806,1772328600,1550262500,1249136579,915357279,1165691754,False,1102101666,0.19424189193765573
807,1772330400,1337727395,1068156556,716566476,980259036,False,1102101666,0.20151403044265234
808,1772332200,1253198125,977798876,533272676,866667326,False,1102101666,0.21975715053036804
809,1772334000,1223919375,959481509,533139049,852895894,False,1102101666,0.21605823994738216
810,1772335800,1313856770,757434741,440940791,678311254,False,1102101666,0.42350280616965574
811,1772337600,1821124583,820583599,573936159,758921739,False,1102101666,0.5494083125009356
812,1772339400,1885348541,940328269,666244869,871807419,False,1102101666,0.501244333049822
813,1772341200,1867364583,1104555293,800454143,1028530006,False,1102101666,0.40849510424713886
814,1772343000,2023215520,1640435976,1367297956,1572151471,False,1102101666,0.1891936574310185
815,1772344800,2301884687,1910956369,1473587919,1801614256,False,1102101666,0.16982967053379594
816,1772346600,2928476770,2429357625,2123772185,2352961265,False,1102101666,0.17043643648230133
817,1772348400,3407188229,2501250104,2288743114,2448123356,False,1102101666,0.2658902485307923
818,1772350200,3164350416,2713408188,2379628888,2629963363,False,1102101666,0.14250704527535488
819,1772352000,3253451979,2860488252,2508898172,2772590732,False,1102101666,0.12078362598755296
820,1772353800,3324600833,2931264149,2486737949,2820132599,False,1102101666,0.11831095032394225
821,1772355600,3510058333,2998643900,2572301440,2892058285,False,1102101666,0.14569969626769733
822,1772357400,3737526041,3124348027,2807854077,3045224539,False,1102101666,0.1640598640045703
823,1772359200,3581963020,3124165591,2877518151,3062503731,False,1102101666,0.12780629683887693
824,1772361000,3584540624,3150177217,2876093817,3081656367,False,1102101666,0.12117686826918773
825,1772362800,3578347395,3146891031,2842789881,3070865743,False,1102101666,0.12057419707289208
826,1772364600,3588199166,2980793710,2707655690,2912509205,False,1102101666,0.1692786347412021
827,1772366400,3588720833,3154029700,2716661250,3044687588,False,1102101666,0.12112704030996439
828,1772368200,3552148333,3300043094,2994457654,3223646734,False,1102101666,0.07097261019701905
829,1772370000,3515971458,3046813416,2834306426,2993686669,False,1102101666,0.1334362487307768
830,1772371800,3478386770,3011098951,2677319651,2927654126,False,1102101666,0.13434038532753503
831,1772373600,3321302916,2946963549,2595373469,2859066029,False,1102101666,0.11270858951065937
832,1772375400,3620095208,2992447938,2547921738,2881316388,False,1102101666,0.17337866380225875
833,1772377200,3598604999,2771611736,2345269276,2665026121,False,1102101666,0.22980940204045996
834,1772379000,3758494062,3093713799,2777219849,3014590312,False,1102101666,0.17687410224249545
835,1772380800,4026863541,2868881484,2622234044,2807219624,False,1102101666,0.2875642656399615
836,1772382600,3872714791,3265584244,2991500844,3197063394,False,1102101666,0.1567713037920948
837,1772384400,3969691145,2880079962,2575978812,2804054675,False,1102101666,0.2744826091501887
838,1772386200,3976393541,3021423232,2748285212,2953138727,False,1102101666,0.2401599085084119
839,1772388000,3969903749,3016850857,2579482407,2907508744,False,1102101666,0.24006952114143057
840,1772389800,4616063020,3324219762,3018634322,3247823402,False,1102101666,0.27985823685743355
841,1772391600,4098844479,3595901379,3383394389,3542774631,False,1102101666,0.12270363088347856
842,1772393400,3809404791,3591862160,3258082860,3508417335,False,1102101666,0.05710672478649697
843,1772395200,4150502291,3688657698,3337067618,3600760178,False,1102101666,0.11127438575361577
844,1772397000,4406297604,3814931256,3370405056,3703799706,False,1102101666,0.1342093524194014
845,1772398800,4282197604,3818713773,3392371313,3712128158,False,1102101666,0.10823504047712787
846,1772400600,4316844166,3710314727,3393820777,3631191240,False,1102101666,0.14050297293034136
847,1772402400,3904035937,3772258116,3525610676,3710596256,False,1102101666,0.03375425409153963
848,1772404200,3604203125,3384094448,3110011048,3315573598,False,1102101666,0.06106999782372144
849,1772406000,3206185312,3025688111,2721586961,2949662823,False,1102101666,0.05629655913039128
850,1772407800,2809321041,2807913586,2534775566,2739629081,False,1102101666,0.0005009947170363289
851,1772409600,2375996145,2044617728,1607249278,1935275616,False,1102101666,0.13946925700925328
852,1772411400,1981634479,1838295951,1532710511,1761899591,False,1102101666,0.07233348506952376
853,1772413200,1636780312,1600065618,1387558628,1546938871,False,1102101666,0.022431045712627072
854,1772415000,1576931354,1139499473,805720173,1056054648,False,1102101666,0.27739437096638514
855,1772416800,1273750520,1147360258,795770178,1059462738,False,1102101666,0.09922685801926111
856,1772418600,1244488645,970679275,526153075,859547725,False,1102101666,0.22001757195623106
857,1772420400,1117088541,901605477,475263017,795019862,False,1102101666,0.19289703196409388
858,1772422200,1181817395,696336773,379842823,617213285,False,1102101666,0.41079156903084846
859,1772424000,1619357916,751937162,505289722,690275302,False,1102101666,0.5356572166223937
860,1772425800,1692816666,890890531,616807131,822369681,False,1102101666,0.47372296782432555
861,1772427600,1747011458,1089022024,784920874,1012996737,False,1102101666,0.37663715998364106
862,1772429400,1955279479,1328257023,1055119003,1259972518,False,1102101666,0.32068175559264894
863,1772431200,2235049583,1883152589,1445784139,1773810476,False,1102101666,0.15744482658307093
864,1772433000,2506323020,2356414708,2050829268,2280018348,False,1102101666,0.05981204769048484
865,1772434800,2732010833,2481198182,2268691192,2428071435,False,1102101666,0.0918051451225706
866,1772436600,3322229166,2810525915,2476746615,2727081090,False,1102101666,0.15402406800735433
867,1772438400,3325512604,3050986982,2699396902,2963089462,False,1102101666,0.08255137017667427
868,1772440200,3505212083,3208727008,2764200808,3097595458,False,1102101666,0.08458406167145464
869,1772442000,3592213020,3362786095,2936443635,3256200480,False,1102101666,0.06386785074343948
870,1772443800,3704451770,3484824558,3168330608,3405701070,False,1102101666,0.05928737250100573
871,1772445600,3725986458,3377383525,3130736085,3315721665,False,1102101666,0.09355990337847868
872,1772447400,3731881250,3561734817,3287651417,3493213967,False,1102101666,0.04559267072069884
873,1772449200,3680555833,3473517550,3169416400,3397492263,False,1102101666,0.056251906612497786
874,1772451000,3687334062,3431868513,3158730493,3363584008,False,1102101666,0.0692819106445257
875,1772452800,3521767500,3291427392,2854058942,3182085280,False,1102101666,0.06540468898074617
876,1772454600,3339180937,3206215121,2900629681,3129818761,False,1102101666,0.039819889520410254
877,1772456400,3216766354,3055306883,2842799893,3002180135,False,1102101666,0.050193098668551914
878,1772458200,3103275000,2911676742,2577897442,2828231917,False,1102101666,0.06174066365372067
879,1772460000,3220207708,2805167434,2453577354,2717269914,False,1102101666,0.12888618115188985
880,1772461800,3037877708,2744850211,2300324011,2633718661,False,1102101666,0.09645796347507218
881,1772463600,3320646041,2908707882,2482365422,2802122267,False,1102101666,0.12405361905900286
882,1772465400,2999746354,2685675450,2369181500,2606551963,False,1102101666,0.1046991535071635
883,1772467200,3216147395,2710037914,2463390474,2648376054,False,1102101666,0.15736513873301505
884,1772469000,3133992916,2697305794,2423222394,2628784944,False,1102101666,0.13933889887580078
885,1772470800,3427745520,2680633569,2376532419,2604608282,False,1102101666,0.21796015679717087
886,1772472600,3142460937,2916192596,2643054576,2847908091,False,1102101666,0.07200354929980789
887,1772474400,3259318229,2795620372,2358251922,2686278259,False,1102101666,0.14226835933791845
888,1772476200,3276252500,2881429823,2575844383,2805033463,False,1102101666,0.1205104542461242
889,1772478000,3339774583,3075287413,2862780423,3022160665,False,1102101666,0.07919312020226846
890,1772479800,3445976041,3162838933,2829059633,3079394108,False,1102101666,0.08216456081854691
891,1772481600,3622838229,3348917328,2997327248,3261019808,False,1102101666,0.07560947624084487
892,1772483400,3914636458,3683249890,3238723690,3572118340,False,1102101666,0.05910806034801406
893,1772485200,4027238541,3789841202,3363498742,3683255587,False,1102101666,0.058947920909858016
894,1772487000,3943561666,3733558555,3417064605,3654435067,False,1102101666,0.05325214331262343
895,1772488800,3919637500,3818041030,3571393590,3756379170,False,1102101666,0.02591986376291175
896,1772490600,3683231666,3650078054,3375994654,3581557204,False,1102101666,0.009001229085327918
897,1772492400,3117653958,3189175736,2885074586,3113150448,False,1102101666,0.022940896893471074
898,1772494200,3218181250,2836305764,2563167744,2768021259,False,1102101666,0.11866189513098431
899,1772496000,2408981562,2073519281,1636150831,1964177169,False,1102101666,0.13925481468670536
900,1772497800,1957253437,1830896151,1525310711,1754499791,False,1102101666,0.06455846933837828
901,1772499600,1591826250,1390526429,1178019439,1337399681,False,1102101666,0.12645841278217393
902,1772501400,1343754375,1190201305,856422005,1106756480,False,1102101666,0.11427168004569288
903,1772503200,1195485208,1026243786,674653706,938346266,False,1102101666,0.1415671401598806
904,1772505000,1114696250,945500851,500974651,834369301,False,1102101666,0.15178610226777026
905,1772506800,1115175000,933079686,506737226,826494071,False,1102101666,0.16328855471114398
906,1772508600,1218908437,777760426,461266476,698636939,False,1102101666,0.36192054924630895
907,1772510400,1455143750,837707328,591059888,776045468,False,1102101666,0.42431300825090307
908,1772512200,2024831562,988228169,714144769,919707319,False,1102101666,0.5119454933703764
909,1772514000,1919968125,1207555258,903454108,1131529971,False,1102101666,0.3710545283141094
910,1772515800,2097926979,1401380193,1128242173,1333095688,False,1102101666,0.3320166969452944
911,1772517600,2634623958,2041965925,1604597475,1932623812,False,1102101666,0.22494976226129043
912,1772519400,2718783229,2371812893,2066227453,2295416533,False,1102101666,0.12761971322282273
913,1772521200,2902460729,2690491868,2477984878,2637365121,False,1102101666,0.07303074211551201
914,1772523000,3120790625,3031405889,2697626589,2947961064,False,1102101666,0.02864169588435623
915,1772524800,3349398333,3194420954,2842830874,3106523434,False,1102101666,0.046270214406295876
916,1772526600,3536305833,3411250497,2966724297,3300118947,False,1102101666,0.035363269441520614
917,1772528400,3885309687,3445185664,3018843204,3338600049,False,1102101666,0.11327900694058625
918,1772530200,4000871145,3572190207,3255696257,3493066720,False,1102101666,0.10714689937858521
919,1772532000,3746400625,3526026417,3279378977,3464364557,False,1102101666,0.058822915661882795
920,1772533800,3789064895,3515225335,3241141935,3446704485,False,1102101666,0.07227101345277961
921,1772535600,3697085729,3449023003,3144921853,3372997716,False,1102101666,0.06709682820016641
922,1772537400,3613988958,3385697129,3112559109,3317412624,False,1102101666,0.0631689337330842
923,1772539200,3412793750,3363600421,2926231971,3254258309,False,1102101666,0.014414386746928378
924,1772541000,3246714062,3163556135,2857970695,3087159775,False,1102101666,0.025612950636242384
925,1772542800,3093866354,3016113895,2803606905,2962987148,False,1102101666,0.02513116279230205
926,1772544600,3026562083,2891073880,2557294580,2807629055,False,1102101666,0.04476637164029389
927,1772546400,2965045208,2804176364,2452586284,2716278844,False,1102101666,0.05425510665603315
928,1772548200,2932478020,2726130411,2281604211,2614998861,False,1102101666,0.07036629348717165
929,1772550000,2926722916,2861815187,2435472727,2755229572,False,1102101666,0.022177613277006233
930,1772551800,3069841666,2720026005,2403532055,2640902517,False,1102101666,0.11395234642697692
931,1772553600,3066338854,2769847030,2523199590,2708185170,False,1102101666,0.09669245250348969
932,1772555400,3016885520,2769169515,2495086115,2700648665,False,1102101666,0.08210984585189032
933,1772557200,2971065208,2692233979,2388132829,2616208691,False,1102101666,0.09384890922259422
934,1772559000,2960740312,2728312609,2455174589,2660028104,False,1102101666,0.07850323855083174
935,1772560800,2976875312,2742621239,2305252789,2633279127,False,1102101666,0.07869126128854133
936,1772562600,3196911562,3012281409,2706695969,2935885049,False,1102101666,0.05775266203626061
937,1772564400,3357930208,3096817293,2884310303,3043690545,False,1102101666,0.0777600780319732
938,1772566200,3506867083,3236404437,2902625137,3152959612,False,1102101666,0.07712372314054995
939,1772568000,3730309791,3430707831,3079117751,3342810311,False,1102101666,0.0803155707664924
940,1772569800,4166705625,3578385392,3133859192,3467253842,False,1102101666,0.14119553574174082
941,1772571600,4374739375,3607055766,3180713306,3500470151,False,1102101666,0.1754809928534314
942,1772573400,4235693229,4032598297,3716104347,3953474809,False,1102101666,0.04794845165119487
943,1772575200,4388547916,3951906370,3705258930,3890244510,False,1102101666,0.09949567701153932
944,1772577000,4132658333,3668779942,3394696542,3600259092,False,1102101666,0.11224697364789386
945,1772578800,3181954375,3371283585,3067182435,3295258298,False,1102101666,0.05950091914815717
946,1772580600,2727791250,2784204075,2511066055,2715919570,False,1102101666,0.020680770568495665
947,1772582400,2278978854,2080666964,1643298514,1971324852,False,1102101666,0.08701787190869653
948,1772584200,1896514270,1813937116,1508351676,1737540756,False,1102101666,0.04354154108210322
949,1772586000,1561077604,1435364021,1222857031,1382237273,False,1102101666,0.08053000227399329
950,1772587800,1325923541,1229631538,895852238,1146186713,False,1102101666,0.07262259098844977
951,1772589600,1176783229,1247926660,896336580,1160029140,False,1102101666,0.06045585053116014
952,1772591400,1098067395,1069812875,625286675,958681325,False,1102101666,0.025731134654080137
953,1772593200,1087321354,1031120548,604778088,924534933,False,1102101666,0.05168739286987276
954,1772595000,1196128750,1284096191,967602241,1204972704,False,1102101666,0.07354345508374412
955,1772596800,1431953906,973005715,726358275,911343855,False,1102101666,0.3205048633737237
956,1772598600,1983247916,1073799111,799715711,1005278261,False,1102101666,0.45856536525915603
957,1772600400,2012514479,1189377290,885276140,1113352002,False,1102101666,0.4090093251945245
958,1772602200,2142725208,1618659669,1345521649,1550375164,False,1102101666,0.2445789768297718
959,1772604000,2378667395,1961977511,1524609061,1852635399,False,1102101666,0.17517786844679897
960,1772605800,2625241250,2627888893,2322303453,2551492533,False,1102101666,0.0010085332157568376
961,1772607600,3055266145,2639948807,2427441817,2586822060,False,1102101666,0.13593491312685627
962,1772609400,3182442708,2960867655,2627088355,2877422830,False,1102101666,0.06962420798432799
963,1772611200,3380772708,3245324419,2893734339,3157426899,False,1102101666,0.04006429911111315
964,1772613000,3517523229,3299432478,2854906278,3188300928,False,1102101666,0.06200122552197082
965,1772614800,3632588541,3558301593,3131959133,3451715978,False,1102101666,0.02045014103897103
966,1772616600,4012152083,3377448250,3060954300,3298324763,False,1102101666,0.15819535747144808
967,1772618400,3790299479,3626792727,3380145287,3565130867,False,1102101666,0.04313821451468479
968,1772620200,4013885416,3434692730,3160609330,3366171880,False,1102101666,0.1442972646132956
969,1772622000,3963764583,3567304485,3263203335,3491279197,False,1102101666,0.10002110107657723
970,1772623800,4012145208,3225223105,2952085085,3156938600,False,1102101666,0.1961350006552405
971,1772625600,3502497916,3331973326,2894604876,3222631214,False,1102101666,0.048686564300585294
972,1772627400,3279621354,3246834057,2941248617,3170437697,False,1102101666,0.009997281228825662
973,1772629200,3123892395,3101303415,2888796425,3048176668,False,1102101666,0.0072310365223063324
974,1772631000,2981246875,2715956912,2382177612,2632512087,False,1102101666,0.08898624438809684
975,1772632800,2877949270,2656568461,2304978381,2568670941,False,1102101666,0.07692311025343404
976,1772634600,3151155729,2795445262,2350919062,2684313712,False,1102101666,0.11288254138835675
977,1772636400,2872201562,2723018823,2296676363,2616433208,False,1102101666,0.051940205371979395
978,1772638200,2842239166,2742844052,2426350102,2663720564,False,1102101666,0.034970707317316586
979,1772640000,3045091041,2791589592,2544942152,2729927732,False,1102101666,0.08324921836056198
980,1772641800,2957229375,2713745237,2439661837,2645224387,False,1102101666,0.08233522230584497
981,1772643600,3110983541,2736378486,2432277336,2660353198,False,1102101666,0.1204137052038489
982,1772645400,3067639479,2820271423,2547133403,2751986918,False,1102101666,0.08063791644793863
983,1772647200,3201342812,2885841651,2448473201,2776499539,False,1102101666,0.09855275724216941
984,1772649000,3292318541,3209493276,2903907836,3133096916,False,1102101666,0.025157123762041225
985,1772650800,3538051041,3219108057,3006601067,3165981310,False,1102101666,0.09014651860699371
986,1772652600,3643045000,3404682759,3070903459,3321237934,False,1102101666,0.06542939793496924
987,1772654400,4375146875,3550548919,3198958839,3462651399,False,1102101666,0.18847320548524443
988,1772656200,5024206666,3922240287,3477714087,3811108737,False,1102101666,0.21933141931785335
989,1772658000,5110729895,4084615823,3658273363,3978030208,False,1102101666,0.20077642393190884
990,1772659800,6374861458,3956882608,3640388658,3877759121,False,1102101666,0.3792990429565505
991,1772661600,5381841666,4291815049,4045167609,4230153189,False,1102101666,0.2025378457129809
992,1772663400,4735070416,3856719715,3582636315,3788198865,False,1102101666,0.1854989733694385
993,1772665200,3448768749,3168009838,2863908688,3091984551,False,1102101666,0.08140844789358766
994,1772667000,3067933750,2693338810,2420200790,2625054305,False,1102101666,0.1221000746838161
995,1772668800,2666424166,2472947783,2035579333,2363605670,False,1102101666,0.07256024209015513
996,1772670600,1961887708,2005689645,1700104205,1929293285,False,1102101666,0.022326424097255215
997,1772672400,1597673593,1541649758,1329142768,1488523010,False,1102101666,0.03506588282203648
998,1772674200,1339719791,1313930954,980151654,1230486129,False,1102101666,0.019249426016727404
999,1772676000,1302930937,959511875,607921795,871614355,False,1102101666,0.2635742634147001
1000,1772677800,1245998750,1106179388,661653188,995047838,False,1102101666,0.11221468881890932
1001,1772679600,1153719895,1038783083,612440623,932197468,False,1102101666,0.09962280489234347
1002,1772681400,1197149270,853205930,536711980,774082443,False,1102101666,0.287301966946862
1003,1772683200,1430944270,1029624752,782977312,967962892,False,1102101666,0.2804578252373169
1004,1772685000,1688117395,1086397221,812313821,1017876371,False,1102101666,0.35644450781813075
1005,1772686800,1989851354,1163820910,859719760,1087795622,False,1102101666,0.4151216835064153
1006,1772688600,2129936041,1424799878,1151661858,1356515373,False,1102101666,0.3310597827477205
1007,1772690400,2741692812,2066865467,1629497017,1957523354,False,1102101666,0.24613528621674047
1008,1772692200,2692905833,2446596726,2141011286,2370200366,False,1102101666,0.09146591907582681
1009,1772694000,2826004583,2633414409,2420907419,2580287661,False,1102101666,0.0681492787232327
1010,1772695800,3076005208,2930529907,2596750607,2847085082,False,1102101666,0.04729358085014009
1011,1772697600,3572266145,3146573010,2794982930,3058675490,False,1102101666,0.1191661308874846
1012,1772699400,3568881250,3292803404,2848277204,3181671854,False,1102101666,0.07735697174009362
1013,1772701200,3522367500,3358587652,2932245192,3252002037,False,1102101666,0.0464970926514624
1014,1772703000,3925117708,3593377734,3276883784,3514254246,False,1102101666,0.08451720398699442
1015,1772704800,3623175000,3529826878,3283179438,3468165018,False,1102101666,0.025764176999454897
1016,1772706600,3701573958,3535366856,3261283456,3466846006,False,1102101666,0.044901737446252046
1017,1772708400,3772518229,3455519854,3151418704,3379494566,False,1102101666,0.08402832160310815
1018,1772710200,3697052395,3384785456,3111647436,3316500951,False,1102101666,0.0844637580528528
1019,1772712000,3429870625,3180982830,2743614380,3071640718,False,1102101666,0.07256477640464937
1020,1772713800,3216623437,3163479831,2857894391,3087083471,False,1102101666,0.0165215503278073
1021,1772715600,3077111250,2890216850,2677709860,2837090103,False,1102101666,0.06073696555495028
1022,1772717400,3114858020,2801619484,2467840184,2718174659,False,1102101666,0.10056270108902106
1023,1772719200,2887325520,2731946806,2380356726,2644049286,False,1102101666,0.05381406181039123
1024,1772721000,2812054583,2697216210,2252690010,2586084660,False,1102101666,0.040837889027561594
1025,1772722800,2689419583,2661106031,2234763571,2554520416,False,1102101666,0.010527755571860874
1026,1772724600,2764859375,2774399601,2457905651,2695276114,False,1102101666,0.003450528473984323
1027,1772726400,2921394270,2743928901,2497281461,2682267041,False,1102101666,0.06074680532593774
1028,1772728200,2852570416,2698907369,2424823969,2630386519,False,1102101666,0.05386827478056549
1029,1772730000,2751129166,2857052815,2552951665,2781027527,False,1102101666,0.03850188144892067
1030,1772731800,2724476666,2696559302,2423421282,2628274797,False,1102101666,0.010246872123514087
1031,1772733600,2758923333,2673055165,2235686715,2563713053,False,1102101666,0.031123796363934697
1032,1772735400,3036384166,2904373757,2598788317,2827977397,False,1102101666,0.04347618805228613
1033,1772737200,3356321874,3101654923,2889147933,3048528176,False,1102101666,0.07587679625509004
1034,1772739000,3350770104,3225681773,2891902473,3142236948,False,1102101666,0.03733121853112964
1035,1772740800,3495427395,3329294039,2977703959,3241396519,False,1102101666,0.04752876750855813
1036,1772742600,3721348437,3480832972,3036306772,3369701422,False,1102101666,0.06463126715269205
1037,1772744400,3841114791,3533597113,3107254653,3427011498,False,1102101666,0.0800594865637797
1038,1772746200,3772177291,3776904493,3460410543,3697781006,False,1102101666,0.0012531759870562246
1039,1772748000,3586230625,3774071516,3527424076,3712409656,False,1102101666,0.052378363424410275
1040,1772749800,3366691666,3201412246,2927328846,3132891396,False,1102101666,0.04909253249091567
1041,1772751600,3002594062,2883184199,2579083049,2807158912,False,1102101666,0.03976890000257384
1042,1772753400,2648018750,2555144799,2282006779,2486860294,False,1102101666,0.03507299598992643
1043,1772755200,2265166875,2126509774,1689141324,2017167662,False,1102101666,0.061212753254658116
1044,1772757000,1885105729,1810844491,1505259051,1734448131,False,1102101666,0.039393672650601765
1045,1772758800,1558739895,1479497153,1266990163,1426370406,False,1102101666,0.05083769412343167
1046,1772760600,1328095937,1272633106,938853806,1189188281,False,1102101666,0.04176116307176083
1047,1772762400,1177943958,1136175466,784585386,1048277946,False,1102101666,0.035458810851169545
1048,1772764200,1088767708,1027327512,582801312,916195962,False,1102101666,0.05643094991571884
1049,1772766000,1071820312,1022962215,596619755,916376600,False,1102101666,0.04558422382277077
1050,1772767800,1172788541,1120458897,803964947,1041335410,False,1102101666,0.04461984592327288
1051,1772769600,1386635625,834139165,587491725,772477305,False,1102101666,0.3984438666069898
1052,1772771400,1633526875,1059924000,785840600,991403150,False,1102101666,0.35114382492176627
1053,1772773200,1822408437,1420002554,1115901404,1343977267,False,1102101666,0.22080993197245607
1054,1772775000,2020442916,1813510313,1540372293,1745225808,False,1102101666,0.10241942564241197
1055,1772776800,2245518958,2075824599,1638456149,1966482487,False,1102101666,0.07557021881086252
1056,1772778600,2721385416,2451810354,2146224914,2375413994,False,1102101666,0.09905802405461263
1057,1772780400,2917331458,2645399843,2432892853,2592273096,False,1102101666,0.09321245080133092
1058,1772782200,3106997187,2949828748,2616049448,2866383923,False,1102101666,0.05058531744335306
1059,1772784000,3290930937,3198912028,2847321948,3111014508,False,1102101666,0.02796136131737972
1060,1772785800,3472931250,3371633641,2927107441,3260502091,False,1102101666,0.029167755336360315
1061,1772787600,3647743020,3501897233,3075554773,3395311618,False,1102101666,0.03998247305261104
1062,1772789400,3975466666,3631494054,3315000104,3552370567,False,1102101666,0.08652383252054666
1063,1772791200,3615082499,3542844314,3296196874,3481182454,False,1102101666,0.01998244438957685
1064,1772793000,3593863229,3503636667,3229553267,3435115817,False,1102101666,0.025105730588725193
1065,1772794800,3805007291,3573610977,3269509827,3497585690,False,1102101666,0.06081363222281405
1066,1772796600,3789400208,3156638310,2883500290,3088353805,False,1102101666,0.1669820719026044
1067,1772798400,3390797916,3406500245,2969131795,3297158132,False,1102101666,0.004630865474437787
1068,1772800200,3184433750,3183004301,2877418861,3106607941,False,1102101666,0.00044888639934807876
1069,1772802000,2997486145,2851417272,2638910282,2798290524,False,1102101666,0.048730458101917264
1070,1772803800,2991444270,2629866732,2296087432,2546421907,False,1102101666,0.12087055795293154
1071,1772805600,2920099895,2889500369,2537910289,2801602849,False,1102101666,0.010478931235330221
1072,1772807400,2866872708,2845799315,2401273115,2734667765,False,1102101666,0.007350655277157845
1073,1772809200,2792930208,2783711176,2357368716,2677125561,False,1102101666,0.0033008458190588626
1074,1772811000,2875082916,2738973246,2422479296,2659849759,False,1102101666,0.047341128578428794
1075,1772812800,3044970625,2787437088,2540789648,2725775228,False,1102101666,0.08457669012816832
1076,1772814600,2880229999,2753992282,2479908882,2685471432,False,1102101666,0.043829040404352794
1077,1772816400,2755207291,2640349099,2336247949,2564323812,False,1102101666,0.041687677139643574
1078,1772818200,2805960937,2806689651,2533551631,2738405146,False,1102101666,0.0002597021185829858
1079,1772820000,2725921250,2732884847,2295516397,2623542735,False,1102101666,0.0025545848032110245
1080,1772821800,2916796250,2901470883,2595885443,2825074523,False,1102101666,0.0052541781072298075
1081,1772823600,3106968229,3081052139,2868545149,3027925392,False,1102101666,0.008341279372638219
1082,1772825400,3335740208,3218136303,2884357003,3134691478,False,1102101666,0.03525571467404874
1083,1772827200,3525873958,3375609738,3024019658,3287712218,False,1102101666,0.042617581283374964
1084,1772829000,3845897083,3575319319,3130793119,3464187769,False,1102101666,0.07035491542299287
1085,1772830800,3947097500,3684825254,3258482794,3578239639,False,1102101666,0.0664468627896828
1086,1772832600,3959975208,3667089939,3350595989,3587966451,False,1102101666,0.07396138955827523
1087,1772834400,3967188958,3677351083,3430703643,3615689223,False,1102101666,0.07305875219669837
1088,1772836200,3524988541,3411388476,3137305076,3342867626,False,1102101666,0.03222707355745699
1089,1772838000,3115175729,3360474514,3056373364,3284449227,False,1102101666,0.0787431613300169
1090,1772839800,2791738750,2546530728,2273392708,2478246223,False,1102101666,0.08783344143501966
1091,1772841600,2375749166,2376985863,1939617413,2267643751,False,1102101666,0.0005205503247980515
1092,1772843400,2024432604,1871153813,1565568373,1794757453,False,1102101666,0.07571444497442999
1093,1772845200,1720968437,1696367978,1483860988,1643241231,False,1102101666,0.014294543973673121
1094,1772847000,1467601250,1270834744,937055444,1187389919,False,1102101666,0.13407354756613896
1095,1772848800,1297044166,1292807245,941217165,1204909725,False,1102101666,0.003266597322638896
1096,1772850600,1191879114,1207607765,763081565,1096476215,False,1102101666,0.013196515330496848
1097,1772852400,1152938645,1165327658,738985198,1058742043,False,1102101666,0.010745596093710607
1098,1772854200,1223433229,807359242,490865292,728235755,False,1102101666,0.3400872047100496
1099,1772856000,1470712500,885141001,638493561,823479141,False,1102101666,0.39815497522459353
1100,1772857800,1630074687,1148125801,874042401,1079604951,False,1102101666,0.29566061594820653
1101,1772859600,1662836458,1203829159,899728009,1127803871,False,1102101666,0.2760387510098723
1102,1772861400,1837166145,1817524526,1544386506,1749240021,False,1102101666,0.010691258955242722
1103,1772863200,2146929479,2094956920,1657588470,1985614807,False,1102101666,0.024207855688025606
1104,1772865000,2749815833,2493754376,2188168936,2417358016,False,1102101666,0.09311949328644367
1105,1772866800,2852833854,2648011217,2435504227,2594884469,False,1102101666,0.07179620247173357
1106,1772868600,3015906458,3153637363,2819858063,3070192538,False,1102101666,0.04566816209921057
1107,1772870400,3182945104,3127667746,2776077666,3039770226,False,1102101666,0.017366733070744156
1108,1772872200,3314374687,3468120828,3023594628,3356989278,False,1102101666,0.04638767656627351
1109,1772874000,3697570208,3552603863,3126261403,3446018248,False,1102101666,0.03920583973939245
1110,1772875800,3678811041,3259502624,2943008674,3180379137,False,1102101666,0.1139793298233716
1111,1772877600,3643608333,3672867224,3426219784,3611205364,False,1102101666,0.008030196532103497
1112,1772879400,3650562812,3755624737,3481541337,3687103887,False,1102101666,0.028779651360783105
1113,1772881200,3573064791,3606886774,3302785624,3530861487,False,1102101666,0.009465818555877399
1114,1772883000,3546800208,3588517892,3315379872,3520233387,False,1102101666,0.0117620620146304
1115,1772884800,3460686979,3675410300,3238041850,3566068187,False,1102101666,0.062046444045062536
1116,1772886600,3404953854,3400588249,3095002809,3324191889,False,1102101666,0.0012821333818875302
1117,1772888400,3458886145,3228058942,3015551952,3174932195,False,1102101666,0.06673454786410728
1118,1772890200,3491089375,3385387594,3051608294,3301942769,False,1102101666,0.030277592363271995
1119,1772892000,3456344166,3250582223,2898992143,3162684703,False,1102101666,0.05953167078211621
1120,1772893800,3366754895,3271659353,2827133153,3160527803,False,1102101666,0.0282454603812197
1121,1772895600,3178609791,3167310128,2740967668,3060724513,False,1102101666,0.003554907252848137
1122,1772897400,3176565208,3240760488,2924266538,3161637000,False,1102101666,0.02020902320478982
1123,1772899200,3183248854,3137347724,2890700284,3075685864,False,1102101666,0.014419585808480432
1124,1772901000,3168909375,3557268288,3283184888,3488747438,True,1102101666,0.12255286189747853
1125,1772902800,3173573020,3460528893,3156427743,3384503605,False,1102101666,0.09042044131065874
1126,1772904600,3222282708,3577007131,3303869111,3508722626,True,1102101666,0.11008482344498247
1127,1772906400,3228468854,3446550303,3009181853,3337208190,False,1102101666,0.06754949756749302
1128,1772908200,3599940937,3608878686,3303293246,3532482326,False,1102101666,0.0024827487884976933
1129,1772910000,3710049791,3828290104,3615783114,3775163357,False,1102101666,0.031870276589503595
1130,1772911800,3899005625,4101848614,3768069314,4018403789,False,1102101666,0.05202428734634103
1131,1772913600,4213087499,3999053458,3647463378,3911155938,False,1102101666,0.05080218273434914
1132,1772915400,4459652083,4208854954,3764328754,4097723404,False,1102101666,0.056236927081381026
1133,1772917200,4445220833,4217044787,3790702327,4110459172,False,1102101666,0.05133064353205779
1134,1772919000,4201861979,4034772432,3718278482,3955648945,False,1102101666,0.039765596260676224
1135,1772920800,4099679791,3925650286,3679002846,3863988426,False,1102101666,0.042449536030117724
1136,1772922600,3624932291,3615263870,3341180470,3546743020,False,1102101666,0.00266720043957919
1137,1772924400,3157794479,3217589743,2913488593,3141564456,False,1102101666,0.018935768112095682
1138,1772926200,2842681458,2821032389,2547894369,2752747884,False,1102101666,0.007615721043620358
1139,1772928000,2490425520,2438986284,2001617834,2329644172,False,1102101666,0.02065479798006567
1140,1772929800,2205425312,2055729629,1750144189,1979333269,False,1102101666,0.06787610633898447
1141,1772931600,1896869791,1722396008,1509889018,1669269260,False,1102101666,0.09197984164638953
1142,1772933400,1629833125,1470577920,1136798620,1387133095,False,1102101666,0.09771258330511598
1143,1772935200,1440867083,1257963998,906373918,1170066478,False,1102101666,0.12693959571842062
1144,1772937000,1289907500,1173355910,728829710,1062224360,False,1102101666,0.09035654882229928
1145,1772938800,1401679479,1143998342,717655882,1037412727,False,1102101666,0.1838374185115683
1146,1772940600,1404951458,788719297,472225347,709595810,False,1102101666,0.43861455674577476
1147,1772942400,1600063541,904621651,657974211,842959791,False,1102101666,0.4346339205787828
1148,1772944200,1784283958,1048236438,774153038,979715588,False,1102101666,0.41251703054318445
1149,1772946000,1804471250,1176880848,872779698,1100855561,False,1102101666,0.34779739605161347
1150,1772947800,1978963229,1636676764,1363538744,1568392259,False,1102101666,0.17296251895138168
1151,1772949600,2245232812,2221490749,1784122299,2112148636,False,1102101666,0.010574432581381677
1152,1772951400,2549772500,2459278758,2153693318,2382882398,False,1102101666,0.03549090830652538
1153,1772953200,2777311770,2608264418,2395757428,2555137671,False,1102101666,0.06086725798162732
1154,1772955000,2958906874,2729349884,2395570584,2645905059,False,1102101666,0.07758168802713052
1155,1772956800,3075356875,2864760809,2513170729,2776863289,False,1102101666,0.06847857811623895
1156,1772958600,3140104062,3250207205,2805681005,3139075655,False,1102101666,0.035063533190639845
1157,1772960400,3235259062,3026459720,2600117260,2919874105,False,1102101666,0.06453867773757896
1158,1772962200,3373066145,3172443124,2855949174,3093319637,False,1102101666,0.0594779385804188
1159,1772964000,3390246875,3141111133,2894463693,3079449273,False,1102101666,0.07348601774022726
1160,1772965800,3559795625,3162362516,2888279116,3093841666,False,1102101666,0.11164492315482297
1161,1772967600,3545727291,3158421481,2854320331,3082396194,False,1102101666,0.10923169725519649
1162,1772969400,3533795833,3027440540,2754302520,2959156035,False,1102101666,0.14328934577132374
1163,1772971200,3408594479,3513813133,3076444683,3404471020,False,1102101666,0.03086863358144869
1164,1772973000,3564063541,3402425346,3096839906,3326028986,False,1102101666,0.045352220335176115
1165,1772974800,3331765625,3070590709,2858083719,3017463962,False,1102101666,0.07838934228754461
1166,1772976600,3187909687,3034432839,2700653539,2950988014,False,1102101666,0.04814341153573589
1167,1772978400,3147098958,2951638385,2600048305,2863740865,False,1102101666,0.06210817505535839
1168,1772980200,3086995729,3047714995,2603188795,2936583445,False,1102101666,0.01272458320268703
1169,1772982000,3045162395,2866678631,2440336171,2760093016,False,1102101666,0.05861223174601826
1170,1772983800,3024043750,3156268733,2839774783,3077145246,False,1102101666,0.043724560201882
1171,1772985600,3076085000,3030007416,2783359976,2968345556,False,1102101666,0.014979294785417178
1172,1772987400,3063105208,3316470513,3042387113,3247949663,False,1102101666,0.08271518207676268
1173,1772989200,3005274687,3027392998,2723291848,2951367711,False,1102101666,0.007359830066675033
1174,1772991000,3045986458,3141738732,2868600712,3073454227,False,1102101666,0.03143555472760411
1175,1772992800,3090747812,3136713513,2699345063,3027371400,False,1102101666,0.01487203220577739
1176,1772994600,3267152083,3537043330,3231457890,3460646970,False,1102101666,0.08260749427745571
1177,1772996400,3443395833,3627591208,3415084218,3574464461,False,1102101666,0.05349236159106428
1178,1772998200,3547383541,3740437783,3406658483,3656992958,False,1102101666,0.05442158700031021
1179,1773000000,3751649999,3711991393,3360401313,3624093873,False,1102101666,0.010570977039588175
1180,1773001800,3948973958,3864101085,3419574885,3752969535,False,1102101666,0.021492386098941198
1181,1773003600,3965901562,3842238882,3415896422,3735653267,False,1102101666,0.03118147994012162
1182,1773005400,3890097916,3762380742,3445886792,3683257254,False,1102101666,0.03283135200137209
1183,1773007200,3735907291,3834727846,3588080406,3773065986,False,1102101666,0.026451554415727604
1184,1773009000,3978805520,3534826818,3260743418,3466305968,False,1102101666,0.11158592692411867
1185,1773010800,3540335937,3136740788,2832639638,3060715501,False,1102101666,0.11399911087025186
1186,1773012600,2797484375,2739808300,2466670280,2671523795,False,1102101666,0.020617121409301883
1187,1773014400,2486818229,2306415188,1869046738,2197073075,False,1102101666,0.07254371827270371
1188,1773016200,2025221979,1990702057,1685116617,1914305697,False,1102101666,0.017045006600730755
1189,1773018000,1658467812,1568619177,1356112187,1515492429,False,1102101666,0.054175688156195584
1190,1773019800,1307309895,1158757228,824977928,1075312403,False,1102101666,0.1136323281634765
1191,1773021600,1137216250,1205454412,853864332,1117556892,False,1102101666,0.06000456113777833
1192,1773023400,1051679270,1176125051,731598851,1064993501,False,1102101666,0.11833054482475441
1193,1773025200,1187931875,1048657461,622315001,942071846,False,1102101666,0.1172410783236202
1194,1773027000,1342644062,724934331,408440381,645810843,False,1102101666,0.4600696107647926
1195,1773028800,1385763333,833758542,587111102,772096682,False,1102101666,0.39833987366730245
1196,1773030600,1594885000,982642219,708558819,914121369,False,1102101666,0.3838789511469479
1197,1773032400,1652394791,1151918886,847817736,1075893599,False,1102101666,0.30287913501416985
1198,1773034200,1859885833,1384893003,1111754983,1316608498,False,1102101666,0.2553881650003406
1199,1773036000,2298986458,2166213585,1728845135,2056871473,False,1102101666,0.05775278603228728
1200,1773037800,2705969166,2491981748,2186396308,2415585388,False,1102101666,0.07907976952905162
1201,1773039600,2719298958,2466620144,2254113154,2413493397,False,1102101666,0.09292057177333718
1202,1773041400,3062816250,2848061898,2514282598,2764617073,False,1102101666,0.07011662942561442
1203,1773043200,3250295104,3260643836,2909053756,3172746316,False,1102101666,0.0031839361254503494
1204,1773045000,3383983749,3440279216,2995753016,3329147666,False,1102101666,0.01663585619069118
1205,1773046800,3471116666,3527216053,3100873593,3420630438,False,1102101666,0.016161769366469344
1206,1773048600,3602103125,3639390704,3322896754,3560267216,False,1102101666,0.010351613406404071
1207,1773050400,3637854687,3381978946,3135331506,3320317086,False,1102101666,0.07033698787210518
1208,1773052200,3556028645,3666691985,3392608585,3598171135,False,1102101666,0.03111992366979372
1209,1773054000,3782145208,3615302468,3311201318,3539277181,False,1102101666,0.04411325605560938
1210,1773055800,3593662500,3622016597,3348878577,3553732092,False,1102101666,0.007890027791981022
1211,1773057600,3311512500,3456385936,3019017486,3347043823,False,1102101666,0.04374841888713994
1212,1773059400,3242289583,3240186900,2934601460,3163790540,False,1102101666,0.00064851795195124
1213,1773061200,3040940625,3153487427,2940980437,3100360680,False,1102101666,0.03701052268983384
1214,1773063000,2916096458,3039933421,2706154121,2956488596,False,1102101666,0.042466689556947435
1215,1773064800,3056355208,2824771258,2473181178,2736873738,False,1102101666,0.07577128122864442
1216,1773066600,2844707187,2974410824,2529884624,2863279274,False,1102101666,0.04559472327863177
1217,1773068400,2790812500,3257116505,2830774045,3150530890,True,1102101666,0.16708539359057623
1218,1773070200,2796990104,2936154165,2619660215,2857030678,False,1102101666,0.049754935064296534
1219,1773072000,3046617708,2747604969,2500957529,2685943109,False,1102101666,0.09814580221694162
1220,1773073800,2938825729,2720925725,2446842325,2652404875,False,1102101666,0.07414526211941981
1221,1773075600,2885349583,2766275814,2462174664,2690250526,False,1102101666,0.041268402865830486
1222,1773077400,2876083854,3078618139,2805480119,3010333634,False,1102101666,0.07042015994016286
1223,1773079200,2869823958,2824454493,2387086043,2715112380,False,1102101666,0.015809145670251597
1224,1773081000,3085073437,2978316298,2672730858,2901919938,False,1102101666,0.03460440770052243
1225,1773082800,3342073750,3064976156,2852469166,3011849409,False,1102101666,0.0829118729052583
1226,1773084600,3374590833,3382704767,3048925467,3299259942,False,1102101666,0.002404420091660932
1227,1773086400,3517616666,3559504373,3207914293,3471606853,False,1102101666,0.011907979458043652
1228,1773088200,3687694479,3851240019,3406713819,3740108469,False,1102101666,0.04434899391241028
1229,1773090000,3687459583,3963779519,3537437059,3857193904,False,1102101666,0.07493504126089834
1230,1773091800,3753451458,3880040061,3563546111,3800916573,False,1102101666,0.033725919841108544
1231,1773093600,3513371875,3856053312,3609405872,3794391452,True,1102101666,0.09753634092605128
1232,1773095400,3698075000,3619584895,3345501495,3551064045,False,1102101666,0.02122458441216038
1233,1773097200,3168850312,3053944604,2749843454,2977919317,False,1102101666,0.03626100846886579
1234,1773099000,2831034687,2848908925,2575770905,2780624420,False,1102101666,0.006313676791767264
1235,1773100800,2383789062,2345147043,1907778593,2235804930,False,1102101666,0.0162103348891027
1236,1773102600,1956521666,1926108250,1620522810,1849711890,False,1102101666,0.015544635425468373
1237,1773104400,1588655208,1528478924,1315971934,1475352177,False,1102101666,0.0378787566345233
1238,1773106200,1489597083,1280344329,946565029,1196899504,False,1102101666,0.14047607664387457
1239,1773108000,1208586562,1132012442,780422362,1044114922,False,1102101666,0.06335840758752372
1240,1773109800,1152715781,1051160764,606634564,940029214,False,1102101666,0.08810065644447007
1241,1773111600,1181865208,1051576794,625234334,944991179,False,1102101666,0.11023965602683178
1242,1773113400,1283318333,802329102,485835152,723205615,False,1102101666,0.3748011842670372
1243,1773115200,1448539062,897470967,650823527,835809107,False,1102101666,0.3804302620870572
1244,1773117000,1648452083,1122087436,848004036,1053566586,False,1102101666,0.31930843027118794
1245,1773118800,1719986979,1286188745,982087595,1210163458,False,1102101666,0.25221018490047536
1246,1773120600,2027894479,1476777744,1203639724,1408493239,False,1102101666,0.27176795474672233
1247,1773122400,2278141354,2096523005,1659154555,1987180892,False,1102101666,0.0797221597690202
1248,1773124200,2530192916,2451573601,2145988161,2375177241,False,1102101666,0.031072458745276164
1249,1773126000,2728630104,2843551848,2631044858,2790425100,False,1102101666,0.04211701096148282
1250,1773127800,3008951145,3061823418,2728044118,2978378593,False,1102101666,0.017571662168014365
1251,1773129600,3228305416,3290372800,2938782720,3202475280,False,1102101666,0.0192259950661372
1252,1773131400,3461102604,3477221975,3032695775,3366090425,False,1102101666,0.004657293598106807
1253,1773133200,3488373750,3474068285,3047725825,3367482670,False,1102101666,0.004100898018740108
1254,1773135000,3570248645,3598725886,3282231936,3519602398,False,1102101666,0.007976262672876107
1255,1773136800,3543576770,3687141790,3440494350,3625479930,False,1102101666,0.040514155419299695
1256,1773138600,3529869270,3729747734,3455664334,3661226884,False,1102101666,0.05662489138018417
1257,1773140400,3468153854,3637710243,3333609093,3561684955,False,1102101666,0.048889523400019265
1258,1773142200,3438087500,3554555146,3281417126,3486270641,False,1102101666,0.033875707351834414
1259,1773144000,3230222708,3353301612,2915933162,3243959500,False,1102101666,0.038102296691550595
1260,1773145800,3075847187,3140812802,2835227362,3064416442,False,1102101666,0.021121210206597952
1261,1773147600,2973745416,3032974223,2820467233,2979847475,False,1102101666,0.019917241967427383
1262,1773149400,2872369270,2965609662,2631830362,2882164837,False,1102101666,0.03246114382779203
1263,1773151200,3036457083,2904032498,2552442418,2816134978,False,1102101666,0.04361154509358827
1264,1773153000,2853174166,2871405021,2426878821,2760273471,False,1102101666,0.006389674775991225
1265,1773154800,2967172500,2865589628,2439247168,2759004013,False,1102101666,0.0342355801693363
1266,1773156600,2955208645,2728795560,2412301610,2649672072,False,1102101666,0.07661492374931787
1267,1773158400,2921874687,2767891529,2521244089,2706229669,False,1102101666,0.05270012389138439
1268,1773160200,2936776875,2955571364,2681487964,2887050514,False,1102101666,0.00639969933023938
1269,1773162000,3005581875,2909690763,2605589613,2833665475,False,1102101666,0.031904341983696585
1270,1773163800,2953881458,2899305578,2626167558,2831021073,False,1102101666,0.01847598855133204
1271,1773165600,3062552395,2915380288,2478011838,2806038176,False,1102101666,0.04805537604524804
1272,1773167400,3445719791,3212883215,2907297775,3136486855,False,1102101666,0.06757269601786955
1273,1773169200,3796299270,3090425130,2877918140,3037298383,False,1102101666,0.18593743269349786
1274,1773171000,3894745104,3448194303,3114415003,3364749478,False,1102101666,0.11465469217520326
1275,1773172800,3958485937,3671578976,3319988896,3583681456,False,1102101666,0.07247896432276753
1276,1773174600,4332674791,3637260590,3192734390,3526129040,False,1102101666,0.16050459232355527
1277,1773176400,4397394791,3701745604,3275403144,3595159989,False,1102101666,0.1581957545462513
1278,1773178200,4206361770,4176788311,3860294361,4097664824,False,1102101666,0.007030650385546843
1279,1773180000,4398488229,3980271727,3733624287,3918609867,False,1102101666,0.0950818736407263
1280,1773181800,3565653124,3702534634,3428451234,3634013784,False,1102101666,0.03838890246464703
1281,1773183600,3019101249,3122875354,2818774204,3046850066,False,1102101666,0.03437251567312375
1282,1773185400,2588440000,2668654195,2395516175,2600369690,False,1102101666,0.0309893970885939
1283,1773187200,2295768229,2219783764,1782415314,2110441652,False,1102101666,0.03309762023891132
1284,1773189000,1961552083,1896090108,1590504668,1819693748,False,1102101666,0.03337253982054985
1285,1773190800,1552156145,1505781248,1293274258,1452654501,False,1102101666,0.029877726638127634
1286,1773192600,1322612708,1270572437,936793137,1187127612,False,1102101666,0.039346568111154126
1287,1773194400,1176023645,1121377376,769787296,1033479856,False,1102101666,0.046466981537603355
1288,1773196200,1123585625,1042606793,598080593,931475243,False,1102101666,0.07207179426134079
1289,1773198000,1162975000,1031806003,605463543,925220388,False,1102101666,0.11278746060749371
1290,1773199800,1268969791,1140558650,824064700,1061435163,False,1102101666,0.10119322139166669
1291,1773201600,1452632187,1009170505,762523065,947508645,False,1102101666,0.3052814648943201
1292,1773203400,1665625520,1200009275,925925875,1131488425,False,1102101666,0.27954437501654034
1293,1773205200,2090181666,1298270381,994169231,1222245094,False,1102101666,0.37887198891926366
1294,1773207000,2079348333,1667683682,1394545662,1599399177,False,1102101666,0.19797772430272267
1295,1773208800,2365263854,2322823551,1885455101,2213481438,False,1102101666,0.0179431579813928
1296,1773210600,2580895625,2588204492,2282619052,2511808132,False,1102101666,0.002831911112251973
1297,1773212400,2788525625,2671384835,2458877845,2618258087,False,1102101666,0.042008145433485126
1298,1773214200,3055413125,3130764151,2796984851,3047319326,False,1102101666,0.02466148534332816
1299,1773216000,3279549479,3329043035,2977452955,3241145515,False,1102101666,0.015091571667670516
1300,1773217800,3435393124,3465742440,3021216240,3354610890,False,1102101666,0.008834306556643152
1301,1773219600,3822432291,3580756635,3154414175,3474171020,False,1102101666,0.06322562117556159
1302,1773221400,3680156875,3452505995,3136012045,3373382508,False,1102101666,0.06185901518124822
1303,1773223200,3582230208,3738365341,3491717901,3676703481,False,1102101666,0.04358601316333939
1304,1773225000,3548710416,3498546013,3224462613,3430025163,False,1102101666,0.01413595281650054
1305,1773226800,3493427812,3594560134,3290458984,3518534847,False,1102101666,0.02894930922935012
1306,1773228600,3366657916,3330520039,3057382019,3262235534,False,1102101666,0.010734050771316915
1307,1773230400,3268834375,3450359313,3012990863,3341017200,False,1102101666,0.05553200840896076
1308,1773232200,3056792708,3110458581,2804873141,3034062221,False,1102101666,0.017556268326455324
1309,1773234000,2950184791,3073051504,2860544514,3019924757,False,1102101666,0.04164712440211343
1310,1773235800,3116658333,2930355647,2596576347,2846910822,False,1102101666,0.05977642272410102
1311,1773237600,3197911458,2827007704,2475417624,2739110184,False,1102101666,0.11598312175658743
1312,1773239400,2844319166,3100163826,2655637626,2989032276,False,1102101666,0.08994934993874032
1313,1773241200,2761401562,2821159321,2394816861,2714573706,False,1102101666,0.021640372708675974
1314,1773243000,2758543333,2791146588,2474652638,2712023100,False,1102101666,0.01181901136370512
1315,1773244800,2870330000,2791146966,2544499526,2729485106,False,1102101666,0.027586735323116156
1316,1773246600,2803623437,2906036122,2631952722,2837515272,False,1102101666,0.03652868771477601
1317,1773248400,2872352812,2760055907,2455954757,2684030619,False,1102101666,0.03909579092472572
1318,1773250200,3368427395,3016345551,2743207531,2948061046,False,1102101666,0.10452410063005084
1319,1773252000,3167937187,3149998546,2712630096,3040656434,False,1102101666,0.0056625620841263226
1320,1773253800,3520949270,3254180632,2948595192,3177784272,False,1102101666,0.07576611235867083
1321,1773255600,3706606979,3231910298,3019403308,3178783551,False,1102101666,0.12806771359613306
1322,1773257400,4041973958,3592008162,3258228862,3508563337,False,1102101666,0.11132327933716984
1323,1773259200,4234264583,3664381191,3312791111,3576483671,False,1102101666,0.13458851728066423
1324,1773261000,4680459062,4091495763,3646969563,3980364213,False,1102101666,0.12583451563153528
1325,1773262800,5105831250,4238650355,3812307895,4132064740,False,1102101666,0.16984127608996086
1326,1773264600,4739019479,4389239615,4072745665,4310116127,False,1102101666,0.07380848834869286
1327,1773266400,4982523958,4458531127,4211883687,4396869267,False,1102101666,0.10516614378916751
1328,1773268200,4047855208,3981050129,3706966729,3912529279,False,1102101666,0.016503821299726686
1329,1773270000,3274202708,3397378540,3093277390,3321353253,False,1102101666,0.03762009960441338
1330,1773271800,2828047916,2716817109,2443679089,2648532604,False,1102101666,0.039331302122110154
1331,1773273600,2353683958,2614932994,2177564544,2505590882,False,1102101666,0.11099580090692873
1332,1773275400,2151427916,1750272233,1444686793,1673875873,False,1102101666,0.1864602016254585
1333,1773277200,1678195000,1549526527,1337019537,1496399779,False,1102101666,0.07667075220698429
1334,1773279000,1590567604,1291525055,957745755,1208080230,False,1102101666,0.18800995836200873
1335,1773280800,1408374062,1254688530,903098450,1166791010,False,1102101666,0.10912266573679628
1336,1773282600,1254770260,1197708673,753182473,1086577123,False,1102101666,0.045475724775306675
1337,1773284400,1267632083,1105382147,679039687,998796532,False,1102101666,0.12799450106691565
1338,1773286200,1641272291,873609181,557115231,794485693,False,1102101666,0.4677244075888685
1339,1773288000,1568191041,1061455568,814808128,999793708,False,1102101666,0.32313376352211926
1340,1773289800,1739359062,1158260497,884177097,1089739647,False,1102101666,0.3340877554815074
1341,1773291600,1797366666,1280498570,976397420,1204473283,False,1102101666,0.2875696460702026
1342,1773293400,2018883229,1517251011,1244112991,1448966506,False,1102101666,0.24847014963241343
1343,1773295200,2317773333,2153207167,1715838717,2043865054,False,1102101666,0.07100183769350495
1344,1773297000,2602965416,2709464890,2403879450,2633068530,False,1102101666,0.04091467114598037
1345,1773298800,2800218854,2782537719,2570030729,2729410971,False,1102101666,0.006314197540218404
1346,1773300600,3120931250,3032495307,2698716007,2949050482,False,1102101666,0.028336395747262936
1347,1773302400,3343485208,3188158700,2836568620,3100261180,False,1102101666,0.046456466332899654
1348,1773304200,3474327291,3525285276,3080759076,3414153726,False,1102101666,0.014667007662750446
1349,1773306000,3561864583,3478728490,3052386030,3372142875,False,1102101666,0.0233406102513808
1350,1773307800,3611654791,3616043682,3299549732,3536920195,False,1102101666,0.0012152022421790755
1351,1773309600,3572519999,3579449917,3332802477,3517788057,False,1102101666,0.001939784242478638
1352,1773311400,3560961458,3657805838,3383722438,3589284988,False,1102101666,0.02719613260133185
1353,1773313200,3506155416,3475108373,3171007223,3399083085,False,1102101666,0.00885501049335116
1354,1773315000,3447573958,3403384651,3130246631,3335100146,False,1102101666,0.012817508061708128
1355,1773316800,3263343541,3385973396,2948604946,3276631283,False,1102101666,0.03757797898361079
1356,1773318600,3078254166,3115012379,2809426939,3038616019,False,1102101666,0.011941253391614837
1357,1773320400,2971986145,3034382832,2821875842,2981256084,False,1102101666,0.02099494545254685
1358,1773322200,2871749791,3072087297,2738307997,2988642472,False,1102101666,0.06976147665366018
1359,1773324000,2791437499,2844512491,2492922411,2756614971,False,1102101666,0.019013498249204397
1360,1773325800,2727993541,2769199249,2324673049,2658067699,False,1102101666,0.015104767434638145
1361,1773327600,2721221666,2646521943,2220179483,2539936328,False,1102101666,0.02745080414922729
1362,1773329400,2849926041,2721919430,2405425480,2642795943,False,1102101666,0.04491576593864318
1363,1773331200,2819888437,2878412020,2631764580,2816750160,False,1102101666,0.02075386466787374
1364,1773333000,2875053333,2809545860,2535462460,2741025010,False,1102101666,0.022784785328363158
1365,1773334800,2849382708,2708062305,2403961155,2632037018,False,1102101666,0.0495968486799703
1366,1773336600,2827555729,2681367500,2408229480,2613082995,False,1102101666,0.05170127241018209
1367,1773338400,2835635729,2715771861,2278403411,2606429749,False,1102101666,0.04227054511062694
1368,1773340200,3126391145,3027322939,2721737499,2950926579,False,1102101666,0.031687719611936144
1369,1773342000,3234095833,3110828723,2898321733,3057701975,False,1102101666,0.038114860030494344
1370,1773343800,3414838333,3308969167,2975189867,3225524342,False,1102101666,0.031002687587553212
1371,1773345600,3540186875,3453585111,3101995031,3365687591,False,1102101666,0.024462483777780798
1372,1773347400,3630026562,3679464807,3234938607,3568333257,False,1102101666,0.01361925158276569
1373,1773349200,3659188750,3799189815,3372847355,3692604200,False,1102101666,0.03826013757830885
1374,1773351000,3557650208,3730210969,3413717019,3651087482,False,1102101666,0.048504139224246075
1375,1773352800,3439432812,3544222957,3297575517,3482561097,False,1102101666,0.0304672749048601
1376,1773354600,3205779375,3324642652,3050559252,3256121802,False,1102101666,0.037077809510830735
1377,1773356400,2863956250,2960503702,2656402552,2884478414,False,1102101666,0.03371121748106313
1378,1773358200,2521500833,2605887044,2332749024,2537602539,False,1102101666,0.03346665997313989
1379,1773360000,2134388541,2222993822,1785625372,2113651710,False,1102101666,0.04151319185703968
1380,1773361800,1786076250,1814738132,1509152692,1738341772,False,1102101666,0.01604740111179464
1381,1773363600,1490687812,1516189075,1303682085,1463062328,False,1102101666,0.017107044677440484
1382,1773365400,1481860520,1285502988,951723688,1202058163,False,1102101666,0.13250743194103046
1383,1773367200,1270455520,1135308879,783718799,1047411359,False,1102101666,0.1063765231229819
1384,1773369000,1172394791,1046090500,601564300,934958950,False,1102101666,0.10773187664222572
1385,1773370800,1177924791,1029100974,602758514,922515359,False,1102101666,0.12634407403350084
1386,1773372600,1280527187,1130027074,813533124,1050903586,False,1102101666,0.11752980688570105
1387,1773374400,1446085625,901834860,655187420,840173000,False,1102101666,0.3763613686430221
1388,1773376200,2004524895,1131798849,857715449,1063277999,False,1102101666,0.43537800312527425
1389,1773378000,1776651979,1457595875,1153494725,1381570588,False,1102101666,0.17958278141765432
1390,1773379800,1962600729,1977512931,1704374911,1909228426,False,1102101666,0.0075981842764310924
1391,1773381600,2468365625,2202546843,1765178393,2093204731,False,1102101666,0.10769019763836649
1392,1773383400,2595343750,2805456647,2499871207,2729060287,False,1102101666,0.08095763692189137
1393,1773385200,3259371354,2661345486,2448838496,2608218739,False,1102101666,0.18347889916443072
1394,1773387000,3154749270,3068518447,2734739147,2985073622,False,1102101666,0.027333653365105622
1395,1773388800,3419786458,3252414137,2900824057,3164516617,False,1102101666,0.0489423310652808
1396,1773390600,3557615624,3434376390,2989850190,3323244840,False,1102101666,0.0346409637872672
1397,1773392400,3845491458,3609150100,3182807640,3502564485,False,1102101666,0.06145933766367503
1398,1773394200,3626832916,3661657597,3345163647,3582534109,False,1102101666,0.009601953496773657
1399,1773396000,3569693958,3576413459,3329766019,3514751599,False,1102101666,0.0018823745338003006
1400,1773397800,3625052395,3555156129,3281072729,3486635279,False,1102101666,0.019281449861637105
1401,1773399600,3504627500,3766262130,3462160980,3690236843,False,1102101666,0.07465404811210322
1402,1773401400,3416026458,3244407469,2971269449,3176122964,False,1102101666,0.050239361758479685
1403,1773403200,3171306250,3351976635,2914608185,3242634523,False,1102101666,0.05697033675003794
1404,1773405000,2867654791,3007253597,2701668157,2930857237,False,1102101666,0.048680478012250394
1405,1773406800,2755081666,2960639843,2748132853,2907513095,False,1102101666,0.07461055675291188
1406,1773408600,2791916875,2665299456,2331520156,2581854631,False,1102101666,0.0453514286667292
1407,1773410400,3024084583,2883180630,2531590550,2795283110,False,1102101666,0.04659391929448555
1408,1773412200,2893221979,2829916961,2385390761,2718785411,False,1102101666,0.021880456618776432
1409,1773414000,2893406770,2755937980,2329595520,2649352365,False,1102101666,0.04751104871438453
1410,1773415800,2837493437,2838054206,2521560256,2758930719,False,1102101666,0.0001976282985143694
1411,1773417600,3088764791,2801878604,2555231164,2740216744,False,1102101666,0.09288055465923627
1412,1773419400,2865856874,2843128326,2569044926,2774607476,False,1102101666,0.007930803595322883
1413,1773421200,2787564375,2718069137,2413967987,2642043849,False,1102101666,0.024930451337110377
1414,1773423000,2873104583,2768786301,2495648281,2700501796,False,1102101666,0.03630855716747851
1415,1773424800,2968535208,2688710133,2251341683,2579368020,False,1102101666,0.09426368743947874
1416,1773426600,3039338229,2992696556,2687111116,2916300196,False,1102101666,0.015345996228707325
1417,1773428400,3097088541,3072112818,2859605828,3018986070,False,1102101666,0.008064258631732803
1418,1773430200,3222282083,3300850286,2967070986,3217405461,False,1102101666,0.02438278244307266
1419,1773432000,3346582604,3490949526,3139359446,3403052006,False,1102101666,0.043138610063724575
1420,1773433800,3464101562,3810938141,3366411941,3699806591,False,1102101666,0.10012309766107257
1421,1773435600,3455603541,3912104048,3485761588,3805518433,True,1102101666,0.13210442158185068
1422,1773437400,3375160729,3924947245,3608453295,3845823758,True,1102101666,0.1628919509746998
1423,1773439200,3241997708,3700256185,3453608745,3638594325,True,1102101666,0.14135064804925518
1424,1773441000,3052865312,3489891558,3215808158,3421370708,True,1102101666,0.14315280935656294
1425,1773442800,2747004791,3080044235,2775943085,3004018948,True,1102101666,0.12123730001896454
1426,1773444600,2466520833,2756572746,2483434726,2688288241,True,1102101666,0.11759556583481734
1427,1773446400,2118650312,2340548652,1903180202,2231206539,False,1102101666,0.1047357077962189
1428,1773448200,1817291354,1898072236,1592486796,1821675876,False,1102101666,0.04445125533789339
1429,1773450000,1567740520,1683261732,1470754742,1630134984,False,1102101666,0.07368643632429683
1430,1773451800,1385248854,1429857211,1096077911,1346412386,False,1102101666,0.03220241393536644
1431,1773453600,1248875625,1259262794,907672714,1171365274,False,1102101666,0.00831721653627438
1432,1773455400,1208400520,1154060408,709534208,1042928858,False,1102101666,0.04496862679271273
1433,1773457200,1218269062,1115082606,688740146,1008496991,False,1102101666,0.08469923370671625
1434,1773459000,1305346770,852680668,536186718,773557180,False,1102101666,0.3467784288461525
1435,1773460800,1455980937,964324595,717677155,902662735,False,1102101666,0.3376804802218369
1436,1773462600,1807110729,1206547539,932464139,1138026689,False,1102101666,0.3323333652788025
1437,1773464400,2006175000,1257625247,953524097,1181599959,False,1102101666,0.3731228596707665
1438,1773466200,1861985520,1799123439,1525985419,1730838934,False,1102101666,0.03376077865524969
1439,1773468000,2090673020,2108849440,1671480990,1999507327,False,1102101666,0.008694052023496242
