,timestamp,observed,predicted,threshold,norm_threshold,alertable,baseline,model_relative_error
0,1770877800,5859927708,5379406265,4769685365,5226976040,False,1949353697,0.0820012578557906
1,1770879600,6007866458,5954160426,5543848426,5851582426,False,1949353697,0.008939285248007755
2,1770881400,6075498229,6135457585,5643031855,6012351152,False,1949353697,0.009869043449605127
3,1770883200,6052762500,6156940473,5649670653,6030123018,False,1949353697,0.017211640635164522
4,1770885000,5920573437,6186474090,5680081320,6059875897,False,1949353697,0.044911300540295955
5,1770886800,5929861875,6136954686,5571114386,5995494611,False,1949353697,0.034923715824325165
6,1770888600,5814568229,6081750595,5545027615,5947569850,False,1949353697,0.04595050835717006
7,1770890400,5737559375,6018440462,5633010732,5922083030,False,1949353697,0.048954802668164106
8,1770892200,5607481770,5935521579,5625562279,5858031754,True,1949353697,0.058500379039127935
9,1770894000,5472721250,5810418113,5469431913,5725171563,False,1949353697,0.061705474767237596
10,1770895800,5314915937,5663781939,5185879439,5544306314,False,1949353697,0.06563904417967467
11,1770897600,5250026041,5490871597,5163984427,5409149805,False,1949353697,0.04587511645068429
12,1770899400,5112690624,5270219612,4660498712,5117789387,False,1949353697,0.030811367161652062
13,1770901200,4974752083,5245982916,4835670916,5143404916,False,1949353697,0.05452147734695466
14,1770903000,4837549479,5118693957,4626268227,4995587524,False,1949353697,0.058117127115796884
15,1770904800,4699050000,4989750519,4482480699,4862933064,False,1949353697,0.06186367861589045
16,1770906600,4509379895,4850560519,4344167749,4723962327,False,1949353697,0.07566020870814212
17,1770908400,4381043541,4615146040,4049305740,4473685965,False,1949353697,0.053435328092303024
18,1770910200,4253907604,4426812289,3890089309,4292631544,False,1949353697,0.04064608381183824
19,1770912000,4297215625,4312683332,3927253602,4216325899,False,1949353697,0.0035994719254982695
20,1770913800,4366653750,4313600727,4003641427,4236110902,False,1949353697,0.012149583190560965
21,1770915600,4442415208,4352982706,4011996506,4267736156,False,1949353697,0.02013150455611352
22,1770917400,4579950520,4418069372,3940166872,4298593747,False,1949353697,0.03534561067703413
23,1770919200,4860859687,4521016976,4194129806,4439295184,False,1949353697,0.06991411661375117
24,1770921000,5082246041,4720418373,4110697473,4567988148,False,1949353697,0.07119444141055507
25,1770922800,5170562291,5044578498,4634266498,4942000498,False,1949353697,0.024365588481409517
26,1770924600,5170623437,5111164121,4618738391,4988057688,False,1949353697,0.01149944812738062
27,1770926400,4944695833,5319313285,4812043465,5192495830,False,1949353697,0.07576147545818113
28,1770928200,4636646874,5003546303,4497153533,4876948110,False,1949353697,0.07913033685126826
29,1770930000,4242414270,4715319633,4149479333,4573859558,False,1949353697,0.11147081187806772
30,1770931800,3767063541,4214857651,3678134671,4080676906,False,1949353697,0.11887086722225268
31,1770933600,3445342395,3881577232,3496147502,3785219800,True,1949353697,0.12661581549429718
32,1770935400,2967843958,3588283166,3278323866,3510793341,True,1949353697,0.2090538508022193
33,1770937200,2525011145,3417447539,3076461339,3332200989,True,1949353697,0.35343859601063266
34,1770939000,2320408854,3169717848,2691815348,3050242223,True,1949353697,0.36601695969912035
35,1770940800,2165384687,2961582534,2634695364,2879860741,True,1949353697,0.36769348734200225
36,1770942600,2041584895,2724651678,2114930778,2572221453,True,1949353697,0.3345767225614196
37,1770944400,1969989375,2586934941,2176622941,2484356941,True,1949353697,0.3131720271333951
38,1770946200,1948479166,2405196816,1912771086,2282090383,False,1949353697,0.23439698918494878
39,1770948000,1983460625,2278988587,1771718767,2152171132,False,1949353697,0.14899613245410404
40,1770949800,2098630416,2250690255,1744297485,2124092062,False,1949353697,0.07245670216189223
41,1770951600,2357236145,2293155672,1727315372,2151695597,False,1949353697,0.027184579337086314
42,1770953400,2730204479,2388010360,1851287380,2253829615,False,1949353697,0.1253364433441031
43,1770955200,3273574479,2700717235,2315287505,2604359802,False,1949353697,0.1749944128886887
44,1770957000,3995084375,3368822757,3058863457,3291332932,False,1949353697,0.15675804544178118
45,1770958800,4532329166,4022687132,3681700932,3937440582,False,1949353697,0.11244594453182309
46,1770960600,4882588541,4534231716,4056329216,4414756091,False,1949353697,0.07134675020735072
47,1770962400,5352791145,4915343279,4588456109,4833621487,False,1949353697,0.08172332044163849
48,1770964200,5895986458,5323277191,4713556291,5170846966,False,1949353697,0.09713544477750902
49,1770966000,6142738541,5950442263,5540130263,5847864263,False,1949353697,0.03130464966342119
50,1770967800,6164461458,6154773850,5662348120,6031667418,False,1949353697,0.0015715254391651353
51,1770969600,6120689270,6190038459,5682768639,6063221004,False,1949353697,0.011330290746813226
52,1770971400,5984702916,6182566296,5676173526,6055968103,False,1949353697,0.03306152081016681
53,1770973200,5931920208,6062261112,5496420812,5920801037,False,1949353697,0.02197280129024959
54,1770975000,5828074166,6004051241,5467328261,5869870496,False,1949353697,0.030194721272872697
55,1770976800,5732232291,5907519182,5522089452,5811161750,False,1949353697,0.030579167434511074
56,1770978600,5551270833,5808795665,5498836365,5731305840,False,1949353697,0.04639024824173986
57,1770980400,5401663020,5695767356,5354781156,5610520806,False,1949353697,0.05444699806542171
58,1770982200,5186630520,5536107693,5058205193,5416632068,False,1949353697,0.0673803872576603
59,1770984000,5123186458,5338480323,5011593153,5256758530,False,1949353697,0.04202342951305482
60,1770985800,5071622916,5191411069,4581690169,5038980844,False,1949353697,0.023619294057153045
61,1770987600,4927078125,5137852637,4727540637,5035274637,False,1949353697,0.04277880452727751
62,1770989400,4749027916,4996293361,4503867631,4873186929,False,1949353697,0.05206653853664144
63,1770991200,4536549687,4823723253,4316453433,4696905798,False,1949353697,0.06330219788464536
64,1770993000,4328248541,4656416581,4150023811,4529818389,False,1949353697,0.07582005443804296
65,1770994800,4212677083,4420388243,3854547943,4278928168,False,1949353697,0.049306214529997006
66,1770996600,4143117708,4302265321,3765542341,4168084576,False,1949353697,0.038412525111874034
67,1770998400,4213294166,4225141671,3839711941,4128784238,False,1949353697,0.0028119339721412655
68,1771000200,4272469791,4271495208,3961535908,4194005383,False,1949353697,0.00022810763976680858
69,1771002000,4348733333,4281731975,3940745775,4196485425,False,1949353697,0.015407097393525096
70,1771003800,4447655208,4334259991,3856357491,4214784366,False,1949353697,0.02549550531615759
71,1771005600,4622948125,4421712694,4094825524,4339990902,False,1949353697,0.04352967534110065
72,1771007400,4812247395,4665118536,4055397636,4512688311,False,1949353697,0.03057383524231717
73,1771009200,4931294479,4805563466,4395251466,4702985466,False,1949353697,0.02549655339696861
74,1771011000,5017079895,4902876624,4410450894,4779770191,False,1949353697,0.02276289662315613
75,1771012800,4919981562,5005663116,4498393296,4878845661,False,1949353697,0.01741501526383159
76,1771014600,4607111250,4877442421,4371049651,4750844229,False,1949353697,0.0586769357913812
77,1771016400,4233731249,4699724121,4133883821,4558264046,False,1949353697,0.11006671056649302
78,1771018200,3812686979,4341909571,3805186591,4207728826,False,1949353697,0.13880567560749654
79,1771020000,3448014270,3971726167,3586296437,3875368735,True,1949353697,0.15188797260981174
80,1771021800,3135586458,3619827763,3309868463,3542337938,True,1949353697,0.15443404654479473
81,1771023600,2731879166,3415303109,3074316909,3330056559,True,1949353697,0.2501662414303137
82,1771025400,2547059062,3086361163,2608458663,2966885538,True,1949353697,0.21173521613453658
83,1771027200,2410636979,2871565988,2544678818,2789844196,True,1949353697,0.19120631310949454
84,1771029000,2247171354,2675823021,2066102121,2523392796,False,1949353697,0.19075166040942687
85,1771030800,2199649791,2600712682,2190400682,2498134682,False,1949353697,0.1823303385115999
86,1771032600,2135652916,2458165282,1965739552,2335058849,False,1949353697,0.15101347395158848
87,1771034400,2112534791,2383440069,1876170249,2256622614,False,1949353697,0.1282370729013002
88,1771036200,2172617708,2336567459,1830174689,2209969266,False,1949353697,0.0754618497291563
89,1771038000,2266519791,2313152246,1747311946,2171692171,False,1949353697,0.02057447509841753
90,1771039800,2457333229,2381865887,1845142907,2247685142,False,1949353697,0.030711073740174455
91,1771041600,2880621354,2535115049,2149685319,2438757617,False,1949353697,0.11994158986575366
92,1771043400,3597264270,2917437023,2607477723,2839947198,False,1949353697,0.18898451600276786
93,1771045200,4261954583,3607087643,3266101443,3521841093,False,1949353697,0.15365413385964277
94,1771047000,4794341354,4220996910,3743094410,4101521285,False,1949353697,0.1195877393088936
95,1771048800,5273671562,4708367113,4381479943,4626645320,False,1949353697,0.10719371548910273
96,1771050600,5524785104,5244625379,4634904479,5092195154,False,1949353697,0.05070961489473347
97,1771052400,5595856874,5475234630,5064922630,5372656630,False,1949353697,0.021555634233685728
98,1771054200,5596588541,5689772910,5197347180,5566666478,False,1949353697,0.01665020901882306
99,1771056000,5567509375,5764239315,5256969495,5637421860,False,1949353697,0.03533535855069844
100,1771057800,5486176041,5769926970,5263534200,5643328778,False,1949353697,0.051721076188484635
101,1771059600,5419759791,5692871188,5127030888,5551411113,False,1949353697,0.05039178995599143
102,1771061400,5341698958,5624134885,5087411905,5489954140,False,1949353697,0.05287380086760778
103,1771063200,5288119791,5531951290,5146521560,5435593858,False,1949353697,0.046109299455542534
104,1771065000,5227301562,5491993008,5182033708,5414503183,False,1949353697,0.05063634513152658
105,1771066800,5151513541,5426205976,5085219776,5340959426,False,1949353697,0.053322665817292475
106,1771068600,5017839583,5324182902,4846280402,5204707277,False,1949353697,0.06105083949631716
107,1771070400,4908806458,5158885245,4831998075,5077163453,False,1949353697,0.05094492706927579
108,1771072200,4813720833,4978465401,4368744501,4826035176,False,1949353697,0.034223955587662974
109,1771074000,4690451041,4937161788,4526849788,4834583788,False,1949353697,0.0525985123484844
110,1771075800,4649112187,4863001236,4370575506,4739894803,False,1949353697,0.046006428839915625
111,1771077600,4592455208,4780999849,4273730029,4654182394,False,1949353697,0.041055303200683936
112,1771079400,4533895833,4719365858,4212973088,4592767665,False,1949353697,0.04090742968774334
113,1771081200,4519817395,4659359159,4093518859,4517899084,False,1949353697,0.030873318943010087
114,1771083000,4530495833,4642321522,4105598542,4508140777,False,1949353697,0.02468288088589883
115,1771084800,4577094270,4680697844,4295268114,4584340411,False,1949353697,0.02263522835416715
116,1771086600,4527786145,4731560416,4421601116,4654070591,False,1949353697,0.04500527729760965
117,1771088400,4639140625,4738809445,4397823245,4653562895,False,1949353697,0.021484328253144946
118,1771090200,4618885416,4879597434,4401694934,4760121809,False,1949353697,0.05644479014285207
119,1771092000,4800565208,4706192297,4379305127,4624470505,False,1949353697,0.019658708279335593
120,1771093800,4932997604,5026191501,4416470601,4873761276,False,1949353697,0.018891940455116427
121,1771095600,4864709791,5054196582,4643884582,4951618582,False,1949353697,0.03895130421768668
122,1771097400,4900365312,5161739785,4669314055,5038633353,False,1949353697,0.05333775266916264
123,1771099200,4734940104,5276793615,4769523795,5149976160,True,1949353697,0.11443724716649552
124,1771101000,4504955625,5155473277,4649080507,5028875085,True,1949353697,0.14440045721871012
125,1771102800,4158792708,4855368982,4289528682,4713908907,True,1949353697,0.16749482912674185
126,1771104600,3729858749,4481166144,3944443164,4346985399,True,1949353697,0.20143052205433531
127,1771106400,3376672708,4035691223,3650261493,3939333790,True,1949353697,0.19516801656217847
128,1771108200,3108837187,3664659219,3354699919,3587169394,True,1949353697,0.17878775843400255
129,1771110000,2831208854,3397567423,3056581223,3312320873,True,1949353697,0.20004125382690682
130,1771111800,2629145000,3127387919,2649485419,3007912294,True,1949353697,0.1895075847851678
131,1771113600,2421089375,2903177060,2576289890,2821455268,True,1949353697,0.19912015226616736
132,1771115400,2264407291,2653392733,2043671833,2500962508,False,1949353697,0.17178245430759834
133,1771117200,2211427500,2496172876,2085860876,2393594876,False,1949353697,0.12876089132472124
134,1771119000,2152203541,2344133846,1851708116,2221027413,False,1949353697,0.0891785099985578
135,1771120800,2100565208,2267115128,1759845308,2140297673,False,1949353697,0.07928814557419823
136,1771122600,2129031041,2208299327,1701906557,2081701135,False,1949353697,0.03723209501105625
137,1771124400,2191063750,2210753214,1644912914,2069293139,False,1949353697,0.008986257930651265
138,1771126200,2282620104,2221210017,1684487037,2087029272,False,1949353697,0.026903332224397163
139,1771128000,2594860416,2364868903,1979439173,2268511471,False,1949353697,0.08863348162462392
140,1771129800,3174719583,2740809249,2430849949,2663319424,False,1949353697,0.13667674345901434
141,1771131600,3860462916,3312184385,2971198185,3226937835,False,1949353697,0.1420240377721582
142,1771133400,4532960416,4150813063,3672910563,4031337438,False,1949353697,0.08430414517875198
143,1771135200,5065881041,4605103512,4278216342,4523381719,False,1949353697,0.09095703694397114
144,1771137000,5377165104,5051564138,4441843238,4899133913,False,1949353697,0.060552532738447976
145,1771138800,5522294479,5432620576,5022308576,5330042576,False,1949353697,0.016238522473042496
146,1771140600,5524586875,5539624640,5047198910,5416518208,False,1949353697,0.0027219709528054077
147,1771142400,5458567916,5542584226,5035314406,5415766771,False,1949353697,0.01539163958256043
148,1771144200,5420741666,5461321728,4954928958,5334723535,False,1949353697,0.007486071925272965
149,1771146000,5431378645,5379018084,4813177784,5237558009,False,1949353697,0.009640381277450046
150,1771147800,5443060416,5332685898,4795962918,5198505153,False,1949353697,0.020278025515857143
151,1771149600,5441325000,5280059337,4894629607,5183701905,False,1949353697,0.029637204724952102
152,1771151400,5416103645,5254706422,4944747122,5177216597,False,1949353697,0.029799507834196923
153,1771153200,5360307291,5208175799,4867189599,5122929249,False,1949353697,0.028381113943864753
154,1771155000,5290895833,5140578301,4662675801,5021102676,False,1949353697,0.02841060129410414
155,1771156800,5247790000,5052297470,4725410300,4970575677,False,1949353697,0.037252353848000776
156,1771158600,5144654895,5049245579,4439524679,4896815354,False,1949353697,0.018545328685258683
157,1771160400,5038481562,4859944330,4449632330,4757366330,False,1949353697,0.035434729650797914
158,1771162200,4907939583,4753761905,4261336175,4630655473,False,1949353697,0.031413931527200706
159,1771164000,4777485416,4674806772,4167536952,4547989317,False,1949353697,0.02149219412708721
160,1771165800,4758665208,4609397056,4103004286,4482798863,False,1949353697,0.03136765153158049
161,1771167600,4767996875,4588858173,4023017873,4447398098,False,1949353697,0.0375710611177781
162,1771169400,4700525625,4641273248,4104550268,4507092503,False,1949353697,0.012605478988320588
163,1771171200,4784150000,4652103427,4266673697,4555745995,False,1949353697,0.027600842991963043
164,1771173000,4731489583,4824302357,4514343057,4746812532,False,1949353697,0.019615973441740535
165,1771174800,4812342291,4697782536,4356796336,4612535986,False,1949353697,0.023805404535385738
166,1771176600,4999828750,4662582507,4184680007,4543106882,False,1949353697,0.06745155881588945
167,1771178400,5158801041,4720775290,4393888120,4639053498,False,1949353697,0.08490844045326694
168,1771180200,5381787500,4835434175,4225713275,4683003950,False,1949353697,0.10151893306824174
169,1771182000,5370506250,5111633712,4701321712,5009055712,False,1949353697,0.048202632293743254
170,1771183800,5272722916,5181233185,4688807455,5058126752,False,1949353697,0.017351515044034604
171,1771185600,4973615416,5297673596,4790403776,5170856141,False,1949353697,0.06515545591995567
172,1771187400,4543885000,5042892341,4536499571,4916294148,False,1949353697,0.10981953570567918
173,1771189200,4043599375,4669779106,4103938806,4528319031,True,1949353697,0.15485701547770173
174,1771191000,3575054374,4293062746,3756339766,4158882001,True,1949353697,0.20083844800286105
175,1771192800,3188627395,3853739615,3468309885,3757382183,True,1949353697,0.20858888092191155
176,1771194600,2856935312,3526473567,3216514267,3448983742,True,1949353697,0.2343554130146857
177,1771196400,2476492291,3328772936,2987786736,3243526386,True,1949353697,0.3441483133613356
178,1771198200,2262335416,3038993868,2561091368,2919518243,True,1949353697,0.34329942700238397
179,1771200000,2103077812,2780568758,2453681588,2698846966,True,1949353697,0.3221425960248778
180,1771201800,1990717083,2494409736,1884688836,2341979511,False,1949353697,0.2530207116326836
181,1771203600,1958957916,2389432468,1979120468,2286854468,True,1949353697,0.2197467074121668
182,1771205400,1926069062,2182950639,1690524909,2059844207,False,1949353697,0.13337090661393947
183,1771207200,1921618958,2127367976,1620098156,2000550521,False,1949353697,0.1070706641102986
184,1771209000,2066588750,2070382500,1563989730,1943784307,False,1949353697,0.0018357546947838559
185,1771210800,2271623229,2105476504,1539636204,1964016429,False,1949353697,0.07314008893681725
186,1771212600,2583544791,2235507381,1698784401,2101326636,False,1949353697,0.13471313182276468
187,1771214400,3047062395,2527505135,2142075405,2431147703,False,1949353697,0.17051087002765494
188,1771216200,3678986979,3061792472,2751833172,2984302647,False,1949353697,0.16776207975809745
189,1771218000,4140579687,3743876996,3402890796,3658630446,False,1949353697,0.09580849083656338
190,1771219800,4565384791,4262322354,3784419854,4142846729,False,1949353697,0.06638267109432791
191,1771221600,5139662500,4664128961,4337241791,4582407169,False,1949353697,0.09252232787658722
192,1771223400,5783408854,5146692729,4536971829,4994262504,False,1949353697,0.11009356956661048
193,1771225200,6061067708,5783770830,5373458830,5681192830,False,1949353697,0.045750499971151284
194,1771227000,6109418125,6025910160,5533484430,5902803727,False,1949353697,0.013668726430473278
195,1771228800,6118129479,6081427406,5574157586,5954609951,False,1949353697,0.005998904260849168
196,1771230600,6037126354,6079528506,5573135736,5952930313,False,1949353697,0.00702356543720602
197,1771232400,5994331875,5998562001,5432721701,5857101926,False,1949353697,0.0007056876543059271
198,1771234200,5936444166,5983833830,5447110850,5849653085,False,1949353697,0.007982836640057434
199,1771236000,5902784687,5935910035,5550480305,5839552603,False,1949353697,0.005611817092524758
200,1771237800,5772817916,5881643843,5571684543,5804154018,False,1949353697,0.018851439380822486
201,1771239600,5702005208,5731534214,5390548014,5646287664,False,1949353697,0.00517870554705393
202,1771241400,5540095520,5629636773,5151734273,5510161148,False,1949353697,0.01616240237677346
203,1771243200,5469053125,5418589852,5091702682,5336868060,False,1949353697,0.009227058477330114
204,1771245000,5362343437,5374954067,4765233167,5222523842,False,1949353697,0.0023517012940624154
205,1771246800,5238748958,5124275051,4713963051,5021697051,False,1949353697,0.021851382442212457
206,1771248600,5154557291,5063821383,4571395653,4940714951,False,1949353697,0.017603045785993574
207,1771250400,5071121875,4986531050,4479261230,4859713595,False,1949353697,0.0166808897685978
208,1771252200,4868185937,4774974155,4268581385,4648375963,False,1949353697,0.01914712856211104
209,1771254000,4717248229,4556071009,3990230709,4414610934,False,1949353697,0.03416763591306019
210,1771255800,4603567083,4317644947,3780921967,4183464202,False,1949353697,0.06210882362415224
211,1771257600,4640982916,4178680968,3793251238,4082323535,False,1949353697,0.09961293897596411
212,1771259400,4707575000,4220425114,3910465814,4142935289,False,1949353697,0.10348212954652873
213,1771261200,4824128958,4536330614,4195344414,4451084064,False,1949353697,0.059658095068693226
214,1771263000,5019028541,4628177781,4150275281,4508702156,False,1949353697,0.07787378708990689
215,1771264800,5282333333,4727007134,4400119964,4645285342,False,1949353697,0.10512895797975194
216,1771266600,5454008958,4910810204,4301089304,4758379979,False,1949353697,0.09959623428986675
217,1771268400,5530031875,5155014901,4744702901,5052436901,False,1949353697,0.06781461345555083
218,1771270200,5464307291,5146698506,4654272776,5023592074,False,1949353697,0.05812425401534761
219,1771272000,5132503125,5242821382,4735551562,5116003927,False,1949353697,0.021494045753747106
220,1771273800,4646666458,4943100091,4436707321,4816501898,False,1949353697,0.06379490236266921
221,1771275600,4052844791,4724258071,4158417771,4582797996,True,1949353697,0.165664691006915
222,1771277400,3567569270,4317903551,3781180571,4183722806,True,1949353697,0.2103208723400625
223,1771279200,3172532708,3880889968,3495460238,3784532535,True,1949353697,0.22327815824050443
224,1771281000,2846432708,3540592115,3230632815,3463102290,True,1949353697,0.2438699516939362
225,1771282800,2462548958,3478774365,3137788165,3393527815,True,1949353697,0.4126721638157173
226,1771284600,2237631250,3186265053,2708362553,3066789428,True,1949353697,0.42394554643442706
227,1771286400,2133848645,2970294075,2643406905,2888572283,True,1949353697,0.3919891094243941
228,1771288200,2033479583,2604003819,1994282919,2451573594,False,1949353697,0.28056550986280543
229,1771290000,2013012812,2483956748,2073644748,2381378748,True,1949353697,0.23394979564591067
230,1771291800,1996430208,2252998777,1760573047,2129892345,False,1949353697,0.12851366803201567
231,1771293600,2023167187,2117007890,1609738070,1990190435,False,1949353697,0.04638306888475648
232,1771295400,2140031458,2072660232,1566267462,1946062039,False,1949353697,0.0314814185315588
233,1771297200,2371606666,2128651533,1562811233,1987191458,False,1949353697,0.10244326619716121
234,1771299000,2714132708,2278312000,1741589020,2144131255,False,1949353697,0.16057457570715072
235,1771300800,3234635833,2661104236,2275674506,2564746804,False,1949353697,0.17730947983349074
236,1771302600,3874011875,3173912828,2863953528,3096423003,False,1949353697,0.18071680459162248
237,1771304400,4386632291,3828003400,3487017200,3742756850,False,1949353697,0.12734800957584982
238,1771306200,4770627083,4302864804,3824962304,4183389179,False,1949353697,0.09805048075689214
239,1771308000,5314354479,4703123396,4376236226,4621401603,False,1949353697,0.11501511339059474
240,1771309800,5905384375,5077164763,4467443863,4924734538,False,1949353697,0.14024821407158616
241,1771311600,6140022708,5711229080,5300917080,5608651080,False,1949353697,0.06983583748661276
242,1771313400,6156545833,5873891772,5381466042,5750785340,False,1949353697,0.045911143791853584
243,1771315200,6097030625,5922993945,5415724125,5796176490,False,1949353697,0.02854449824909646
244,1771317000,6003536458,5922056845,5415664075,5795458652,False,1949353697,0.013571936069685146
245,1771318800,6012886770,5853669224,5287828924,5712209149,False,1949353697,0.026479385375154835
246,1771320600,5952515208,5817433167,5280710187,5683252422,False,1949353697,0.02269327104254246
247,1771322400,5906800833,5731428047,5345998317,5635070614,False,1949353697,0.029689977867584552
248,1771324200,5741608958,5659279072,5349319772,5581789247,False,1949353697,0.014339166356024067
249,1771326000,5673261041,5513522389,5172536189,5428275839,False,1949353697,0.028156407901132573
250,1771327800,5524591979,5399256645,4921354145,5279781020,False,1949353697,0.022686803745221886
251,1771329600,5405924687,5190964233,4864077063,5109242440,False,1949353697,0.0397638639911004
252,1771331400,5284048958,5235868335,4626147435,5083438110,False,1949353697,0.009118125774942904
253,1771333200,5153250000,4991870532,4581558532,4889292532,False,1949353697,0.03131605646921846
254,1771335000,5043727083,4859563619,4367137889,4736457186,False,1949353697,0.0365133681837638
255,1771336800,4957167708,4764411497,4257141677,4637594042,False,1949353697,0.038884343309371044
256,1771338600,4785490833,4672341666,4165948896,4545743473,False,1949353697,0.023644213508829847
257,1771340400,4641995000,4497697147,3931856847,4356237072,False,1949353697,0.03108530987215626
258,1771342200,4518538333,4350421483,3813698503,4216240738,False,1949353697,0.037206024959930334
259,1771344000,4577063333,4210060298,3824630568,4113702866,False,1949353697,0.08018307991369888
260,1771345800,4652533125,4204060155,3894100855,4126570330,False,1949353697,0.09639328897846375
261,1771347600,4791540625,4261917095,3920930895,4176670545,False,1949353697,0.11053303549941206
262,1771349400,5001931979,4369386952,3891484452,4249911327,False,1949353697,0.12646014173236722
263,1771351200,5252858333,4444016392,4117129222,4362294600,False,1949353697,0.15398129736692445
264,1771353000,5457603958,4754349909,4144629009,4601919684,False,1949353697,0.12885765519301537
265,1771354800,5487765625,4885058731,4474746731,4782480731,False,1949353697,0.10982737514414166
266,1771356600,5383152083,4961083034,4468657304,4837976601,False,1949353697,0.07840555913939243
267,1771358400,5014527604,5121330565,4614060745,4994513110,False,1949353697,0.02129870835984733
268,1771360200,4578394479,4979266221,4472873451,4852668028,False,1949353697,0.08755727446350522
269,1771362000,4041488541,4690581148,4124740848,4549121073,True,1949353697,0.16060731099818798
270,1771363800,3524595104,4139951387,3603228407,4005770642,True,1949353697,0.17458921233296928
271,1771365600,3134274895,3824886002,3439456272,3728528570,True,1949353697,0.22034158781085472
272,1771367400,2839233437,3325203949,3015244649,3247714124,True,1949353697,0.17116257707696192
273,1771369200,2393580833,3087049918,2746063718,3001803368,True,1949353697,0.2897203534717643
274,1771371000,2231950000,2686195262,2208292762,2566719637,False,1949353697,0.20351946145746994
275,1771372800,2116340208,2588384877,2261497707,2506663084,True,1949353697,0.22304763062933783
276,1771374600,1997311145,2549810738,1940089838,2397380513,False,1949353697,0.2766216943129309
277,1771376400,1935469791,2362692661,1952380661,2260114661,True,1949353697,0.22073342192505446
278,1771378200,1825155625,2251137659,1758711929,2128031226,False,1949353697,0.23339491063946943
279,1771380000,1820914375,2117049010,1609779190,1990231555,False,1949353697,0.16262963215939244
280,1771381800,2021588125,2113841090,1607448320,1987242898,False,1949353697,0.045633907252992004
281,1771383600,2282391770,2135313067,1569472767,1993852992,False,1949353697,0.06444060346397061
282,1771385400,2698402604,2291913793,1755190813,2157733048,False,1949353697,0.15064053466203964
283,1771387200,3247627395,2693346499,2307916769,2596989067,False,1949353697,0.17067256448611157
284,1771389000,3882604166,3282148476,2972189176,3204658651,False,1949353697,0.1546528217473715
285,1771390800,4370692708,3829644932,3488658732,3744398382,False,1949353697,0.12378993723573394
286,1771392600,4753047916,4302845971,3824943471,4183370346,False,1949353697,0.09471857910047629
287,1771394400,5335994791,4728453989,4401566819,4646732196,False,1949353697,0.11385708303627165
288,1771396200,5948439583,5084524147,4474803247,4932093922,False,1949353697,0.14523395992269592
289,1771398000,6187067395,5642629464,5232317464,5540051464,False,1949353697,0.08799612097970366
290,1771399800,6238415625,5861951998,5369526268,5738845566,False,1949353697,0.06034603168973693
291,1771401600,6190669166,6033444532,5526174712,5906627077,False,1949353697,0.025397033791354762
292,1771403400,6128134374,6038853838,5532461068,5912255646,False,1949353697,0.014568958601624814
293,1771405200,6133096250,6032416580,5466576280,5890956505,False,1949353697,0.016415798137849213
294,1771407000,6041560937,6016433282,5479710302,5882252537,False,1949353697,0.0041591329231013925
295,1771408800,5905778125,5948944670,5563514940,5852587237,False,1949353697,0.0073092053386275835
296,1771410600,5746295833,5890566683,5580607383,5813076858,False,1949353697,0.025106756455432915
297,1771412400,5635720520,5696417655,5355431455,5611171105,False,1949353697,0.010770075411759417
298,1771414200,5414640625,5544737377,5066834877,5425261752,False,1949353697,0.024026848873280486
299,1771416000,5326164999,5358498557,5031611387,5276776764,False,1949353697,0.0060707015284112865
300,1771417800,5187551041,5284466598,4674745698,5132036373,False,1949353697,0.018682333192295234
301,1771419600,5062058750,5115920147,4705608147,5013342147,False,1949353697,0.010640215702751376
302,1771421400,4962855208,4988492592,4496066862,4865386160,False,1949353697,0.00516585371232938
303,1771423200,4870275208,4897601495,4390331675,4770784040,False,1949353697,0.0056108301549599
304,1771425000,4720911979,4800133106,4293740336,4673534914,False,1949353697,0.0167808947407617
305,1771426800,4605604166,4621322217,4055481917,4479862142,False,1949353697,0.0034128097929117603
306,1771428600,4480416666,4484696328,3947973348,4350515583,False,1949353697,0.0009551928579492522
307,1771430400,4546860104,4379192001,3993762271,4282834568,False,1949353697,0.03687557988698568
308,1771432200,4576290625,4440224237,4130264937,4362734412,False,1949353697,0.029732899229930353
309,1771434000,4577797916,4479066161,4138079961,4393819611,False,1949353697,0.02156752150524593
310,1771435800,4800849375,4600121730,4122219230,4480646105,False,1949353697,0.041810860812520285
311,1771437600,5261361458,4717648862,4390761692,4635927069,False,1949353697,0.10334066578400058
312,1771439400,5782072500,4905114634,4295393734,4752684409,False,1949353697,0.1516684313453351
313,1771441200,5683104166,5190429344,4780117344,5087851344,False,1949353697,0.08669114758576818
314,1771443000,5544393750,5225897744,4733472014,5102791311,False,1949353697,0.05744469465214299
315,1771444800,5369688541,5281961561,4774691741,5155144106,False,1949353697,0.016337442913153127
316,1771446600,4783202395,5012361419,4505968649,4885763227,False,1949353697,0.04790912135341494
317,1771448400,4168129166,4725952111,4160111811,4584492036,False,1949353697,0.13383053230457398
318,1771450200,3629341666,4342766760,3806043780,4208586015,True,1949353697,0.19657148862104404
319,1771452000,3253459583,3970672661,3585242931,3874315228,True,1949353697,0.22044628485553866
320,1771453800,2907644895,3578053872,3268094572,3500564047,True,1949353697,0.23056769351471992
321,1771455600,2426503854,3114991127,2774004927,3029744577,True,1949353697,0.28373631958797624
322,1771457400,2239702916,2784528277,2306625777,2665052652,True,1949353697,0.24325787009869662
323,1771459200,2090925729,2546911364,2220024194,2465189572,True,1949353697,0.21807835097905576
324,1771461000,1938694479,2316516907,1706796007,2164086682,False,1949353697,0.19488497651000944
325,1771462800,1843901249,2187585678,1777273678,2085007678,False,1949353697,0.18638982385113617
326,1771464600,1811846249,2027170855,1534745125,1904064422,False,1949353697,0.11884264799998491
327,1771466400,1887542395,2030517489,1523247669,1903700034,False,1949353697,0.07574669283123572
328,1771468200,2111456041,1996505478,1490112708,1869907285,False,1949353697,0.054441371625979305
329,1771470000,2414800729,2120244508,1554404208,1978784433,False,1949353697,0.12197951469145842
330,1771471800,2805823125,2318248330,1781525350,2184067585,False,1949353697,0.17377246293812623
331,1771473600,3303844791,2744612777,2359183047,2648255345,False,1949353697,0.1692670356438666
332,1771475400,3945069270,3356891704,3046932404,3279401879,False,1949353697,0.14909182215702893
333,1771477200,4411495520,3913748858,3572762658,3828502308,False,1949353697,0.11282946106222046
334,1771479000,4788865625,4392418931,3914516431,4272943306,False,1949353697,0.0827850946433687
335,1771480800,5321759791,4824378169,4497490999,4742656377,False,1949353697,0.09346187004553584
336,1771482600,5933938020,5743547135,5133826235,5591116910,False,1949353697,0.03208508150208148
337,1771484400,6156903854,5955967282,5545655282,5853389282,False,1949353697,0.032635976907363286
338,1771486200,6197240625,6023547668,5531121938,5900441235,False,1949353697,0.028027466982533052
339,1771488000,6172805625,6000760554,5493490734,5873943099,False,1949353697,0.027871454481445786
340,1771489800,6076988020,5868520105,5362127335,5741921913,False,1949353697,0.03430448016581741
341,1771491600,6059120104,5877757158,5311916858,5736297083,False,1949353697,0.029932224957922703
342,1771493400,5970962083,5762412127,5225689147,5628231382,False,1949353697,0.034927362307954554
343,1771495200,5869962812,5685351887,5299922157,5588994455,False,1949353697,0.03145010128898922
344,1771497000,5734237812,5817654744,5507695444,5740164919,False,1949353697,0.014547169952636767
345,1771498800,5634309895,5420410992,5079424792,5335164442,False,1949353697,0.03796363831350814
346,1771500600,5406978125,5262554293,4784651793,5143078668,False,1949353697,0.02671063737658454
347,1771502400,5397821875,5197613012,4870725842,5115891219,False,1949353697,0.03709067613499195
348,1771504200,5239634375,5177416668,4567695768,5024986443,False,1949353697,0.011874436753995837
349,1771506000,5108924270,4927494097,4517182097,4824916097,False,1949353697,0.03551240210495428
350,1771507800,5054790937,4790244703,4297818973,4667138271,False,1949353697,0.05233574193218903
351,1771509600,4908646354,4651698434,4144428614,4524880979,False,1949353697,0.052345983285313695
352,1771511400,4702622083,4461981539,3955588769,4335383346,False,1949353697,0.05117156763881083
353,1771513200,4567944791,4333598395,3767758095,4192138320,False,1949353697,0.05130237047998508
354,1771515000,4464832916,4206415668,3669692688,4072234923,False,1949353697,0.057878369216000466
355,1771516800,4514748645,4249676899,3864247169,4153319466,False,1949353697,0.0587124039105836
356,1771518600,4554179895,4319068234,4009108934,4241578409,False,1949353697,0.05162546636730959
357,1771520400,4629604791,4394782901,4053796701,4309536351,False,1949353697,0.050721800369762926
358,1771522200,4780875416,4532271423,4054368923,4412795798,False,1949353697,0.0519996802610679
359,1771524000,5079716666,4541259632,4214372462,4459537839,False,1949353697,0.10600139129885872
360,1771525800,5298951041,5049370059,4439649159,4896939834,False,1949353697,0.047100073216169956
361,1771527600,5323308333,5130336996,4720024996,5027758996,False,1949353697,0.036250264859493724
362,1771529400,5273921874,5130358315,4637932585,5007251883,False,1949353697,0.027221404190258584
363,1771531200,4982702708,4904390884,4397121064,4777573429,False,1949353697,0.01571673619505055
364,1771533000,4555061666,4596302098,4089909328,4469703906,False,1949353697,0.009053759317426548
365,1771534800,4025408020,4202029667,3636189367,4060569592,False,1949353697,0.04387670668972334
366,1771536600,3527386458,3726639111,3189916131,3592458366,False,1949353697,0.05648733286598108
367,1771538400,3090066666,3753866008,3368436278,3657508576,True,1949353697,0.21481715889944492
368,1771540200,2785215729,3423691241,3113731941,3346201416,True,1949353697,0.22923736404046424
369,1771542000,2420355520,3198416350,2857430150,3113169800,True,1949353697,0.32146551346308
370,1771543800,2252567395,2959272312,2481369812,2839796687,True,1949353697,0.3137330845543913
371,1771545600,2109578229,2761719400,2434832230,2679997607,True,1949353697,0.3091334381608277
372,1771547400,1996869479,2499596892,1889875992,2347166667,False,1949353697,0.2517577729976412
373,1771549200,1925736875,2421256005,2010944005,2318678005,True,1949353697,0.2573140372565177
374,1771551000,1897731249,1906147472,1413721742,1783041039,False,1949353697,0.0044348866597601145
375,1771552800,1918162500,1941087059,1433817239,1814269604,False,1949353697,0.011951312258476537
376,1771554600,2083784687,2056214979,1549822209,1929616787,False,1949353697,0.013230593435107626
377,1771556400,2330612291,2314778837,1748938537,2173318762,False,1949353697,0.006793688534615216
378,1771558200,2688159583,2687705300,2150982320,2553524555,False,1949353697,0.00016899405930842016
379,1771560000,3200871562,2772747634,2387317904,2676390202,False,1949353697,0.13375229830605742
380,1771561800,3835291458,3451492160,3141532860,3374002335,False,1949353697,0.10007043850590194
381,1771563600,4351277708,4081990747,3741004547,3996744197,False,1949353697,0.061886870724179484
382,1771565400,4775727604,4839921878,4362019378,4720446253,False,1949353697,0.01344177878701308
383,1771567200,5308071875,4960124318,4633237148,4878402526,False,1949353697,0.0655506491234164
384,1771569000,5923423958,5950247982,5340527082,5797817757,False,1949353697,0.004528466000440889
385,1771570800,6121843229,6099012178,5688700178,5996434178,False,1949353697,0.0037294406514440325
386,1771572600,6157032604,6120691802,5628266072,5997585369,False,1949353697,0.005902324112493851
387,1771574400,6134288333,6076876320,5569606500,5950058865,False,1949353697,0.009359197005974842
388,1771576200,6054397916,5940846673,5434453903,5814248480,False,1949353697,0.0187551668349907
389,1771578000,6032855208,5888020671,5322180371,5746560596,False,1949353697,0.02400762690408001
390,1771579800,5942945104,5784131336,5247408356,5649950591,False,1949353697,0.0267230750445781
391,1771581600,5852589166,5688246168,5302816438,5591888735,False,1949353697,0.028080392000643634
392,1771583400,5680228437,5507241416,5197282116,5429751591,False,1949353697,0.03045423664182117
393,1771585200,5567341250,5357590310,5016604110,5272343760,False,1949353697,0.037675243995506834
394,1771587000,5327529895,5142514516,4664612016,5023038891,False,1949353697,0.034728172839281646
395,1771588800,5313553854,5079027161,4752139991,4997305368,False,1949353697,0.04413744537913175
396,1771590600,5206644166,5126700324,4516979424,4974270099,False,1949353697,0.015354197339246402
397,1771592400,5043291666,4887088428,4476776428,4784510428,False,1949353697,0.030972477569176544
398,1771594200,4890971875,4708998625,4216572895,4585892193,False,1949353697,0.037205948971031445
399,1771596000,4660232812,4496480802,3989210982,4369663347,False,1949353697,0.03513816081856298
400,1771597800,4428351354,4288140063,3781747293,4161541870,False,1949353697,0.031662187525691984
401,1771599600,4289429166,4172529011,3606688711,4031068936,False,1949353697,0.027253079716668294
402,1771601400,4191352500,4102930042,3566207062,3968749297,False,1949353697,0.021096402175670024
403,1771603200,4236078125,4173066906,3787637176,4076709474,False,1949353697,0.01487489539631661
404,1771605000,4190095312,4232202938,3922243638,4154713113,False,1949353697,0.010049324147688983
405,1771606800,4221682916,4308426886,3967440686,4223180336,False,1949353697,0.02054724898244821
406,1771608600,4401238541,4407309167,3929406667,4287833542,False,1949353697,0.0013792994729662394
407,1771610400,4618531875,4582562490,4255675320,4500840698,False,1949353697,0.0077880560259205745
408,1771612200,5066628125,4786244213,4176523313,4633813988,False,1949353697,0.05533935096134572
409,1771614000,4959066666,4893353199,4483041199,4790775199,False,1949353697,0.01325117636561331
410,1771615800,4909010729,4979101050,4486675320,4855994617,False,1949353697,0.014277891182013752
411,1771617600,4792367708,4881965151,4374695331,4755147696,False,1949353697,0.018695861515474515
412,1771619400,4537104791,4569057274,4062664504,4442459081,False,1949353697,0.007042482920690381
413,1771621200,4151073958,4195639707,3629799407,4054179632,False,1949353697,0.010735956393673099
414,1771623000,3765192083,3774557871,3237834891,3640377126,False,1949353697,0.0024874661885875425
415,1771624800,3403568749,3828817115,3443387385,3732459682,True,1949353697,0.12494190579371782
416,1771626600,3110902291,3484775264,3174815964,3407285439,True,1949353697,0.1201815222810545
417,1771628400,2727396041,3240376516,2899390316,3155129966,True,1949353697,0.18808433659378476
418,1771630200,2537100104,2940221373,2462318873,2820745748,False,1949353697,0.1588905650054713
419,1771632000,2390826770,2741063251,2414176081,2659341459,True,1949353697,0.14649178493178744
420,1771633800,2225672187,2274333671,1664612771,2121903446,False,1949353697,0.021863724713921673
421,1771635600,2134326875,2159026132,1748714132,2056448132,False,1949353697,0.011572387195845997
422,1771637400,2076048645,2094989036,1602563306,1971882603,False,1949353697,0.009123288630840344
423,1771639200,2049992291,2071830689,1564560869,1945013234,False,1949353697,0.010652917133335698
424,1771641000,2168387187,2131873385,1625480615,2005275192,False,1949353697,0.016839152259757382
425,1771642800,2310239895,2225735246,1659894946,2084275171,False,1949353697,0.03657830045394485
426,1771644600,2477425520,2416508463,1879785483,2282327718,False,1949353697,0.024588855046588847
427,1771646400,2854487708,2839756367,2454326637,2743398934,False,1949353697,0.005160765260510276
428,1771648200,3458232916,3012497264,2702537964,2935007439,False,1949353697,0.12889115997298548
429,1771650000,4101411458,3697115601,3356129401,3611869051,False,1949353697,0.09857481043785586
430,1771651800,4620695104,4294680147,3816777647,4175204522,False,1949353697,0.07055539256805289
431,1771653600,5135514375,4780402130,4453514960,4698680337,False,1949353697,0.0691483304435303
432,1771655400,5525157812,5432378816,4822657916,5279948591,False,1949353697,0.016792098824488743
433,1771657200,5676533750,5556463673,5146151673,5453885673,False,1949353697,0.021152006186874163
434,1771659000,5764344583,5557156337,5064730607,5434049905,False,1949353697,0.03594307089326898
435,1771660800,5767629583,5528038168,5020768348,5401220713,False,1949353697,0.04154070776427669
436,1771662600,5775748541,5446665831,4940273061,5320067638,False,1949353697,0.05697663387939381
437,1771664400,5772569166,5380210578,4814370278,5238750503,False,1949353697,0.06796949100427635
438,1771666200,5729956250,5302110742,4765387762,5167929997,False,1949353697,0.07466819803379825
439,1771668000,5683346145,5248492571,4863062841,5152135139,False,1949353697,0.07651365285617316
440,1771669800,5621035104,5187635339,4877676039,5110145514,False,1949353697,0.07710319487092106
441,1771671600,5532988541,5111808315,4770822115,5026561765,False,1949353697,0.07612165159551883
442,1771673400,5383115208,4978095354,4500192854,4858619729,False,1949353697,0.07523893477109472
443,1771675200,5313225625,4869023226,4542136056,4787301433,False,1949353697,0.08360315001680359
444,1771677000,5211350000,4710121167,4100400267,4557690942,False,1949353697,0.096180228347741
445,1771678800,5085784999,4657619680,4247307680,4555041680,False,1949353697,0.08418863933182166
446,1771680600,4975229166,4616248320,4123822590,4493141888,False,1949353697,0.07215363031982998
447,1771682400,4900527083,4559558835,4052289015,4432741380,False,1949353697,0.06957787238495708
448,1771684200,4827900312,4500966954,3994574184,4374368761,False,1949353697,0.06771750385719232
449,1771686000,4864901666,4486856009,3921015709,4345395934,False,1949353697,0.07770879720798862
450,1771687800,4900777083,4497501941,3960778961,4363321196,False,1949353697,0.08228799946826719
451,1771689600,4894142916,4544067872,4158638142,4447710439,False,1949353697,0.0715293872713708
452,1771691400,4919743541,4494727240,4184767940,4417237415,False,1949353697,0.08638993017786656
453,1771693200,5026748541,4606049214,4265063014,4520802664,False,1949353697,0.08369213688900934
454,1771695000,4977218333,4585761499,4107858999,4466285874,False,1949353697,0.07864972115138273
455,1771696800,5182753437,4767408785,4440521615,4685686992,False,1949353697,0.08013976683413658
456,1771698600,5356476666,4854045507,4244324607,4701615282,False,1949353697,0.09379881409531002
457,1771700400,5491167291,4840961578,4430649578,4738383578,False,1949353697,0.1184093797443914
458,1771702200,5688301041,4876593586,4384167856,4753487153,False,1949353697,0.14269769640344182
459,1771704000,5214533020,5144627674,4637357854,5017810219,False,1949353697,0.013405868892167836
460,1771705800,4982447187,5001550995,4495158225,4874952802,False,1949353697,0.0038342218759176987
461,1771707600,4608606458,4692211462,4126371162,4550751387,False,1949353697,0.0181410595072338
462,1771709400,4119163541,4307038887,3770315907,4172858142,False,1949353697,0.045610072076524046
463,1771711200,3783504166,3879998229,3494568499,3783640796,False,1949353697,0.025503887075672377
464,1771713000,3373663854,3529582008,3219622708,3452092183,False,1949353697,0.046216268350249216
465,1771714800,2878438541,3260359391,2919373191,3175112841,True,1949353697,0.13268334361146952
466,1771716600,2627554166,3003779505,2525877005,2884303880,False,1949353697,0.14318461779714267
467,1771718400,2453051770,2782776180,2455889010,2701054387,True,1949353697,0.13441396306120357
468,1771720200,2320061875,2307572587,1697851687,2155142362,False,1949353697,0.005383170222561413
469,1771722000,2187358958,2186368561,1776056561,2083790561,False,1949353697,0.0004527821080201506
470,1771723800,2095917812,2127119791,1634694061,2004013359,False,1949353697,0.014887024110084714
471,1771725600,2031667395,2075456648,1568186828,1948639193,False,1949353697,0.021553357162578276
472,1771727400,2124740833,2103897670,1597504900,1977299477,False,1949353697,0.009809743699691962
473,1771729200,2196361666,2165905568,1600065268,2024445493,False,1949353697,0.013866613350371596
474,1771731000,2287520416,2257437111,1720714131,2123256366,False,1949353697,0.0131510542111813
475,1771732800,2571522916,2569652612,2184222882,2473295180,False,1949353697,0.0007273137596258543
476,1771734600,3164033125,2802358701,2492399401,2724868876,False,1949353697,0.11430803967957825
477,1771736400,3794469062,3396582666,3055596466,3311336116,False,1949353697,0.1048595704692031
478,1771738200,4352220833,4507678180,4029775680,4388202555,False,1949353697,0.035719085259017694
479,1771740000,4900395104,4671951971,4345064801,4590230179,False,1949353697,0.04661728863730413
480,1771741800,5253076041,5518991313,4909270413,5366561088,False,1949353697,0.050620868596712554
481,1771743600,5440997708,5497592281,5087280281,5395014281,False,1949353697,0.010401506495176049
482,1771745400,5472020312,5499860219,5007434489,5376753787,False,1949353697,0.005087683417210239
483,1771747200,5465800416,5433816803,4926546983,5306999348,False,1949353697,0.005851588160148437
484,1771749000,5454201041,5395966095,4889573325,5269367903,False,1949353697,0.010677080944072227
485,1771750800,5455303125,5406578617,4840738317,5265118542,False,1949353697,0.00893158581357475
486,1771752600,5459121458,5418235930,4881512950,5284055185,False,1949353697,0.007489397023780232
487,1771754400,5463679166,5416476056,5031046326,5320118624,False,1949353697,0.008639436644402703
488,1771756200,5463867187,5391230244,5081270944,5313740419,False,1949353697,0.01329405355474648
489,1771758000,5416211458,5335409432,4994423232,5250162882,False,1949353697,0.014918550840671405
490,1771759800,5342406875,5265973516,4788071016,5146497891,False,1949353697,0.014306914615147128
491,1771761600,5285139062,5222843226,4895956056,5141121433,False,1949353697,0.011786981434018509
492,1771763400,5214550000,5139237367,4529516467,4986807142,False,1949353697,0.014442786625883346
493,1771765200,5085230208,5014207479,4603895479,4911629479,False,1949353697,0.013966472724925651
494,1771767000,4991331458,4883641466,4391215736,4760535033,False,1949353697,0.021575403858903573
495,1771768800,4922416250,4753163265,4245893445,4626345810,False,1949353697,0.03438412690109253
496,1771770600,4924508333,4734319023,4227926253,4607720831,False,1949353697,0.03862097434692269
497,1771772400,4942040000,4743626657,4177786357,4602166582,False,1949353697,0.040148064969122065
498,1771774200,4977498437,4676131373,4139408393,4541950628,False,1949353697,0.06054588822365109
499,1771776000,5062952812,4759731714,4374301984,4663374282,False,1949353697,0.05989016869391277
500,1771777800,5090579583,4707047264,4397087964,4629557439,False,1949353697,0.07534158198426107
501,1771779600,5082683958,4787875938,4446889738,4702629388,False,1949353697,0.0580024299043777
502,1771781400,5305068125,4975338363,4497435863,4855862738,False,1949353697,0.06215372813897654
503,1771783200,5538891666,4783866020,4456978850,4702144228,False,1949353697,0.1363134886054296
504,1771785000,5787778124,5393626097,4783905197,5241195872,False,1949353697,0.06810074929541304
505,1771786800,5751137708,5352459539,4942147539,5249881539,False,1949353697,0.06932161760714355
506,1771788600,5492978541,5254658337,4762232607,5131551905,False,1949353697,0.04338633443061179
507,1771790400,5139452083,4955532969,4448263149,4828715514,False,1949353697,0.035785743505296536
508,1771792200,4692328125,4525784685,4019391915,4399186493,False,1949353697,0.03549270970899973
509,1771794000,4165720833,4526424977,3960584677,4384964902,False,1949353697,0.08658865019052034
510,1771795800,3648446354,4131325021,3594602041,3997144276,False,1949353697,0.13235186162750961
511,1771797600,3244245104,3702563252,3317133522,3606205820,True,1949353697,0.1412711226518969
512,1771799400,2914024583,3374394129,3064434829,3296904304,True,1949353697,0.1579840982419056
513,1771801200,2493077500,3140127152,2799140952,3054880602,True,1949353697,0.2595385229701042
514,1771803000,2336203854,2865454655,2387552155,2745979030,True,1949353697,0.22654307332548387
515,1771804800,2185266770,2626845178,2299958008,2545123386,True,1949353697,0.20207071011288932
516,1771806600,2028345833,1945440741,1335719841,1793010516,False,1949353697,0.040873252800968485
517,1771808400,1942096875,2285076656,1874764656,2182498656,False,1949353697,0.17660281802368896
518,1771810200,1886577083,1907790079,1415364349,1784683647,False,1949353697,0.011244171357296192
519,1771812000,1905112812,1903321895,1396052075,1776504440,False,1949353697,0.0009400582415483751
520,1771813800,2076335937,2048273607,1541880837,1921675414,False,1949353697,0.013515312960650259
521,1771815600,2283418958,2253290006,1687449706,2111829931,False,1949353697,0.013194666661780426
522,1771817400,2624388125,2565193488,2028470508,2431012743,False,1949353697,0.02255559550666691
523,1771819200,3068356666,2613047204,2227617474,2516689772,False,1949353697,0.1483887016933904
524,1771821000,3704506979,3166843910,2856884610,3089354085,False,1949353697,0.14513755056958688
525,1771822800,4198492708,3804811991,3463825791,3719565441,False,1949353697,0.09376715511494464
526,1771824600,4628235937,4546961167,4069058667,4427485542,False,1949353697,0.017560636732076782
527,1771826400,5215574479,4740793966,4413906796,4659072173,False,1949353697,0.09103129768574052
528,1771828200,5864423541,5288763432,4679042532,5136333207,False,1949353697,0.09816141432749222
529,1771830000,6111057291,6043209090,5632897090,5940631090,False,1949353697,0.011102530670089246
530,1771831800,6195262291,6091541825,5599116095,5968435393,False,1949353697,0.016741900686057652
531,1771833600,6216624583,6100235497,5592965677,5973418042,False,1949353697,0.01872223172656717
532,1771835400,6132511666,6019214690,5512821920,5892616498,False,1949353697,0.01847480806732802
533,1771837200,6147288541,5976402530,5410562230,5834942455,False,1949353697,0.027798599310941308
534,1771839000,6082408854,5918497139,5381774159,5784316394,False,1949353697,0.026948486846984324
535,1771840800,5994647916,5884819978,5499390248,5788462546,False,1949353697,0.01832099892086473
536,1771842600,5889963541,5754835525,5444876225,5677345700,False,1949353697,0.022942080211426557
537,1771844400,5773525208,5684005135,5343018935,5598758585,False,1949353697,0.015505271004265788
538,1771846200,5569596250,5522077766,5044175266,5402602141,False,1949353697,0.008531764578087684
539,1771848000,5483215208,5451017689,5124130519,5369295896,False,1949353697,0.005872014462066688
540,1771849800,5356042708,5356306952,4746586052,5203876727,False,1949353697,4.933567829944944e-05
541,1771851600,5229714583,5225681975,4815369975,5123103975,False,1949353697,0.0007710952358869869
542,1771853400,5138380937,5141477370,4649051640,5018370938,False,1949353697,0.0006026086889945193
543,1771855200,5045651041,5058029017,4550759197,4931211562,False,1949353697,0.002453197000628645
544,1771857000,4857748958,4855080141,4348687371,4728481949,False,1949353697,0.0005493937671696373
545,1771858800,4719264895,4704129495,4138289195,4562669420,False,1949353697,0.0032071520325200986
546,1771860600,4629897916,4590435412,4053712432,4456254667,False,1949353697,0.008523406933795557
547,1771862400,4668700312,4257996749,3872567019,4161639317,False,1949353697,0.08796957087700942
548,1771864200,4709484375,4304697545,3994738245,4227207720,False,1949353697,0.08595141161286898
549,1771866000,4752593437,4810958474,4469972274,4725711924,False,1949353697,0.01228067112697147
550,1771867800,4942430625,5005845119,4527942619,4886369494,False,1949353697,0.012830629059158518
551,1771869600,5203987708,4824876015,4497988845,4743154223,False,1949353697,0.07285022837721122
552,1771871400,5358255729,5485474390,4875753490,5333044165,False,1949353697,0.023742551202150734
553,1771873200,5308685416,5517169248,5106857248,5414591248,False,1949353697,0.039272214430270166
554,1771875000,5130136458,5451431929,4959006199,5328325496,False,1949353697,0.06262903016916202
555,1771876800,4825957604,5119615027,4612345207,4992797572,False,1949353697,0.06084956543269293
556,1771878600,4417599479,4633765625,4127372855,4507167433,False,1949353697,0.04893294356529872
557,1771880400,3876548645,4577061847,4011221547,4435601772,True,1949353697,0.18070538155209967
558,1771882200,3354219166,4154910392,3618187412,4020729647,True,1949353697,0.23871166026245286
559,1771884000,3115338854,3726279478,3340849748,3629922045,True,1949353697,0.19610727841549913
560,1771885800,2848263958,3388808460,3078849160,3311318635,True,1949353697,0.1897803398739633
561,1771887600,2494386875,3262564775,2921578575,3177318225,True,1949353697,0.30796261305696615
562,1771889400,2310293958,2983561049,2505658549,2864085424,True,1949353697,0.29142053056436207
563,1771891200,2159254791,2790015010,2463127840,2708293217,True,1949353697,0.2921194023183714
564,1771893000,2034207604,1971622310,1361901410,1819192085,False,1949353697,0.03076642417270209
565,1771894800,1964880416,2370465492,1960153492,2267887492,False,1949353697,0.20641718075936077
566,1771896600,1949920833,1977108627,1484682897,1854002195,False,1949353697,0.013943024526883447
567,1771898400,1999181145,2003826495,1496556675,1877009040,False,1949353697,0.002323626356530088
568,1771900200,2180655208,2120671655,1614278885,1994073462,False,1949353697,0.027507123904752576
569,1771902000,2428522291,2352227751,1786387451,2210767676,False,1949353697,0.0314160344678508
570,1771903800,2762273333,2694734682,2158011702,2560553937,False,1949353697,0.024450386641009503
571,1771905600,3248594583,2756393419,2370963689,2660035986,False,1949353697,0.15151203125674853
572,1771907400,3896110104,3294496389,2984537089,3217006564,False,1949353697,0.15441394081300328
573,1771909200,4380308750,3920273819,3579287619,3835027269,False,1949353697,0.10502340297359176
574,1771911000,4756355729,4751152611,4273250111,4631676986,False,1949353697,0.001093929532704218
575,1771912800,5297191145,4805876030,4478988860,4724154238,False,1949353697,0.0927501201205002
576,1771914600,5878829166,5278569648,4668848748,5126139423,False,1949353697,0.10210528339070978
577,1771916400,6078741666,5777760848,5367448848,5675182848,False,1949353697,0.04951367150268366
578,1771918200,6111831666,6137299838,5644874108,6014193406,False,1949353697,0.004167027724549245
579,1771920000,6135038125,6077765593,5570495773,5950948138,False,1949353697,0.00933531802624291
580,1771921800,6060233333,5984252390,5477859620,5857654197,False,1949353697,0.012537626659729142
581,1771923600,6062120624,5993583665,5427743365,5852123590,False,1949353697,0.01130577288888998
582,1771925400,6001808645,5933193067,5396470087,5799012322,False,1949353697,0.011432483449328632
583,1771927200,5915278125,5887459655,5502029925,5791102223,False,1949353697,0.004702816911081421
584,1771929000,5793748645,5722248743,5412289443,5644758918,False,1949353697,0.012340870545308235
585,1771930800,5714272916,5653881790,5312895590,5568635240,False,1949353697,0.010568470720203872
586,1771932600,5545129166,5505193691,5027291191,5385718066,False,1949353697,0.007201901669823069
587,1771934400,5517494270,5386507363,5059620193,5304785570,False,1949353697,0.023740288723489694
588,1771936200,5334128958,5327053709,4717332809,5174623484,False,1949353697,0.001326411313957588
589,1771938000,5187597291,5138059405,4727747405,5035481405,False,1949353697,0.00954929290404705
590,1771939800,5082707291,5028521448,4536095718,4905415015,False,1949353697,0.010660823041284987
591,1771941600,4985201770,4941947033,4434677213,4815129578,False,1949353697,0.008676627144822665
592,1771943400,4813914270,4770255117,4263862347,4643656925,False,1949353697,0.009069366538594381
593,1771945200,4653601041,4626744244,4060903944,4485284169,False,1949353697,0.00577118596187799
594,1771947000,4571030520,4503272537,3966549557,4369091792,False,1949353697,0.014823349505879038
595,1771948800,4642305208,4561782497,4176352767,4465425064,False,1949353697,0.01734541513152489
596,1771950600,4690505625,4278458873,3968499573,4200969048,False,1949353697,0.0878469796100074
597,1771952400,4860219166,4352530885,4011544685,4267284335,False,1949353697,0.10445789863789859
598,1771954200,5073051041,4480570001,4002667501,4361094376,False,1949353697,0.11678988348660693
599,1771956000,5391221458,4590443784,4263556614,4508721991,False,1949353697,0.14853362642184378
600,1771957800,5643255208,4941501254,4331780354,4789071029,False,1949353697,0.1243526879672531
601,1771959600,5478394062,4992742485,4582430485,4890164485,False,1949353697,0.08864852938722391
602,1771961400,5538188541,5370281727,4877855997,5247175294,False,1949353697,0.03031800249431053
603,1771963200,5162202083,5001644518,4494374698,4874827063,False,1949353697,0.031102533844760374
604,1771965000,4563319270,4565498662,4059105892,4438900470,False,1949353697,0.0004775892001087182
605,1771966800,3984835416,4547854080,3982013780,4406394005,False,1949353697,0.14129031822477658
606,1771968600,3450513541,4003958853,3467235873,3869778108,True,1949353697,0.16039505581525842
607,1771970400,3062925937,3673829773,3288400043,3577472341,True,1949353697,0.19945106364483406
608,1771972200,2796963020,3215063109,2905103809,3137573284,True,1949353697,0.1494835956036344
609,1771974000,2554191145,2935396633,2594410433,2850150083,True,1949353697,0.14924704783595982
610,1771975800,2384948541,2218977801,1741075301,2099502176,False,1949353697,0.06959091030551506
611,1771977600,2250133541,2480991014,2154103844,2399269222,False,1949353697,0.10259723202801678
612,1771979400,2155180937,1815462094,1205741194,1663031869,False,1949353697,0.15762891976619223
613,1771981200,2085420729,2263005919,1852693919,2160427919,False,1949353697,0.08515556958386788
614,1771983000,2035816875,1810899355,1318473625,1687792923,False,1949353697,0.11048023167604404
615,1771984800,2063751250,1806644004,1299374184,1679826549,False,1949353697,0.12458247862963136
616,1771986600,2234560416,2007303653,1500910883,1880705460,False,1949353697,0.10170088102017108
617,1771988400,2485849270,2268093197,1702252897,2126633122,False,1949353697,0.08759826093558762
618,1771990200,2863093020,2684089930,2147366950,2549909185,False,1949353697,0.06252087820744294
619,1771992000,3333346458,2789875903,2404446173,2693518471,False,1949353697,0.16304052454423865
620,1771993800,3958623437,3387898738,3077939438,3310408913,False,1949353697,0.14417251554305896
621,1771995600,4458751666,3923499510,3582513310,3838252960,False,1949353697,0.12004529430996123
622,1771997400,4850654166,4738678837,4260776337,4619203212,False,1949353697,0.023084583061986942
623,1771999200,5349749375,4835578969,4508691799,4753857177,False,1949353697,0.09611112034570779
624,1772001000,5932545312,5277048714,4667327814,5124618489,False,1949353697,0.11049162939794163
625,1772002800,6116100000,5741979002,5331667002,5639401002,False,1949353697,0.061169862821078794
626,1772004600,6135098958,6228868134,5736442404,6105761701,False,1949353697,0.015284052733611995
627,1772006400,6103185416,6181112231,5673842411,6054294776,False,1949353697,0.01276822014872897
628,1772008200,5939036979,6118567995,5612175225,5991969803,False,1949353697,0.030228977633041946
629,1772010000,5921166666,6123520428,5557680128,5982060353,False,1949353697,0.034174643852188435
630,1772011800,5876547916,6031975671,5495252691,5897794926,False,1949353697,0.02644881948070548
631,1772013600,5806858541,5896183416,5510753686,5799825983,False,1949353697,0.01538265042437513
632,1772015400,5726325520,5736691680,5426732380,5659201855,False,1949353697,0.0018102638356472616
633,1772017200,5638291458,5626106923,5285120723,5540860373,False,1949353697,0.002161033194321967
634,1772019000,5428528124,5405017585,4927115085,5285541960,False,1949353697,0.004330923311616982
635,1772020800,5358043541,5316532515,4989645345,5234810723,False,1949353697,0.007747422297403089
636,1772022600,5259793229,5193123198,4583402298,5040692973,False,1949353697,0.012675409107797839
637,1772024400,5144635416,5051937818,4641625818,4949359818,False,1949353697,0.018018302659836137
638,1772026200,5083133750,4952724255,4460298525,4829617823,False,1949353697,0.02565533417254661
639,1772028000,4942184687,4860134235,4352864415,4733316780,False,1949353697,0.016602061071458295
640,1772029800,4751495833,4710760985,4204368215,4584162792,False,1949353697,0.0085730577131288
641,1772031600,4619532291,4595443151,4029602851,4453983076,False,1949353697,0.005214627473636595
642,1772033400,4495290937,4470245630,3933522650,4336064885,False,1949353697,0.005571454072940241
643,1772035200,4625808750,4536679048,4151249318,4440321615,False,1949353697,0.01926791763710508
644,1772037000,4693293958,4566099548,4256140248,4488609723,False,1949353697,0.027101309046110255
645,1772038800,4694347916,4567596818,4226610618,4482350268,False,1949353697,0.027000789091065742
646,1772040600,4917440625,4790638257,4312735757,4671162632,False,1949353697,0.0257862529860236
647,1772042400,5215727916,4816170242,4489283072,4734448450,False,1949353697,0.07660631084192468
648,1772044200,5415518333,5090910235,4481189335,4938480010,False,1949353697,0.059940356220745894
649,1772046000,5445857812,5281897595,4871585595,5179319595,False,1949353697,0.030107326092633578
650,1772047800,5438788333,5537320039,5044894309,5414213607,False,1949353697,0.01811648109233377
651,1772049600,5137914062,5362607833,4855338013,5235790378,False,1949353697,0.04373248915582972
652,1772051400,4724045833,4776114691,4269721921,4649516498,False,1949353697,0.011022089928990746
653,1772053200,4211710416,4161034465,3595194165,4019574390,False,1949353697,0.012032154634251568
654,1772055000,3623671875,4192980044,3656257064,4058799299,True,1949353697,0.1571080905331695
655,1772056800,3240822187,3820121351,3434691621,3723763919,True,1949353697,0.17875067824571148
656,1772058600,2940905729,3436856386,3126897086,3359366561,True,1949353697,0.16863874693754252
657,1772060400,2625970833,2970170985,2629184785,2884924435,True,1949353697,0.13107539035640156
658,1772062200,2411422916,2668433520,2190531020,2548957895,False,1949353697,0.10658047673625078
659,1772064000,2239178437,2448577556,2121690386,2366855764,False,1949353697,0.09351604835948141
660,1772065800,2112598854,1885398049,1275677149,1732967824,False,1949353697,0.10754564434692247
661,1772067600,2042539166,1834874980,1424562980,1732296980,False,1949353697,0.10166962252512322
662,1772069400,1997663333,1802811043,1310385313,1679704610,False,1949353697,0.09754010437153075
663,1772071200,2023187708,1878498252,1371228432,1751680797,False,1949353697,0.07151558672874261
664,1772073000,2194043437,2102402961,1596010191,1975804769,False,1949353697,0.041767849466692215
665,1772074800,2449639062,2405738712,1839898412,2264278637,False,1949353697,0.017921150377214225
666,1772076600,2805931979,2796752171,2260029191,2662571426,False,1949353697,0.003271571823088731
667,1772078400,3278766250,2847379290,2461949560,2751021857,False,1949353697,0.13156990377096872
668,1772080200,3932023958,3465438390,3155479090,3387948565,False,1949353697,0.11866295144277958
669,1772082000,4413774375,4004200427,3663214227,3918953877,False,1949353697,0.09279449133600083
670,1772083800,4756381562,4779758924,4301856424,4660283299,False,1949353697,0.004914946728994153
671,1772085600,5270006250,4914738856,4587851686,4833017064,False,1949353697,0.06741308779282756
672,1772087400,5838116041,5973477439,5363756539,5821047214,False,1949353697,0.02318580121556032
673,1772089200,5976569270,6151489739,5741177739,6048911739,False,1949353697,0.029267705450689106
674,1772091000,6017004166,6191821149,5699395419,6068714717,False,1949353697,0.029053824490903636
675,1772092800,6048455625,6167380789,5660110969,6040563334,False,1949353697,0.01966207101006879
676,1772094600,5948714791,6071557823,5565165053,5944959631,False,1949353697,0.020650348237547567
677,1772096400,5910190312,6053684547,5487844247,5912224472,False,1949353697,0.024279122570494985
678,1772098200,5877508333,5965521165,5428798185,5831340420,False,1949353697,0.014974514201169402
679,1772100000,5862402500,5864516534,5479086804,5768159101,False,1949353697,0.0003606088118309857
680,1772101800,5740393020,5728786173,5418826873,5651296348,False,1949353697,0.0020219603360886254
681,1772103600,5673357604,5628852896,5287866696,5543606346,False,1949353697,0.007844509566719707
682,1772105400,5454547395,5401515765,4923613265,5282040140,False,1949353697,0.009722462041234128
683,1772107200,5380607812,5392354155,5065466985,5310632362,False,1949353697,0.0021830884930514613
684,1772109000,5275362708,5219519685,4609798785,5067089460,False,1949353697,0.01058562720537016
685,1772110800,5092908541,5101323706,4691011706,4998745706,False,1949353697,0.001652329888167925
686,1772112600,4885842395,5047182847,4554757117,4924076415,False,1949353697,0.0330220336548535
687,1772114400,4739379895,4901030739,4393760919,4774213284,False,1949353697,0.03410801572807871
688,1772116200,4562346145,4694998943,4188606173,4568400750,False,1949353697,0.029075566338906098
689,1772118000,4462683333,4560314125,3994473825,4418854050,False,1949353697,0.021877149847952252
690,1772119800,4319525000,4457194725,3920471745,4323013980,False,1949353697,0.03187149628720751
691,1772121600,4362030833,4507102929,4121673199,4410745496,False,1949353697,0.033257925391652086
692,1772123400,4408353541,4546526654,4236567354,4469036829,False,1949353697,0.03134347363815483
693,1772125200,4423805833,4621944024,4280957824,4536697474,False,1949353697,0.04478907946681574
694,1772127000,4598858750,4773207124,4295304624,4653731499,False,1949353697,0.03791122612756915
695,1772128800,4940583333,4641275222,4314388052,4559553429,False,1949353697,0.060581532751569925
696,1772130600,5214822916,5457724215,4848003315,5305293990,False,1949353697,0.04657901196505366
697,1772132400,5281191250,5312904760,4902592760,5210326760,False,1949353697,0.006004991771506097
698,1772134200,5239410833,5263508000,4771082270,5140401568,False,1949353697,0.004599213111563225
699,1772136000,4968493333,4972278534,4465008714,4845461079,False,1949353697,0.0007618408129601891
700,1772137800,4526595833,4544627191,4038234421,4418028999,False,1949353697,0.003983425661409166
701,1772139600,4013579166,4014963245,3449122945,3873503170,False,1949353697,0.0003448490593445541
702,1772141400,3507431770,3516931382,2980208402,3382750637,False,1949353697,0.002708423890452472
703,1772143200,3066880729,3610640764,3225211034,3514283331,True,1949353697,0.1773006787835863
704,1772145000,2902883333,3285520462,2975561162,3208030637,True,1949353697,0.1318127823637203
705,1772146800,2645624895,3032318207,2691332007,2947071657,True,1949353697,0.14616331768377921
706,1772148600,2440690000,2807435051,2329532551,2687959426,False,1949353697,0.15026285640536077
707,1772150400,2303356770,2620784587,2293897417,2539062795,False,1949353697,0.13781096403923565
708,1772152200,2162710833,1909337422,1299616522,1756907197,False,1949353697,0.11715547318387155
709,1772154000,2069316354,2308560498,1898248498,2205982498,False,1949353697,0.11561506462631474
710,1772155800,2025588541,1884126111,1391700381,1761019679,False,1949353697,0.06983769266889825
711,1772157600,2071104895,1904543905,1397274085,1777726450,False,1949353697,0.08042132023448285
712,1772159400,2236733854,2070152635,1563759865,1943554443,False,1949353697,0.07447520799226925
713,1772161200,2503286562,2316966782,1751126482,2175506707,False,1949353697,0.07443006439148536
714,1772163000,2865913124,2674500617,2137777637,2540319872,False,1949353697,0.06678936126746318
715,1772164800,3357650833,2844699997,2459270267,2748342564,False,1949353697,0.15277075000132986
716,1772166600,4013815312,3514566140,3204606840,3437076315,False,1949353697,0.12438269655990589
717,1772168400,4498038541,4337578371,3996592171,4252331821,False,1949353697,0.03567336485390066
718,1772170200,4869371250,4762014809,4284112309,4642539184,False,1949353697,0.0220472901917265
719,1772172000,5429566666,5015987578,4689100408,4934265786,False,1949353697,0.07617165667931408
720,1772173800,5930446354,5940594435,5330873535,5788164210,False,1949353697,0.0017111833400457735
721,1772175600,6139579166,6112330901,5702018901,6009752901,False,1949353697,0.0044381323643315
722,1772177400,6125312291,6147510857,5655085127,6024404425,False,1949353697,0.003624070895555258
723,1772179200,6100697500,6124757168,5617487348,5997939713,False,1949353697,0.003943756922876442
724,1772181000,5913043437,6044857333,5538464563,5918259141,False,1949353697,0.022292056096729126
725,1772182800,5882527395,6023305207,5457464907,5881845132,False,1949353697,0.023931518299372068
726,1772184600,5825351041,5933385685,5396662705,5799204940,False,1949353697,0.018545602357631377
727,1772186400,5686119791,5843020329,5457590599,5746662896,False,1949353697,0.027593604033517273
728,1772188200,5538815625,5670650182,5360690882,5593160357,False,1949353697,0.02380193996798729
729,1772190000,5424908020,5557753576,5216767376,5472507026,False,1949353697,0.02448807528353264
730,1772191800,5228624791,5317932803,4840030303,5198457178,False,1949353697,0.017080592999085598
731,1772193600,5152812812,5303947344,4977060174,5222225552,False,1949353697,0.029330491425582954
732,1772195400,5007160416,5133135053,4523414153,4980704828,False,1949353697,0.025158897765179968
733,1772197200,4890541250,5030909640,4620597640,4928331640,False,1949353697,0.02870201534441612
734,1772199000,4727303125,4878577590,4386151860,4755471157,False,1949353697,0.03200016182588249
735,1772200800,4520516041,4647826267,4140556447,4521008812,False,1949353697,0.028162763906891753
736,1772202600,4324006666,4415932550,3909539780,4289334357,False,1949353697,0.02125942236001169
737,1772204400,4217900000,4276998102,3711157802,4135538027,False,1949353697,0.014011262002418265
738,1772206200,4121597187,4178909177,3642186197,4044728432,False,1949353697,0.013905286567248426
739,1772208000,4122804791,4223622543,3838192813,4127265110,False,1949353697,0.02445368071272332
740,1772209800,4108858333,4177627470,3867668170,4100137645,False,1949353697,0.016736799233910214
741,1772211600,4090017500,4209202815,3868216615,4123956265,False,1949353697,0.02914053912972255
742,1772213400,4263317708,4388746180,3910843680,4269270555,False,1949353697,0.029420390548102214
743,1772215200,4471931458,4606027255,4279140085,4524305462,False,1949353697,0.029986102931007848
744,1772217000,4720600416,5004970831,4395249931,4852540606,False,1949353697,0.06024030630429025
745,1772218800,4764556250,4942856514,4532544514,4840278514,False,1949353697,0.037422218281083365
746,1772220600,4860562916,4892784527,4400358797,4769678095,False,1949353697,0.006629193275933721
747,1772222400,4785371875,4776125456,4268855636,4649308001,False,1949353697,0.0019322258001108848
748,1772224200,4532310937,4520846490,4014453720,4394248297,False,1949353697,0.0025294926052863613
749,1772226000,4187964583,4134799607,3568959307,3993339532,False,1949353697,0.012694705255104112
750,1772227800,3790804583,3748901683,3212178703,3614720938,False,1949353697,0.0110538275140626
751,1772229600,3438981250,3727460992,3342031262,3631103559,False,1949353697,0.08388523258159666
752,1772231400,3152999479,3393678170,3083718870,3316188345,False,1949353697,0.07633324794469463
753,1772233200,2852381250,3121441872,2780455672,3036195322,False,1949353697,0.09432842191064045
754,1772235000,2646550000,2520745505,2042843005,2401269880,False,1949353697,0.047535279892690484
755,1772236800,2470927395,2654645307,2327758137,2572923514,False,1949353697,0.07435180506386348
756,1772238600,2331478645,2068295545,1458574645,1915865320,False,1949353697,0.11288248363947592
757,1772240400,2207345520,2114463086,1704151086,2011885086,False,1949353697,0.042078792449312605
758,1772242200,2150518854,2056165189,1563739459,1933058756,False,1949353697,0.043874837379128596
759,1772244000,2130609791,2030089168,1522819348,1903271713,False,1949353697,0.04717927394524021
760,1772245800,2227532500,2148464397,1642071627,2021866204,False,1949353697,0.035495824640044533
761,1772247600,2357730416,2290297438,1724457138,2148837363,False,1949353697,0.028600800813522693
762,1772249400,2540493437,2457463395,1920740415,2323282650,False,1949353697,0.03268264376941195
763,1772251200,2928196979,2834505916,2449076186,2738148484,False,1949353697,0.031996161348406334
764,1772253000,3588979687,3081642936,2771683636,3004153111,False,1949353697,0.1413596050258169
765,1772254800,4233510937,3757953647,3416967447,3672707097,False,1949353697,0.11233165499673776
766,1772256600,4776488125,4600654311,4122751811,4481178686,False,1949353697,0.03681236284869859
767,1772258400,5185470833,4831364119,4504476949,4749642327,False,1949353697,0.06828824718220144
768,1772260200,5439686770,5508493313,4898772413,5356063088,False,1949353697,0.012648989897629713
769,1772262000,5482646875,5660243735,5249931735,5557665735,False,1949353697,0.03239254032752201
770,1772263800,5572072708,5748038439,5255612709,5624932007,False,1949353697,0.03157994165211815
771,1772265600,5567488229,5751307310,5244037490,5624489855,False,1949353697,0.03301651901884964
772,1772267400,5560373958,5759410140,5253017370,5632811947,False,1949353697,0.035795466906256596
773,1772269200,5549864375,5756214636,5190374336,5614754561,False,1949353697,0.037181135800278
774,1772271000,5496352500,5713585591,5176862611,5579404846,False,1949353697,0.03952313666199539
775,1772272800,5480330833,5319076499,4933646769,5222719066,False,1949353697,0.029424196989897306
776,1772274600,5447638020,5257912376,4947953076,5180422551,False,1949353697,0.03482713853296736
777,1772276400,5354220104,5179625316,4838639116,5094378766,False,1949353697,0.03260881783129624
778,1772278200,5200029583,5366680034,4888777534,5247204409,False,1949353697,0.03204798133164774
779,1772280000,5132012499,4941412403,4614525233,4859690611,False,1949353697,0.03713944501053718
780,1772281800,5055901041,5333718355,4723997455,5181288130,False,1949353697,0.054949120195804085
781,1772283600,4976452083,4725136100,4314824100,4622558100,False,1949353697,0.050501035438182476
782,1772285400,4923621458,4957094584,4464668854,4833988151,False,1949353697,0.006798476748372316
783,1772287200,5142352083,4882374564,4375104744,4755557109,False,1949353697,0.050556149171398536
784,1772289000,5168706250,4809729855,4303337085,4683131663,False,1949353697,0.06945188556614143
785,1772290800,4901072604,4846713272,4280872972,4705253197,False,1949353697,0.011091313349578772
786,1772292600,4938836458,4882570752,4345847772,4748390007,False,1949353697,0.011392502359307723
787,1772294400,4937982916,4875918647,4490488917,4779561215,False,1949353697,0.012568749235421615
788,1772296200,4738697916,4561488295,4251528995,4483998470,False,1949353697,0.03739626879393593
789,1772298000,4740417395,4671928937,4330942737,4586682387,False,1949353697,0.014447769530218762
790,1772299800,4765098958,4958940253,4481037753,4839464628,False,1949353697,0.040679384984138665
791,1772301600,4892589270,4832181698,4505294528,4750459905,False,1949353697,0.012346749066062519
792,1772303400,5137178854,5407946072,4798225172,5255515847,False,1949353697,0.05270737610958795
793,1772305200,5182625416,4955970861,4545658861,4853392861,False,1949353697,0.04373353981946358
794,1772307000,5283164166,5023888335,4531462605,4900781902,False,1949353697,0.04907586114180954
795,1772308800,4992856250,5199471394,4692201574,5072653939,False,1949353697,0.041382153551887256
796,1772310600,4656811979,4967370678,4460977908,4840772486,False,1949353697,0.06668912131313687
797,1772312400,4254244166,4593515066,4027674766,4452054991,False,1949353697,0.07974880772275825
798,1772314200,3812790312,4104057266,3567334286,3969876521,False,1949353697,0.07639207251531645
799,1772316000,3462164791,3768383008,3382953278,3672025576,False,1949353697,0.08844703689322453
800,1772317800,3181623020,3358527813,3048568513,3281037988,False,1949353697,0.05560205966827585
801,1772319600,2858745416,3168824298,2827838098,3083577748,False,1949353697,0.10846677016586775
802,1772321400,2610106875,2612388359,2134485859,2492912734,False,1949353697,0.0008740960080418163
803,1772323200,2440116250,2701650608,2374763438,2619928816,False,1949353697,0.10718110581821665
804,1772325000,2311137916,2156455789,1546734889,2004025564,False,1949353697,0.06692899022993659
805,1772326800,2197924687,2166907138,1756595138,2064329138,False,1949353697,0.014112198285709504
806,1772328600,2118820937,2075445743,1583020013,1952339310,False,1949353697,0.020471382570635792
807,1772330400,2064056979,2011175076,1503905256,1884357621,False,1949353697,0.02562036975627503
808,1772332200,2122021666,2104228265,1597835495,1977630072,False,1949353697,0.008385117496722109
809,1772334000,2192739895,2175828849,1609988549,2034368774,False,1949353697,0.00771229001604862
810,1772335800,2317565312,2266967349,1730244369,2132786604,False,1949353697,0.02183237846114259
811,1772337600,2570877708,2550949600,2165519870,2454592167,False,1949353697,0.007751480336068945
812,1772339400,3148336458,2854100021,2544140721,2776610196,False,1949353697,0.09345774853648123
813,1772341200,3811626875,3455546131,3114559931,3370299581,False,1949353697,0.09341962255946157
814,1772343000,4424802083,4331586769,3853684269,4212111144,False,1949353697,0.021066549927313438
815,1772344800,4963548541,4879740791,4552853621,4798018998,False,1949353697,0.01688464398156472
816,1772346600,5248345104,5247337122,4637616222,5094906897,False,1949353697,0.00019205711134196788
817,1772348400,5364529166,5423050479,5012738479,5320472479,False,1949353697,0.01090893742751999
818,1772350200,5392255000,5454055313,4961629583,5330948881,False,1949353697,0.011460940367248953
819,1772352000,5412448229,5447817648,4940547828,5321000193,False,1949353697,0.0065348281412633165
820,1772353800,5422904895,5436200503,4929807733,5309602311,False,1949353697,0.0024517501703300664
821,1772355600,5451495208,5437284818,4871444518,5295824743,False,1949353697,0.0026066958619254464
822,1772357400,5521623333,5441085381,4904362401,5306904636,False,1949353697,0.01458591923839945
823,1772359200,5619831875,5445625320,5060195590,5349267887,False,1949353697,0.030998534987312233
824,1772361000,5591034062,5445795571,5135836271,5368305746,False,1949353697,0.025977035623361223
825,1772362800,5579047187,5398122072,5057135872,5312875522,False,1949353697,0.03242939321638686
826,1772364600,5526442083,5324299720,4846397220,5204824095,False,1949353697,0.03657730597083686
827,1772366400,5487360208,5267014137,4940126967,5185292345,False,1949353697,0.04015520444215752
828,1772368200,5412977500,5270378129,4660657229,5117947904,False,1949353697,0.026343979999916868
829,1772370000,5306552604,5070093569,4659781569,4967515569,False,1949353697,0.04455982115804538
830,1772371800,5125435416,4976179832,4483754102,4853073399,False,1949353697,0.02912056671986753
831,1772373600,4972586250,4907249637,4399979817,4780432182,False,1949353697,0.0131393624394147
832,1772375400,5104542708,4909326733,4402933963,4782728541,False,1949353697,0.03824357756749716
833,1772377200,5097672500,4926843413,4361003113,4785383338,False,1949353697,0.033511193000334956
834,1772379000,5187785416,4962286864,4425563884,4828106119,False,1949353697,0.0434672088218076
835,1772380800,5385543541,5047726252,4662296522,4951368819,False,1949353697,0.06272668421083331
836,1772382600,5163421874,4768512181,4458552881,4691022356,False,1949353697,0.07648216679495749
837,1772384400,5115330208,5067427424,4726441224,4982180874,False,1949353697,0.009364553616711502
838,1772386200,5291606249,5289796605,4811894105,5170320980,False,1949353697,0.0003419838731088474
839,1772388000,5515831249,4919584642,4592697472,4837862850,False,1949353697,0.10809732569467155
840,1772389800,5799368750,5836577727,5226856827,5684147502,False,1949353697,0.006416039159434378
841,1772391600,5621646666,5741771524,5331459524,5639193524,False,1949353697,0.021368268967617822
842,1772393400,5393886979,5483603083,4991177353,5360496651,False,1949353697,0.01663292248230105
843,1772395200,5052546875,5130067352,4622797532,5003249897,False,1949353697,0.015342851618768999
844,1772397000,4575986458,4682934120,4176541350,4556335928,False,1949353697,0.023371498797385645
845,1772398800,4003137708,4156317555,3590477255,4014857480,False,1949353697,0.038264945693444526
846,1772400600,3489209374,3639033802,3102310822,3504853057,False,1949353697,0.042939363030611875
847,1772402400,3034046666,3601477798,3216048068,3505120365,True,1949353697,0.18702122757659653
848,1772404200,2782806770,3272889122,2962929822,3195399297,True,1949353697,0.17611080915977503
849,1772406000,2502413750,3001276850,2660290650,2916030300,True,1949353697,0.19935276490548376
850,1772407800,2311029166,2750154850,2272252350,2630679225,False,1949353697,0.19001304287303833
851,1772409600,2158401250,2529070578,2202183408,2447348785,True,1949353697,0.1717332808253331
852,1772411400,2027261666,2066862924,1457142024,1914432699,False,1949353697,0.019534359409132142
853,1772413200,1924932291,1928717384,1518405384,1826139384,False,1949353697,0.0019663512413902354
854,1772415000,1874198541,1873184345,1380758615,1750077912,False,1949353697,0.000541135839033822
855,1772416800,1891518437,1891706827,1384437007,1764889372,False,1949353697,9.959723168164921e-05
856,1772418600,2097689895,2062916705,1556523935,1936318512,False,1949353697,0.016576897320659496
857,1772420400,2276071875,2269986479,1704146179,2128526404,False,1949353697,0.0026736396450573424
858,1772422200,2615897604,2610942399,2074219419,2476761654,False,1949353697,0.0018942656594902404
859,1772424000,3049620416,2690650124,2305220394,2594292691,False,1949353697,0.11770982713672913
860,1772425800,3692785416,3260904304,2950945004,3183414479,False,1949353697,0.11695266942096263
861,1772427600,4214036875,3870062667,3529076467,3784816117,False,1949353697,0.08162581823634374
862,1772429400,4657786666,4614737223,4136834723,4495261598,False,1949353697,0.009242467739934056
863,1772431200,5198405937,4822238107,4495350937,4740516315,False,1949353697,0.07236214996651194
864,1772433000,5815802395,5887496710,5277775810,5735066485,False,1949353697,0.012327501887209494
865,1772434800,6054040208,6100085553,5689773553,5997507553,False,1949353697,0.007605721702864514
866,1772436600,6109739583,6184279690,5691853960,6061173258,False,1949353697,0.0122002101705617
867,1772438400,6134925312,6205631119,5698361299,6078813664,False,1949353697,0.011525129223936672
868,1772440200,6089422291,6121507339,5615114569,5994909146,False,1949353697,0.00526898061371451
869,1772442000,6081416979,6136273351,5570433051,5994813276,False,1949353697,0.009020327366044275
870,1772443800,6035854374,6071382801,5534659821,5937202056,False,1949353697,0.005886229984779285
871,1772445600,6008095312,5983611000,5598181270,5887253567,False,1949353697,0.004075220303362591
872,1772447400,5892002083,5878915762,5568956462,5801425937,False,1949353697,0.002221031292191415
873,1772449200,5776421666,5762466565,5421480365,5677220015,False,1949353697,0.002415872975849336
874,1772451000,5589482812,5558526744,5080624244,5439051119,False,1949353697,0.00553827054151428
875,1772452800,5491883750,5472134839,5145247669,5390413047,False,1949353697,0.0035960176688008007
876,1772454600,5360588229,5348779670,4739058770,5196349445,False,1949353697,0.0022028476158861485
877,1772456400,5212689270,5218473012,4808161012,5115895012,False,1949353697,0.0011095505027100916
878,1772458200,5129361458,5127128236,4634702506,5004021804,False,1949353697,0.0004353801186143665
879,1772460000,5003098229,5034387210,4527117390,4907569755,False,1949353697,0.006253920984128653
880,1772461800,4820024583,4846473997,4340081227,4719875804,False,1949353697,0.005487402303566218
881,1772463600,4662949270,4707978803,4142138503,4566518728,False,1949353697,0.009656878167151923
882,1772465400,4596264583,4618600694,4081877714,4484419949,False,1949353697,0.004859622547103486
883,1772467200,4638314583,4328829110,3943399380,4232471677,False,1949353697,0.06672369186305362
884,1772469000,4722556250,4374335429,4064376129,4296845604,False,1949353697,0.07373566402729453
885,1772470800,4733711041,4741262824,4400276624,4656016274,False,1949353697,0.0015953198103120126
886,1772472600,4975530729,4931088882,4453186382,4811613257,False,1949353697,0.008932081705569545
887,1772474400,5248303854,4889345481,4562458311,4807623688,False,1949353697,0.0683951202113459
888,1772476200,5443056041,5373712397,4763991497,5221282172,False,1949353697,0.01273983649583372
889,1772478000,5406802500,5299035215,4888723215,5196457215,False,1949353697,0.01993179610314969
890,1772479800,5267088854,5120476702,4628050972,4997370269,False,1949353697,0.027835519024642603
891,1772481600,4876945416,4816288293,4309018473,4689470838,False,1949353697,0.012437523454947768
892,1772483400,4431097500,4407920614,3901527844,4281322421,False,1949353697,0.0052305068890946315
893,1772485200,3868945833,4427270787,3861430487,4285810712,False,1949353697,0.1443093230300079
894,1772487000,3348341666,3985074172,3448351192,3850893427,True,1949353697,0.1901635404969452
895,1772488800,2940374791,3594383824,3208954094,3498026391,True,1949353697,0.22242369748299207
896,1772490600,2694814166,3270982476,2961023176,3193492651,True,1949353697,0.21380632374187988
897,1772492400,2425966458,3099202557,2758216357,3013956007,True,1949353697,0.2775125339346304
898,1772494200,2257001250,2839171438,2361268938,2719695813,True,1949353697,0.2579396834627362
899,1772496000,2097226041,2654117219,2327230049,2572395426,True,1949353697,0.26553703182822536
900,1772497800,1972913124,1985846976,1376126076,1833416751,False,1949353697,0.006555712891086227
901,1772499600,1864065937,1953222759,1542910759,1850644759,False,1949353697,0.04782922118274832
902,1772501400,1825259895,1938251634,1445825904,1815145201,False,1949353697,0.06190446593908206
903,1772503200,1881015520,1987500403,1480230583,1860682948,False,1949353697,0.056610316006324074
904,1772505000,2063976770,2168962924,1662570154,2042364732,False,1949353697,0.05086595717838433
905,1772506800,2318339791,2416818465,1850978165,2275358390,False,1949353697,0.04247810195136318
906,1772508600,2704828750,2750557965,2213834985,2616377220,False,1949353697,0.016906510255039253
907,1772510400,3200029895,2843106741,2457677011,2746749309,False,1949353697,0.11153744362128842
908,1772512200,3856998958,3403080680,3093121380,3325590855,False,1949353697,0.11768690708575504
909,1772514000,4359014062,4000530810,3659544610,3915284260,False,1949353697,0.08223952639315894
910,1772515800,4785334687,4744594192,4266691692,4625118567,False,1949353697,0.00851361454626716
911,1772517600,5310050208,4892365974,4565478804,4810644181,False,1949353697,0.07865918732194406
912,1772519400,5908192395,5905966233,5296245333,5753536008,False,1949353697,0.0003767924013246356
913,1772521200,6107712187,6067773742,5657461742,5965195742,False,1949353697,0.00653901883016152
914,1772523000,6167323229,6100852882,5608427152,5977746450,False,1949353697,0.010777827678536937
915,1772524800,6160970833,6124048482,5616778662,5997231027,False,1949353697,0.005992943644893246
916,1772526600,6101601041,6049232831,5542840061,5922634638,False,1949353697,0.00858269979438336
917,1772528400,6074837500,6051109262,5485268962,5909649187,False,1949353697,0.0039059872794951307
918,1772530200,6016775000,5990786424,5454063444,5856605679,False,1949353697,0.004319353141840936
919,1772532000,5951176458,5904245045,5518815315,5807887612,False,1949353697,0.007886073170778093
920,1772533800,5820236458,5782704705,5472745405,5705214880,False,1949353697,0.006448492818262058
921,1772535600,5720165208,5703218117,5362231917,5617971567,False,1949353697,0.0029626925768330013
922,1772537400,5507545833,5534063508,5056161008,5414587883,False,1949353697,0.0048147897092588755
923,1772539200,5374770833,5506417752,5179530582,5424695960,False,1949353697,0.0244934943443011
924,1772541000,5259842499,5271452853,4661731953,5119022628,False,1949353697,0.002207357730237618
925,1772542800,5108470104,5177869487,4767557487,5075291487,False,1949353697,0.013585159859438027
926,1772544600,5052198541,5072969855,4580544125,4949863423,False,1949353697,0.004111341593453819
927,1772546400,5004802500,4975454703,4468184883,4848637248,False,1949353697,0.0058639270980223495
928,1772548200,4840434375,4804157571,4297764801,4677559379,False,1949353697,0.007494534826742693
929,1772550000,4730125625,4643834711,4077994411,4502374636,False,1949353697,0.018242837683618604
930,1772551800,4648008333,4561254558,4024531578,4427073813,False,1949353697,0.0186647201951133
931,1772553600,4712657291,4632519615,4247089885,4536162182,False,1949353697,0.01700477481208807
932,1772555400,4830764895,4351072999,4041113699,4273583174,False,1949353697,0.09929936695873914
933,1772557200,4879077083,4444263686,4103277486,4359017136,False,1949353697,0.08911796013942992
934,1772559000,5139347291,4589251722,4111349222,4469776097,False,1949353697,0.10703607634442698
935,1772560800,5405153854,4740775200,4413888030,4659053408,False,1949353697,0.12291577112246989
936,1772562600,5656773958,5115745959,4506025059,4963315734,False,1949353697,0.09564249924373591
937,1772564400,5600430520,5082432508,4672120508,4979854508,False,1949353697,0.09249253430609473
938,1772566200,5550801770,5530740881,5038315151,5407634449,False,1949353697,0.003614052497500735
939,1772568000,5199722916,5154747057,4647477237,5027929602,False,1949353697,0.008649664554548736
940,1772569800,4680189270,4555856877,4049464107,4429258685,False,1949353697,0.02656567626377213
941,1772571600,4068181562,3977365656,3411525356,3835905581,False,1949353697,0.022323464333128994
942,1772573400,3535769374,3885792665,3349069685,3751611920,False,1949353697,0.09899494395021026
943,1772575200,3083059791,3544164514,3158734784,3447807081,True,1949353697,0.14956074622556678
944,1772577000,2897705000,3123951232,2813991932,3046461407,False,1949353697,0.07807773117001213
945,1772578800,2605212916,2851656310,2510670110,2766409760,False,1949353697,0.094596258327471
946,1772580600,2621339166,2377441948,1899539448,2257966323,False,1949353697,0.09304298396920987
947,1772582400,2504604479,2242619582,1915732412,2160897789,False,1949353697,0.10460130499511097
948,1772584200,2436256458,2205912800,1596191900,2053482575,False,1949353697,0.09454819801241139
949,1772586000,2320328125,2080156906,1669844906,1977578906,False,1949353697,0.10350743776809584
950,1772587800,2236895312,2030547841,1538122111,1907441408,False,1949353697,0.0922472633802006
951,1772589600,2295288541,2058477004,1551207184,1931659549,False,1949353697,0.10317288339566541
952,1772591400,2487165104,2229280958,1722888188,2102682766,False,1949353697,0.10368597789718748
953,1772593200,2752575312,2480564601,1914724301,2339104526,False,1949353697,0.09882044273744471
954,1772595000,3167473645,2857803139,2321080159,2723622394,False,1949353697,0.09776577193904323
955,1772596800,3677444791,2893274922,2507845192,2796917489,False,1949353697,0.2132376999701367
956,1772598600,4380617187,3496743373,3186784073,3419253548,False,1949353697,0.20176924306990351
957,1772600400,4940915625,4025244425,3684258225,3939997875,False,1949353697,0.18532419282104215
958,1772602200,5370067395,4845343438,4367440938,4725867813,False,1949353697,0.09771273215091558
959,1772604000,5893753333,4933097111,4606209941,4851375319,False,1949353697,0.16299566129127652
960,1772605800,6494513541,5483118204,4873397304,5330687979,False,1949353697,0.1557307303487844
961,1772607600,6687598958,6119138396,5708826396,6016560396,False,1949353697,0.08500219070702236
962,1772609400,6726629166,6138140362,5645714632,6015033929,False,1949353697,0.08748643480668428
963,1772611200,6697983750,6106229828,5598960008,5979412373,False,1949353697,0.0883480677300837
964,1772613000,6648257604,5942084399,5435691629,5815486207,False,1949353697,0.10621929038596863
965,1772614800,6619525000,5924217095,5358376795,5782757020,False,1949353697,0.10503894237124264
966,1772616600,6524202812,5879601353,5342878373,5745420608,False,1949353697,0.09880156665491471
967,1772618400,6484233333,5809914986,5424485256,5713557554,False,1949353697,0.10399353514442691
968,1772620200,6333490208,5729384974,5419425674,5651895149,False,1949353697,0.09538267434864565
969,1772622000,6217683333,5641353920,5300367720,5556107370,False,1949353697,0.09269198544434781
970,1772623800,6009379166,5431593594,4953691094,5312117969,False,1949353697,0.09614729842127588
971,1772625600,5889726458,5361112020,5034224850,5279390227,False,1949353697,0.08975195058201461
972,1772627400,5754275000,5297781028,4688060128,5145350803,False,1949353697,0.07933127492168866
973,1772629200,5625230208,5153171449,4742859449,5050593449,False,1949353697,0.08391812273365364
974,1772631000,5554732083,5091678234,4599252504,4968571802,False,1949353697,0.08336204916473916
975,1772632800,5518835833,4950737623,4443467803,4823920168,False,1949353697,0.1029380520078246
976,1772634600,5325550625,4760057220,4253664450,4633459028,False,1949353697,0.10618496467677462
977,1772636400,5200242708,4628102130,4062261830,4486642055,False,1949353697,0.11002189900094948
978,1772638200,5116041875,4503869227,3967146247,4369688482,False,1949353697,0.11965747407022544
979,1772640000,5145150416,4634395492,4248965762,4538038059,False,1949353697,0.09926919189994775
980,1772641800,5234272083,4701889151,4391929851,4624399326,False,1949353697,0.1017109778700818
981,1772643600,5190380833,4702951561,4361965361,4617705011,False,1949353697,0.09391011713455902
982,1772645400,5454127812,4926052722,4448150222,4806577097,False,1949353697,0.09682117988473718
983,1772647200,5780356249,4904702325,4577815155,4822980533,False,1949353697,0.15148788176360029
984,1772649000,6060925000,5490424599,4880703699,5337994374,False,1949353697,0.09412761269938169
985,1772650800,6131193750,5461393988,5051081988,5358815988,False,1949353697,0.1092445923764846
986,1772652600,6129183020,5454339891,4961914161,5331233459,False,1949353697,0.11010327588488295
987,1772654400,6031220312,5153481002,4646211182,5026663547,False,1949353697,0.14553262268559625
988,1772656200,5492411041,4739628156,4233235386,4613029963,False,1949353697,0.13705873056124024
989,1772658000,4805672604,4227308121,3661467821,4085848046,False,1949353697,0.12035037145863797
990,1772659800,4648347291,4094731498,3558008518,3960550753,False,1949353697,0.11909949027945813
991,1772661600,3941916979,3719889989,3334460259,3623532556,False,1949353697,0.05632462357345857
992,1772663400,3463829791,3353310107,3043350807,3275820282,False,1949353697,0.03190678834368856
993,1772665200,2943164687,2916990189,2576003989,2831743639,False,1949353697,0.008893317494468837
994,1772667000,2760585416,2427097533,1949195033,2307621908,False,1949353697,0.12080331985641411
995,1772668800,2564455104,2254868436,1927981266,2173146644,False,1949353697,0.12072220235679353
996,1772670600,2381831250,2206600393,1596879493,2054170168,False,1949353697,0.07356980348628812
997,1772672400,2271627083,2066328463,1656016463,1963750463,False,1949353697,0.09037514191320284
998,1772674200,2235847083,2021476184,1529050454,1898369751,False,1949353697,0.09587905211852094
999,1772676000,2329166979,2047024113,1539754293,1920206658,False,1949353697,0.12113466683317599
1000,1772677800,2509004895,2217903396,1711510626,2091305203,False,1949353697,0.11602269074090428
1001,1772679600,2784819791,2473522574,1907682274,2332062499,False,1949353697,0.11178361271564233
1002,1772681400,3171060729,2829839045,2293116065,2695658300,False,1949353697,0.107604903583037
1003,1772683200,3675141354,2957587302,2572157572,2861229870,False,1949353697,0.1952452934140938
1004,1772685000,4365530208,3582709678,3272750378,3505219853,False,1949353697,0.17931854613340015
1005,1772686800,4863692708,4110092944,3769106744,4024846394,False,1949353697,0.15494395087100146
1006,1772688600,5245282291,4780382843,4302480343,4660907218,False,1949353697,0.08863192145019293
1007,1772690400,5773712812,5009817170,4682930000,4928095378,False,1949353697,0.13230579124273908
1008,1772692200,6374766458,5854040658,5244319758,5701610433,False,1949353697,0.08168547090011685
1009,1772694000,6584325624,6010236761,5599924761,5907658761,False,1949353697,0.08719022961249585
1010,1772695800,6621389583,6050704991,5558279261,5927598559,False,1949353697,0.08618804026653207
1011,1772697600,6625104166,6082189784,5574919964,5955372329,False,1949353697,0.0819480521961049
1012,1772699400,6563635625,5982482285,5476089515,5855884092,False,1949353697,0.08854137755399852
1013,1772701200,6550133333,5943991140,5378150840,5802531065,False,1949353697,0.09253890908544045
1014,1772703000,6439466666,5911342495,5374619515,5777161750,False,1949353697,0.08201365088019853
1015,1772704800,6387337812,5896269996,5510840266,5799912563,False,1949353697,0.07688145365936691
1016,1772706600,6273593750,5774293850,5464334550,5696804025,False,1949353697,0.07958754103260193
1017,1772708400,6168387500,5707291768,5366305568,5622045218,False,1949353697,0.07475142117773892
1018,1772710200,5961894583,5488514893,5010612393,5369039268,False,1949353697,0.0794008822882939
1019,1772712000,5857633333,5414608645,5087721475,5332886852,False,1949353697,0.07563202795643474
1020,1772713800,5726476041,5269120331,4659399431,5116690106,False,1949353697,0.0798668686859874
1021,1772715600,5556808333,5135179310,4724867310,5032601310,False,1949353697,0.07587611408082734
1022,1772717400,5368387708,4928155016,4435729286,4805048584,False,1949353697,0.08200463825367212
1023,1772719200,5244120312,4781734369,4274464549,4654916914,False,1949353697,0.08817226064435113
1024,1772721000,5076593750,4604742471,4098349701,4478144278,False,1949353697,0.0929464326350715
1025,1772722800,4926193958,4505121511,3939281211,4363661436,False,1949353697,0.08547622172208429
1026,1772724600,4779745833,4362005030,3825282050,4227824285,False,1949353697,0.08739812065232884
1027,1772726400,4840216666,4404552716,4019122986,4308195283,False,1949353697,0.09000918348558903
1028,1772728200,4925754166,4450917276,4140957976,4373427451,False,1949353697,0.09639882015987722
1029,1772730000,4974872708,4466411420,4125425220,4381164870,False,1949353697,0.10220588904362375
1030,1772731800,5217132916,4641506189,4163603689,4522030564,False,1949353697,0.11033392023321033
1031,1772733600,5529168750,4983272625,4656385455,4901550832,False,1949353697,0.0987302340880806
1032,1772735400,5790502604,5294537572,4684816672,5142107347,False,1949353697,0.08565146515216039
1033,1772737200,5767320416,5334400501,4924088501,5231822501,False,1949353697,0.0750643078194461
1034,1772739000,5639527083,5292672767,4800247037,5169566334,False,1949353697,0.061504149354219884
1035,1772740800,5298131250,5021807949,4514538129,4894990494,False,1949353697,0.05215486139570438
1036,1772742600,4864279479,4579963132,4073570362,4453364939,False,1949353697,0.05844983789016371
1037,1772744400,4332700000,4066999147,3501158847,3925539072,False,1949353697,0.06132454427954855
1038,1772746200,3832917187,3560904434,3024181454,3426723689,False,1949353697,0.07096755284006087
1039,1772748000,3390403541,3555414103,3169984373,3459056671,False,1949353697,0.0486698884084253
1040,1772749800,2992993229,3262571065,2952611765,3185081240,False,1949353697,0.09006964445758858
1041,1772751600,2544032708,3008610256,2667624056,2923363706,True,1949353697,0.18261461283067748
1042,1772753400,2341684687,2494373393,2016470893,2374897768,False,1949353697,0.06520463956896516
1043,1772755200,2188485312,2357092846,2030205676,2275371053,False,1949353697,0.0770430274653815
1044,1772757000,2070393750,2174261112,1564540212,2021830887,False,1949353697,0.05016792675306327
1045,1772758800,1976797187,2127726192,1717414192,2025148192,False,1949353697,0.07635027305408645
1046,1772760600,1922713124,2084056210,1591630480,1960949778,False,1949353697,0.08391427924741206
1047,1772762400,1971888125,2129630396,1622360576,2002812941,False,1949353697,0.07999554792186803
1048,1772764200,2136912500,2295317186,1788924416,2168718994,False,1949353697,0.07412782975437693
1049,1772766000,2376637708,2561927726,1996087426,2420467651,False,1949353697,0.07796308935783325
1050,1772767800,2791937812,2924612119,2387889139,2790431374,False,1949353697,0.04752050938590175
1051,1772769600,3288638541,3006046991,2620617261,2909689559,False,1949353697,0.08592964732270952
1052,1772771400,3956310000,3673230633,3363271333,3595740808,False,1949353697,0.0715513614959394
1053,1772773200,4463332916,4556911031,4215924831,4471664481,False,1949353697,0.02096597246074664
1054,1772775000,4864772916,4928301571,4450399071,4808825946,False,1949353697,0.013058914793547169
1055,1772776800,5345458541,5157691549,4830804379,5075969757,False,1949353697,0.03512645183941012
1056,1772778600,5848223958,6067649119,5457928219,5915218894,False,1949353697,0.037519965475986995
1057,1772780400,6033567187,6198217243,5787905243,6095639243,False,1949353697,0.027289006800944735
1058,1772782200,6085725000,6184008425,5691582695,6060901993,False,1949353697,0.016149830135275583
1059,1772784000,6068526458,6159451692,5652181872,6032634237,False,1949353697,0.014983082735041113
1060,1772785800,6000902604,5971855686,5465462916,5845257494,False,1949353697,0.004840424835530292
1061,1772787600,5998245104,5941397702,5375557402,5799937627,False,1949353697,0.009477338957371156
1062,1772789400,5878604166,5884279405,5347556425,5750098660,False,1949353697,0.000965405875228647
1063,1772791200,5830403958,5745106213,5359676483,5648748780,False,1949353697,0.014629817353043173
1064,1772793000,5710081250,5597860104,5287900804,5520370279,False,1949353697,0.019653160977350367
1065,1772794800,5561438750,5484010557,5143024357,5398764007,False,1949353697,0.013922331339170103
1066,1772796600,5340126041,5287785385,4809882885,5168309760,False,1949353697,0.009801389629784583
1067,1772798400,5279392708,5212031464,4885144294,5130309671,False,1949353697,0.01275927890303098
1068,1772800200,5227251041,5089454843,4479733943,4937024618,False,1949353697,0.026361121155114617
1069,1772802000,5107376562,4950844237,4540532237,4848266237,False,1949353697,0.030648283536529257
1070,1772803800,4949012500,4787665818,4295240088,4664559386,False,1949353697,0.03260179318601438
1071,1772805600,4749528541,4580938440,4073668620,4454120985,False,1949353697,0.03549617599823999
1072,1772807400,4555872708,4384488771,3878096001,4257890579,False,1949353697,0.03761824528131658
1073,1772809200,4437144166,4278441811,3712601511,4136981736,False,1949353697,0.035766779050378956
1074,1772811000,4368770833,4182198704,3645475724,4048017959,False,1949353697,0.04270586307496528
1075,1772812800,4405916979,4183466014,3798036284,4087108581,False,1949353697,0.050489141320699406
1076,1772814600,4424994791,4169579262,3859619962,4092089437,False,1949353697,0.05772109145065884
1077,1772816400,4434946875,4150798135,3809811935,4065551585,False,1949353697,0.06407038190282718
1078,1772818200,4606378437,4324158049,3846255549,4204682424,False,1949353697,0.06126730399159343
1079,1772820000,4801337708,4532831505,4205944335,4451109712,False,1949353697,0.05592320709968273
1080,1772821800,4982654166,4865067228,4255346328,4712637003,False,1949353697,0.02359925736013845
1081,1772823600,4983627812,4833851850,4423539850,4731273850,False,1949353697,0.030053601041264918
1082,1772825400,5030610937,4929927126,4437501396,4806820693,False,1949353697,0.020014231325160416
1083,1772827200,4857907708,4854804694,4347534874,4727987239,False,1949353697,0.0006387552391927821
1084,1772829000,4652401041,4601812366,4095419596,4475214173,False,1949353697,0.01087367029501101
1085,1772830800,4251608854,4257534621,3691694321,4116074546,False,1949353697,0.0013937705004130184
1086,1772832600,3859910208,3860443231,3323720251,3726262486,False,1949353697,0.00013809207242574282
1087,1772834400,3473784895,3508688507,3123258777,3412331075,False,1949353697,0.010047718282798278
1088,1772836200,3138381041,3222775346,2912816046,3145285521,False,1949353697,0.026891031999450574
1089,1772838000,2817408333,2922225726,2581239526,2836979176,False,1949353697,0.0372034794432476
1090,1772839800,2615232291,2716463086,2238560586,2596987461,False,1949353697,0.038708146633235345
1091,1772841600,2436394791,2540909090,2214021920,2459187298,False,1949353697,0.04289711149690272
1092,1772843400,2294143020,2371102643,1761381743,2218672418,False,1949353697,0.03354613131312101
1093,1772845200,2189096979,2278641231,1868329231,2176063231,False,1949353697,0.04090465285868909
1094,1772847000,2124865833,2221885155,1729459425,2098778722,False,1949353697,0.04565903432266257
1095,1772848800,2104397604,2202046682,1694776862,2075229227,False,1949353697,0.04640238984039444
1096,1772850600,2190205416,2299039981,1792647211,2172441788,False,1949353697,0.04969148747644225
1097,1772852400,2323611979,2429308486,1863468186,2287848411,False,1949353697,0.04548801949518612
1098,1772854200,2528527604,2612142097,2075419117,2477961352,False,1949353697,0.03306845172175546
1099,1772856000,2860618437,2999916229,2614486499,2903558796,False,1949353697,0.048694992033290876
1100,1772857800,3485421875,3254900127,2944940827,3177410302,False,1949353697,0.06613883663652624
1101,1772859600,4123845104,3924925535,3583939335,3839678985,False,1949353697,0.04823643080266382
1102,1772861400,4691610729,4848419144,4370516644,4728943519,False,1949353697,0.03342315124968246
1103,1772863200,5161753541,4974187071,4647299901,4892465279,False,1949353697,0.03633774230213678
1104,1772865000,5454860416,5619851274,5010130374,5467421049,False,1949353697,0.030246577440561955
1105,1772866800,5579972916,5554637251,5144325251,5452059251,False,1949353697,0.004540463794609572
1106,1772868600,5637096145,5644134361,5151708631,5521027929,False,1949353697,0.0012485534784150822
1107,1772870400,5647946250,5639621160,5132351340,5512803705,False,1949353697,0.0014740030502237871
1108,1772872200,5651038854,5632578166,5126185396,5505979974,False,1949353697,0.0032667777513037074
1109,1772874000,5642309583,5622139861,5056299561,5480679786,False,1949353697,0.003574727990957883
1110,1772875800,5644393333,5568699264,5031976284,5434518519,False,1949353697,0.01341048798946273
1111,1772877600,5640092708,5552748874,5167319144,5456391442,False,1949353697,0.015486240833614325
1112,1772879400,5607055833,5520127339,5210168039,5442637514,False,1949353697,0.015503411520960327
1113,1772881200,5518272916,5426780700,5085794500,5341534150,False,1949353697,0.016579864278680776
1114,1772883000,5375586458,5272661457,4794758957,5153185832,False,1949353697,0.019146748323027343
1115,1772884800,5296200520,5204715651,4877828481,5122993858,False,1949353697,0.017273679245060004
1116,1772886600,5184092083,5154816179,4545095279,5002385954,False,1949353697,0.005647257712879635
1117,1772888400,5082225416,5051829571,4641517571,4949251571,False,1949353697,0.00598081401590472
1118,1772890200,4985411145,4999073577,4506647847,4875967144,False,1949353697,0.0027404825003655743
1119,1772892000,4878926041,5217878833,4710609013,5091061378,False,1949353697,0.0694728284773358
1120,1772893800,4798370625,5244307631,4737914861,5117709439,False,1949353697,0.09293509002339727
1121,1772895600,4723695104,4976748616,4410908316,4835288541,False,1949353697,0.053571093482666914
1122,1772897400,4729696145,5014587102,4477864122,4880406357,False,1949353697,0.060234515762957117
1123,1772899200,4812972916,5013808191,4628378461,4917450758,False,1949353697,0.04172790466623104
1124,1772901000,4821450312,4814597822,4504638522,4737107997,False,1949353697,0.0014212507765443503
1125,1772902800,4717569791,4816391932,4475405732,4731145382,False,1949353697,0.02094767971181457
1126,1772904600,4780013541,4841148126,4363245626,4721672501,False,1949353697,0.012789625902861014
1127,1772906400,4990088125,4968713069,4641825899,4886991277,False,1949353697,0.004283502708682124
1128,1772908200,5200128958,5221345761,4611624861,5068915536,False,1949353697,0.004080053239325839
1129,1772910000,5208026562,5255036434,4844724434,5152458434,False,1949353697,0.009026427081421633
1130,1772911800,5227876041,5355646878,4863221148,5232540446,False,1949353697,0.02444029582911834
1131,1772913600,5057173541,5065410656,4558140836,4938593201,False,1949353697,0.0016287981682296
1132,1772915400,4738217187,4729438079,4223045309,4602839887,False,1949353697,0.0018528293772786064
1133,1772917200,4334753125,4326941961,3761101661,4185481886,False,1949353697,0.0018019858974090942
1134,1772919000,3849910104,3885559801,3348836821,3751379056,False,1949353697,0.009259877772979814
1135,1772920800,3481442083,3535005974,3149576244,3438648541,False,1949353697,0.015385547058661209
1136,1772922600,3177304479,3254535897,2944576597,3177046072,False,1949353697,0.02430721339753602
1137,1772924400,2933711979,2931729987,2590743787,2846483437,False,1949353697,0.0006755918829753669
1138,1772926200,2894430000,2683163140,2205260640,2563687515,False,1949353697,0.07299083411932573
1139,1772928000,2745481250,2513244209,2186357039,2431522416,False,1949353697,0.08458882791496027
1140,1772929800,2621497083,2445688487,1835967587,2293258262,False,1949353697,0.06706419669130717
1141,1772931600,2491973854,2272221997,1861909997,2169643997,False,1949353697,0.08818385339286951
1142,1772933400,2366165520,2193191809,1700766079,2070085376,False,1949353697,0.07310296322803318
1143,1772935200,2315596354,2138501413,1631231593,2011683958,False,1949353697,0.07647919322989226
1144,1772937000,2364784479,2196539661,1690146891,2069941469,False,1949353697,0.07114594141413932
1145,1772938800,2437579791,2267331452,1701491152,2125871377,False,1949353697,0.06984318610967677
1146,1772940600,2527030937,2392230431,1855507451,2258049686,False,1949353697,0.053343433207046646
1147,1772942400,2768570208,2645616388,2260186658,2549258956,False,1949353697,0.04441058407863934
1148,1772944200,3296132916,3223148700,2913189400,3145658875,False,1949353697,0.02214237649389743
1149,1772946000,3903596354,3601648084,3260661884,3516401534,False,1949353697,0.07735130444278512
1150,1772947800,4485977916,4499761448,4021858948,4380285823,False,1949353697,0.003072581331896151
1151,1772949600,4993919583,5038581468,4711694298,4956859676,False,1949353697,0.008943252741200579
1152,1772951400,5260539062,5329911806,4720190906,5177481581,False,1949353697,0.013187383114616629
1153,1772953200,5370826041,5445435661,5035123661,5342857661,False,1949353697,0.013891647100547005
1154,1772955000,5384286458,5473241600,4980815870,5350135168,False,1949353697,0.016521249880349514
1155,1772956800,5377769791,5493514935,4986245115,5366697480,False,1949353697,0.021522889319975355
1156,1772958600,5397531249,5504051706,4997658936,5377453514,False,1949353697,0.019735032941168247
1157,1772960400,5425689270,5532722124,4966881824,5391262049,False,1949353697,0.019727051932703105
1158,1772962200,5475211458,5602930355,5066207375,5468749610,False,1949353697,0.023326751483431017
1159,1772964000,5505503437,5701219002,5315789272,5604861570,False,1949353697,0.035549076889986875
1160,1772965800,5503437916,5672501295,5362541995,5595011470,False,1949353697,0.030719594111979803
1161,1772967600,5476141666,5660594525,5319608325,5575347975,False,1949353697,0.03368299621341461
1162,1772969400,5412134687,5608069527,5130167027,5488593902,False,1949353697,0.036202875821002276
1163,1772971200,5339163958,5569067757,5242180587,5487345965,False,1949353697,0.043059887429664136
1164,1772973000,5281008854,5422416114,4812695214,5269985889,False,1949353697,0.02677656181032413
1165,1772974800,5154578645,5384204273,4973892273,5281626273,False,1949353697,0.0445478949521392
1166,1772976600,4970077083,5203163968,4710738238,5080057536,False,1949353697,0.0468980422451126
1167,1772978400,4925034375,5050391685,4543121865,4923574230,False,1949353697,0.025453083258936644
1168,1772980200,4890810416,5182425026,4676032256,5055826833,False,1949353697,0.05962500796309746
1169,1772982000,4860978541,5175631701,4609791401,5034171626,False,1949353697,0.06473041535691898
1170,1772983800,4833905729,5265821500,4729098520,5131640755,False,1949353697,0.08935130207625114
1171,1772985600,4855421875,5463656507,5078226777,5367299075,True,1949353697,0.12526916252771547
1172,1772987400,4904765312,4925683969,4615724669,4848194144,False,1949353697,0.004264965940127739
1173,1772989200,4928779583,5193596940,4852610740,5108350390,False,1949353697,0.05372878874790616
1174,1772991000,5070269479,5369949864,4892047364,5250474239,False,1949353697,0.059105415647277476
1175,1772992800,5392008645,5117254462,4790367292,5035532669,False,1949353697,0.05095581277577867
1176,1772994600,5574922604,6016613370,5406892470,5864183145,False,1949353697,0.07922814312849606
1177,1772996400,5531504166,5694206984,5283894984,5591628984,False,1949353697,0.02941384714126599
1178,1772998200,5419584375,5466519139,4974093409,5343412706,False,1949353697,0.008660214649762694
1179,1773000000,5130561145,5125250877,4617981057,4998433422,False,1949353697,0.0010350267446232726
1180,1773001800,4696442291,4648762302,4142369532,4522164109,False,1949353697,0.010152363437185478
1181,1773003600,4152940104,4075985394,3510145094,3934525319,False,1949353697,0.018530175748472582
1182,1773005400,3635361458,3562128901,3025405921,3427948156,False,1949353697,0.020144504981435604
1183,1773007200,3200943020,3560982941,3175553211,3464625509,False,1949353697,0.11247932835742887
1184,1773009000,2835991979,3247935863,2937976563,3170446038,True,1949353697,0.14525565906052232
1185,1773010800,2385563854,2974639284,2633653084,2889392734,True,1949353697,0.24693341534843694
1186,1773012600,2189838645,2384236061,1906333561,2264760436,False,1949353697,0.0887724839653654
1187,1773014400,2078080416,2528215450,2201328280,2446493657,True,1949353697,0.21661097931255419
1188,1773016200,1954173958,2084492508,1474771608,1932062283,False,1949353697,0.06668728209507743
1189,1773018000,1865992500,1995581045,1585269045,1893003045,False,1949353697,0.06944751653610612
1190,1773019800,1801404791,1944917244,1452491514,1821810811,False,1949353697,0.07966696531340578
1191,1773021600,1813414583,1962307089,1455037269,1835489634,False,1949353697,0.08210615895328333
1192,1773023400,1976976145,2168548496,1662155726,2041950304,False,1949353697,0.09690170085486793
1193,1773025200,2228513541,2347000426,1781160126,2205540351,False,1949353697,0.05316857305108921
1194,1773027000,2575249270,2686896104,2150173124,2552715359,False,1949353697,0.043353796970496766
1195,1773028800,3028651041,3120688865,2735259135,3024331433,False,1949353697,0.030389048706519504
1196,1773030600,3663822395,3418418925,3108459625,3340929100,False,1949353697,0.0669801763139231
1197,1773032400,4180816041,4010065857,3669079657,3924819307,False,1949353697,0.040841353057753445
1198,1773034200,4637905729,4729064963,4251162463,4609589338,False,1949353697,0.019655258068312496
1199,1773036000,5173830937,4968819920,4641932750,4887098127,False,1949353697,0.03962460689117024
1200,1773037800,5785534375,5985540399,5375819499,5833110174,False,1949353697,0.03457001739791754
1201,1773039600,6078012812,6124426518,5714114518,6021848518,False,1949353697,0.00763632908248631
1202,1773041400,6171733541,6180195582,5687769852,6057089150,False,1949353697,0.0013710962963298808
1203,1773043200,6172007291,6205451001,5698181181,6078633546,False,1949353697,0.005418611551021254
1204,1773045000,6115906249,6160017669,5653624899,6033419477,False,1949353697,0.007212572953879497
1205,1773046800,6098155937,6152082047,5586241747,6010621972,False,1949353697,0.00884301919418103
1206,1773048600,6040015208,6106589131,5569866151,5972408386,False,1949353697,0.01102214492967217
1207,1773050400,5963907291,6078899758,5693470028,5982542326,False,1949353697,0.019281397478048086
1208,1773052200,5831349270,5962876219,5652916919,5885386394,False,1949353697,0.02255514854454945
1209,1773054000,5705893750,5847365491,5506379291,5762118941,False,1949353697,0.02479396693988562
1210,1773055800,5497907291,5660496327,5182593827,5541020702,False,1949353697,0.029572895175252602
1211,1773057600,5362376041,5562966954,5236079784,5481245162,False,1949353697,0.037407095561055224
1212,1773059400,5192549270,5369527767,4759806867,5217097542,False,1949353697,0.034083161814659105
1213,1773061200,5050998958,5281139909,4870827909,5178561909,False,1949353697,0.04556345248012621
1214,1773063000,4958011458,5197879870,4705454140,5074773438,False,1949353697,0.04837996322355413
1215,1773064800,4888579479,5071684414,4564414594,4944866959,False,1949353697,0.037455652666908396
1216,1773066600,4757843020,4888678541,4382285771,4762080349,False,1949353697,0.027498915044069698
1217,1773068400,4654012083,4731671001,4165830701,4590210926,False,1949353697,0.016686445289574896
1218,1773070200,4571042083,4665054087,4128331107,4530873342,False,1949353697,0.020566864687077965
1219,1773072000,4626918750,4707171860,4321742130,4610814427,False,1949353697,0.01734482802404948
1220,1773073800,4707541458,4512904643,4202945343,4435414818,False,1949353697,0.04134574633840644
1221,1773075600,4767905833,4802703864,4461717664,4717457314,False,1949353697,0.00729838889836145
1222,1773077400,5024485937,5044591324,4566688824,4925115699,False,1949353697,0.004001481395727509
1223,1773079200,5291772916,5030265524,4703378354,4948543732,False,1949353697,0.04941772750854753
1224,1773081000,5444469062,5610328114,5000607214,5457897889,False,1949353697,0.030463769765471393
1225,1773082800,5437516666,5473965266,5063653266,5371387266,False,1949353697,0.006703170259303808
1226,1773084600,5337109375,5334318118,4841892388,5211211685,False,1949353697,0.0005229904062065432
1227,1773086400,4931803125,4944241178,4436971358,4817423723,False,1949353697,0.002522009229636473
1228,1773088200,4451267708,4498459759,3992066989,4371861567,False,1949353697,0.010601935020709835
1229,1773090000,3875487291,3936374590,3370534290,3794914515,False,1949353697,0.01571087567269228
1230,1773091800,3364632291,3925222926,3388499946,3791042181,True,1949353697,0.1666127488877506
1231,1773093600,2932645104,3531143770,3145714040,3434786338,True,1949353697,0.20408151848434505
1232,1773095400,2685466770,3223377065,2913417765,3145887240,True,1949353697,0.20030420819543412
1233,1773097200,2441372708,3032250086,2691263886,2947003536,True,1949353697,0.24202669918598926
1234,1773099000,2258330937,2790498647,2312596147,2671023022,True,1949353697,0.23564646849630436
1235,1773100800,2105027187,2610566727,2283679557,2528844935,True,1949353697,0.24015819991402323
1236,1773102600,2001476250,2010525640,1400804740,1858095415,False,1949353697,0.004521357672867715
1237,1773104400,1905060208,1929871926,1519559926,1827293926,False,1949353697,0.01302411225419916
1238,1773106200,1879455416,1891131039,1398705309,1768024606,False,1949353697,0.006212237279269411
1239,1773108000,1905009583,1946951818,1439681998,1820134363,False,1949353697,0.022016810505461903
1240,1773109800,2076289270,2129978223,1623585453,2003380030,False,1949353697,0.025858127658676386
1241,1773111600,2330218958,2384406398,1818566098,2242946323,False,1949353697,0.02325422673863595
1242,1773113400,2718211979,2770960511,2234237531,2636779766,False,1949353697,0.019405599124541272
1243,1773115200,3208745104,3266226811,2880797081,3169869378,False,1949353697,0.017914077041627174
1244,1773117000,3870303645,3560126406,3250167106,3482636581,False,1949353697,0.08014286925541729
1245,1773118800,4399385833,4138554686,3797568486,4053308136,False,1949353697,0.05928808176893541
1246,1773120600,4812689583,4851727066,4373824566,4732251441,False,1949353697,0.008111365241151894
1247,1773122400,5338412083,5042360355,4715473185,4960638562,False,1949353697,0.05545688931410281
1248,1773124200,5916855729,6111958554,5502237654,5959528329,False,1949353697,0.032974071692123894
1249,1773126000,6109223333,6175408981,5765096981,6072830981,False,1949353697,0.010833725400491918
1250,1773127800,6156498541,6235087050,5742661320,6111980617,False,1949353697,0.012765130776305662
1251,1773129600,6135178437,6228801680,5721531860,6101984225,False,1949353697,0.01526006846604126
1252,1773131400,6109701041,6169498915,5663106145,6042900722,False,1949353697,0.009787364978861983
1253,1773133200,6083177708,6142802400,5576962100,6001342325,False,1949353697,0.009801569979056741
1254,1773135000,6009411770,6084806927,5548083947,5950626182,False,1949353697,0.012546179207819537
1255,1773136800,5934577812,6019275411,5633845681,5922917979,False,1949353697,0.014271882799941961
1256,1773138600,5784125729,5888402438,5578443138,5810912613,False,1949353697,0.01802808477644003
1257,1773140400,5645464583,5788398214,5447412014,5703151664,False,1949353697,0.025318311522210465
1258,1773142200,5438107604,5575845866,5097943366,5456370241,False,1949353697,0.025328344348811087
1259,1773144000,5304951666,5443137893,5116250723,5361416100,False,1949353697,0.02604853648067149
1260,1773145800,5153412500,5286534123,4676813223,5134103898,False,1949353697,0.025831742170843105
1261,1773147600,5046395104,5174130787,4763818787,5071552787,False,1949353697,0.02531226357974843
1262,1773149400,4969266666,5117924234,4625498504,4994817802,False,1949353697,0.029915393556381946
1263,1773151200,4866808645,5070593204,4563323384,4943775749,False,1949353697,0.04187231795303101
1264,1773153000,4741800000,4906290089,4399897319,4779691897,False,1949353697,0.03468937724071028
1265,1773154800,4650174375,4796046350,4230206050,4654586275,False,1949353697,0.03136914086151877
1266,1773156600,4553155937,4713994069,4177271089,4579813324,False,1949353697,0.03532453845759862
1267,1773158400,4625180937,4778708037,4393278307,4682350605,False,1949353697,0.03319375005890716
1268,1773160200,4687765000,4513127136,4203167836,4435637311,False,1949353697,0.03725397156214102
1269,1773162000,4772747395,4597407133,4256420933,4512160583,False,1949353697,0.03673780476705912
1270,1773163800,5068930208,4765516614,4287614114,4646040989,False,1949353697,0.05985752053187472
1271,1773165600,5351972916,4939961720,4613074550,4858239927,False,1949353697,0.07698304951586567
1272,1773167400,5628870833,5713338847,5103617947,5560908622,False,1949353697,0.015006209327951726
1273,1773169200,5570648541,5251313351,4841001351,5148735351,False,1949353697,0.057324598320947995
1274,1773171000,5599230208,5616147645,5123721915,5493041213,False,1949353697,0.0030213862212396464
1275,1773172800,5197119791,5265133426,4757863606,5138315971,False,1949353697,0.013086793788702186
1276,1773174600,4715669166,4745664415,4239271645,4619066223,False,1949353697,0.006360761950025228
1277,1773176400,4168782604,4133721342,3567881042,3992261267,False,1949353697,0.00841043185278078
1278,1773178200,3599434687,3601373789,3064650809,3467193044,False,1949353697,0.000538724041028835
1279,1773180000,3204956041,3517612619,3132182889,3421255187,False,1949353697,0.09755409247436851
1280,1773181800,2801730000,2963438685,2653479385,2885948860,False,1949353697,0.05771744065273956
1281,1773183600,2486800000,2671011236,2330025036,2585764686,False,1949353697,0.0740756136400193
1282,1773185400,2292138124,2687202121,2209299621,2567726496,False,1949353697,0.1723561040512583
1283,1773187200,2061248437,2570532068,2243644898,2488810276,True,1949353697,0.24707532670890753
1284,1773189000,2022145833,2511688425,1901967525,2359258200,False,1949353697,0.24209064648602918
1285,1773190800,1922407499,2383805086,1973493086,2281227086,True,1949353697,0.24001029294778048
1286,1773192600,1884278854,2300435121,1808009391,2177328689,False,1949353697,0.22085704890047023
1287,1773194400,1899279791,2358891199,1851621379,2232073744,False,1949353697,0.2419924700815184
1288,1773196200,2072432604,2550830610,2044437840,2424232418,False,1949353697,0.2308388726739024
1289,1773198000,2357278229,2816303667,2250463367,2674843592,False,1949353697,0.19472688134685182
1290,1773199800,2763319583,3231264848,2694541868,3097084103,False,1949353697,0.169341710556683
1291,1773201600,3276968645,3113962948,2728533218,3017605515,False,1949353697,0.04974283084725701
1292,1773203400,3951094583,3737435037,3427475737,3659945212,False,1949353697,0.054076039313078625
1293,1773205200,4453243020,4272358414,3931372214,4187111864,False,1949353697,0.04061862449177543
1294,1773207000,4854989895,5014330827,4536428327,4894855202,False,1949353697,0.032820033706784886
1295,1773208800,5382088854,5189333802,4862446632,5107612009,False,1949353697,0.03581417126860388
1296,1773210600,5955612291,5854899927,5245179027,5702469702,False,1949353697,0.01691049703692003
1297,1773212400,6163606666,6290705222,5880393222,6188127222,False,1949353697,0.020620809030710462
1298,1773214200,6218136145,6313770138,5821344408,6190663706,False,1949353697,0.015379848682936806
1299,1773216000,6186400000,6282569930,5775300110,6155752475,False,1949353697,0.015545378572352256
1300,1773217800,6104213541,6141365659,5634972889,6014767467,False,1949353697,0.006086307064859611
1301,1773219600,6072536458,6121382597,5555542297,5979922522,False,1949353697,0.008043778631522214
1302,1773221400,5990237812,6066682867,5529959887,5932502122,False,1949353697,0.01276160603287915
1303,1773223200,5903224583,6002997180,5617567450,5906639747,False,1949353697,0.0169013723935429
1304,1773225000,5785331770,5908481846,5598522546,5830992021,False,1949353697,0.02128660565995509
1305,1773226800,5653794166,5814952930,5473966730,5729706380,False,1949353697,0.0285045332865413
1306,1773228600,5391037500,5605541138,5127638638,5486065513,False,1949353697,0.03978893450472196
1307,1773230400,5246756874,5525282638,5198395468,5443560846,False,1949353697,0.05308531931033784
1308,1773232200,5111776041,5725943257,5116222357,5573513032,True,1949353697,0.12014752036747144
1309,1773234000,5010497187,5303001984,4892689984,5200423984,False,1949353697,0.05837839760870821
1310,1773235800,4904040937,5610205736,5117780006,5487099303,True,1949353697,0.14399651391001428
1311,1773237600,4792474479,5119885788,4612615968,4993068333,False,1949353697,0.06831779917340693
1312,1773239400,4673821145,4928739295,4422346525,4802141102,False,1949353697,0.054541699840762736
1313,1773241200,4568790208,4798168509,4232328209,4656708434,False,1949353697,0.050205479034330834
1314,1773243000,4488051041,4681996890,4145273910,4547816145,False,1949353697,0.043213824269874204
1315,1773244800,4550709687,4792294480,4406864750,4695937048,False,1949353697,0.05308727860406798
1316,1773246600,4614803750,4864168611,4554209311,4786678786,False,1949353697,0.05403585385402359
1317,1773248400,4703220520,4856295159,4515308959,4771048609,False,1949353697,0.03254677052650723
1318,1773250200,4983632604,5087580353,4609677853,4968104728,False,1949353697,0.020857827464361777
1319,1773252000,5272027083,5135800594,4808913424,5054078801,False,1949353697,0.02583948960339588
1320,1773253800,5579758854,6178091386,5568370486,6025661161,False,1949353697,0.10723268651136586
1321,1773255600,5551173958,5644945573,5234633573,5542367573,False,1949353697,0.01689221337855253
1322,1773257400,5617733333,5638949250,5146523520,5515842817,False,1949353697,0.00377659738232363
1323,1773259200,5305398958,5378718698,4871448878,5251901243,False,1949353697,0.013819835337631172
1324,1773261000,4740380416,4939923667,4433530897,4813325475,False,1949353697,0.0420943539312774
1325,1773262800,4291108020,4392769053,3826928753,4251308978,False,1949353697,0.02369109156100899
1326,1773264600,3675429791,4255291792,3718568812,4121111047,True,1949353697,0.15776712764855533
1327,1773266400,3268247083,3991803215,3606373485,3895445782,True,1949353697,0.22138966657803333
1328,1773268200,2827943333,3513765127,3203805827,3436275302,True,1949353697,0.24251610207212027
1329,1773270000,2508771979,2993149124,2652162924,2907902574,True,1949353697,0.1930734036630437
1330,1773271800,2299569270,2810618954,2332716454,2691143329,True,1949353697,0.2222371340003165
1331,1773273600,2120409375,2614537742,2287650572,2532815950,True,1949353697,0.23303441912012862
1332,1773275400,2017971041,2401752086,1792031186,2249321861,False,1949353697,0.19018164146192026
1333,1773277200,1921797395,2316837236,1906525236,2214259236,False,1949353697,0.20555748593883383
1334,1773279000,1897331041,2281101998,1788676268,2157995566,False,1949353697,0.20226884434343684
1335,1773280800,1932045416,2374466657,1867196837,2247649202,False,1949353697,0.22899111860215196
1336,1773282600,2120352812,2554349335,2047956565,2427751143,False,1949353697,0.20468127782500378
1337,1773284400,2412008333,2830208994,2264368694,2688748919,False,1949353697,0.17338275961918082
1338,1773286200,2816913333,3216494695,2679771715,3082313950,False,1949353697,0.14185078302513754
1339,1773288000,3333414791,3146576841,2761147111,3050219408,False,1949353697,0.05605001528896138
1340,1773289800,3980901041,3784797275,3474837975,3707307450,False,1949353697,0.04926115067425511
1341,1773291600,4471097916,4306381150,3965394950,4221134600,False,1949353697,0.03684033968716153
1342,1773293400,4858931666,5290895307,4812992807,5171419682,False,1949353697,0.08890094998096645
1343,1773295200,5383414062,5208254077,4881366907,5126532285,False,1949353697,0.03253697058831214
1344,1773297000,5930561250,6558222517,5948501617,6405792292,True,1949353697,0.10583505346985499
1345,1773298800,6114339062,6163126365,5752814365,6060548365,False,1949353697,0.007979162180129683
1346,1773300600,6227975729,6202951436,5710525706,6079845003,False,1949353697,0.004018046005458349
1347,1773302400,6214081875,6228919882,5721650062,6102102427,False,1949353697,0.0023878035884424198
1348,1773304200,6148625208,6136897868,5630505098,6010299676,False,1949353697,0.0019073109196412741
1349,1773306000,6151138541,6103442189,5537601889,5961982114,False,1949353697,0.007754068890187268
1350,1773307800,6076261250,6477726971,5941003991,6343546226,False,1949353697,0.06607117509965524
1351,1773309600,6014758750,6032781560,5647351830,5936424127,False,1949353697,0.002996431070489735
1352,1773311400,5852606666,5912489525,5602530225,5834999700,False,1949353697,0.010231827016136608
1353,1773313200,5755627604,5837884305,5496898105,5752637755,False,1949353697,0.0142915259046353
1354,1773315000,5546776041,6000305668,5522403168,5880830043,False,1949353697,0.08176454640455169
1355,1773316800,5379880208,5541662362,5214775192,5459940570,False,1949353697,0.03007170192366484
1356,1773318600,5217200520,5765854623,5156133723,5613424398,False,1949353697,0.10516254855391297
1357,1773320400,5091884895,5254577708,4844265708,5151999708,False,1949353697,0.031951392530447216
1358,1773322200,5002009062,5403495026,4911069296,5280388594,False,1949353697,0.08026494135127979
1359,1773324000,4913629166,5279262355,4771992535,5152444900,False,1949353697,0.07441204385752379
1360,1773325800,4738764375,5111770519,4605377749,4985172326,False,1949353697,0.07871379846777041
1361,1773327600,4653760208,4961405452,4395565152,4819945377,False,1949353697,0.06610681046074215
1362,1773329400,4564826041,4814992052,4278269072,4680811307,False,1949353697,0.05480296702504725
1363,1773331200,4625536250,4526966451,4141536721,4430609018,False,1949353697,0.021309918174352217
1364,1773333000,4690037187,4581200324,4271241024,4503710499,False,1949353697,0.023205970157694614
1365,1773334800,4784733854,4603454073,4262467873,4518207523,False,1949353697,0.03788711901884606
1366,1773336600,5015836458,4792016656,4314114156,4672541031,False,1949353697,0.04462262752666486
1367,1773338400,5200860416,5127871696,4800984526,5046149904,False,1949353697,0.014033970182213789
1368,1773340200,5426282916,5826554196,5216833296,5674123971,False,1949353697,0.0737652802473228
1369,1773342000,5369662812,5451344203,5041032203,5348766203,False,1949353697,0.015211642492236251
1370,1773343800,5266068750,5669916860,5177491130,5546810427,False,1949353697,0.07668872724079039
1371,1773345600,4947494791,5328551086,4821281266,5201733631,False,1949353697,0.07702004976198873
1372,1773347400,4433871145,4894729374,4388336604,4768131182,False,1949353697,0.1039403748843044
1373,1773349200,3906455833,4363179954,3797339654,4221719879,False,1949353697,0.11691521433361615
1374,1773351000,3413096874,3863427200,3326704220,3729246455,False,1949353697,0.13194185299294847
1375,1773352800,3009672395,3420943614,3035513884,3324586181,True,1949353697,0.1366498292914701
1376,1773354600,2787838958,3023563361,2713604061,2946073536,False,1949353697,0.08455452648136787
1377,1773356400,2537338958,2946294937,2605308737,2861048387,True,1949353697,0.16117514678541423
1378,1773358200,2370204895,2372314937,1894412437,2252839312,False,1949353697,0.0008902361160637128
1379,1773360000,2213769583,2219145621,1892258451,2137423829,False,1949353697,0.0024284541811775357
1380,1773361800,2100993229,2093685953,1483965053,1941255728,False,1949353697,0.0034780102568336265
1381,1773363600,1987902083,1998449908,1588137908,1895871908,False,1949353697,0.0053060083241534585
1382,1773365400,1937359374,1944387283,1451961553,1821280851,False,1949353697,0.00362757116429551
1383,1773367200,1964339166,1993583722,1486313902,1866766267,False,1949353697,0.014887732478272034
1384,1773369000,2140176666,2158629536,1652236766,2032031343,False,1949353697,0.00862212465594651
1385,1773370800,2452481979,2398376182,1832535882,2256916107,False,1949353697,0.022061649163294422
1386,1773372600,2863900312,2813697724,2276974744,2679516979,False,1949353697,0.0175294467442343
1387,1773374400,3338688958,3310419892,2924990162,3214062459,False,1949353697,0.008467115791743066
1388,1773376200,3982731875,3978112789,3668153489,3900622964,False,1949353697,0.0011597782991605479
1389,1773378000,4520879583,4485157143,4144170943,4399910593,False,1949353697,0.007901657043538202
1390,1773379800,4901001458,4886618582,4408716082,4767142957,False,1949353697,0.0029346810286135605
1391,1773381600,5374144791,5367325645,5040438475,5285603853,False,1949353697,0.001268880215400955
1392,1773383400,5952921875,5872802617,5263081717,5720372392,False,1949353697,0.01345881227443456
1393,1773385200,6083592187,6055625097,5645313097,5953047097,False,1949353697,0.004597134249031805
1394,1773387000,6139091250,6107804750,5615379020,5984698317,False,1949353697,0.0050962754463048585
1395,1773388800,6152653645,6090628047,5583358227,5963810592,False,1949353697,0.010081113220212804
1396,1773390600,6041240625,6023026033,5516633263,5896427840,False,1949353697,0.003015041633108266
1397,1773392400,5985289583,6020390372,5454550072,5878930297,False,1949353697,0.005864509730606296
1398,1773394200,5922797083,5900771274,5364048294,5766590529,False,1949353697,0.003718818776219756
1399,1773396000,5840685729,5852592906,5467163176,5756235473,False,1949353697,0.0020386607930090875
1400,1773397800,5709910833,5732292037,5422332737,5654802212,False,1949353697,0.003919711647798336
1401,1773399600,5545065625,5583671377,5242685177,5498424827,False,1949353697,0.006962181263634729
1402,1773401400,5276501041,5362380507,4884478007,5242904882,False,1949353697,0.01627583607634884
1403,1773403200,5175619166,5301669014,4974781844,5219947221,False,1949353697,0.02435454463652475
1404,1773405000,5098932291,5211495198,4601774298,5059064973,False,1949353697,0.02207577990370298
1405,1773406800,4980517187,5129210087,4718898087,5026632087,False,1949353697,0.029854911531700733
1406,1773408600,4815761250,4970867643,4478441913,4847761210,False,1949353697,0.032208073645677515
1407,1773410400,4641133333,4771405301,4264135481,4644587846,False,1949353697,0.028068999240707656
1408,1773412200,4453749687,4577771085,4071378315,4451172893,False,1949353697,0.027846512874759144
1409,1773414000,4350935625,4459064161,3893223861,4317604086,False,1949353697,0.0248517894355194
1410,1773415800,4294417291,4390712445,3853989465,4256531700,False,1949353697,0.022423334174303464
1411,1773417600,4296041354,4427880208,4042450478,4331522776,False,1949353697,0.030688450863548183
1412,1773419400,4330140000,4446979638,4137020338,4369489813,False,1949353697,0.02698287768986684
1413,1773421200,4370396145,4456953339,4115967139,4371706789,False,1949353697,0.019805342840379977
1414,1773423000,4578570104,4628406518,4150504018,4508930893,False,1949353697,0.010884711354853157
1415,1773424800,4764507604,4823387407,4496500237,4741665614,False,1949353697,0.012358003784182857
1416,1773426600,4960272708,4983092356,4373371456,4830662131,False,1949353697,0.004600482542662652
1417,1773428400,4970717395,5001483993,4591171993,4898905993,False,1949353697,0.006189568940480874
1418,1773430200,5009258333,5048484797,4556059067,4925378365,False,1949353697,0.007830792782553025
1419,1773432000,4873675000,4875799248,4368529428,4748981793,False,1949353697,0.00043586164444695224
1420,1773433800,4623422604,4670310260,4163917490,4543712068,False,1949353697,0.010141330355445916
1421,1773435600,4163584687,4269535752,3703695452,4128075677,False,1949353697,0.025447078170599487
1422,1773437400,3730458020,3877854786,3341131806,3743674041,False,1949353697,0.039511707465883776
1423,1773439200,3337362500,3491747152,3106317422,3395389720,False,1949353697,0.046259479454209725
1424,1773441000,3081111458,3156360978,2846401678,3078871153,False,1949353697,0.02442284903540805
1425,1773442800,2811044270,2835405949,2494419749,2750159399,False,1949353697,0.008666415986397823
1426,1773444600,2616325416,2633247586,2155345086,2513771961,False,1949353697,0.0064679148459566085
1427,1773446400,2433880729,2454427766,2127540596,2372705973,False,1949353697,0.008442088700230634
1428,1773448200,2292877395,2304410842,1694689942,2151980617,False,1949353697,0.005030119371035973
1429,1773450000,2185064375,2204796660,1794484660,2102218660,False,1949353697,0.009030527990737116
1430,1773451800,2129730208,2140581059,1648155329,2017474626,False,1949353697,0.005094941584262864
1431,1773453600,2107316458,2120128374,1612858554,1993310919,False,1949353697,0.006079730432210197
1432,1773455400,2203198437,2205951730,1699558960,2079353538,False,1949353697,0.0012496799896740305
1433,1773457200,2351486250,2339373837,1773533537,2197913762,False,1949353697,0.005150960589286882
1434,1773459000,2539243854,2544305007,2007582027,2410124262,False,1949353697,0.0019931732795285917
1435,1773460800,2903234375,2876411384,2490981654,2780053951,False,1949353697,0.009239002965442637
1436,1773462600,3522861458,3501230366,3191271066,3423740541,False,1949353697,0.006140205130939327
1437,1773464400,4176674687,4139669139,3798682939,4054422589,False,1949353697,0.008860050344639159
1438,1773466200,4697633958,4707450309,4229547809,4587974684,False,1949353697,0.0020896372701161405
1439,1773468000,5111735625,5177608665,4850721495,5095886872,False,1949353697,0.01288662889329297
